To honour the JVM settings for this build a single-use Daemon process will be forked. For more on this, please refer to https://docs.gradle.org/8.14.1/userguide/gradle_daemon.html#sec:disabling_the_daemon in the Gradle documentation.
Daemon will be stopped at the end of the build 
Configuration on demand is an incubating feature.
> Task :gradle-plugin:shared:checkKotlinGradlePluginConfigurationErrors SKIPPED
> Task :gradle-plugin:settings-plugin:checkKotlinGradlePluginConfigurationErrors SKIPPED
> Task :gradle-plugin:settings-plugin:pluginDescriptors UP-TO-DATE
> Task :gradle-plugin:settings-plugin:processResources UP-TO-DATE
> Task :gradle-plugin:shared:compileKotlin UP-TO-DATE
> Task :gradle-plugin:shared:compileJava NO-SOURCE
> Task :gradle-plugin:shared:processResources NO-SOURCE
> Task :gradle-plugin:shared:classes UP-TO-DATE
> Task :gradle-plugin:shared:jar UP-TO-DATE
> Task :gradle-plugin:settings-plugin:compileKotlin UP-TO-DATE
> Task :gradle-plugin:settings-plugin:compileJava NO-SOURCE
> Task :gradle-plugin:settings-plugin:classes UP-TO-DATE
> Task :gradle-plugin:settings-plugin:jar UP-TO-DATE
> Task :gradle-plugin:react-native-gradle-plugin:checkKotlinGradlePluginConfigurationErrors SKIPPED
> Task :gradle-plugin:react-native-gradle-plugin:compileKotlin UP-TO-DATE
> Task :gradle-plugin:react-native-gradle-plugin:compileJava NO-SOURCE
> Task :gradle-plugin:react-native-gradle-plugin:pluginDescriptors UP-TO-DATE
> Task :gradle-plugin:react-native-gradle-plugin:processResources UP-TO-DATE
> Task :gradle-plugin:react-native-gradle-plugin:classes UP-TO-DATE
> Task :gradle-plugin:react-native-gradle-plugin:jar UP-TO-DATE

> Configure project :react-native-reanimated
Android gradle plugin: 8.8.2
Gradle: 8.14.1
WARNING: We recommend using a newer Android Gradle plugin to use compileSdk = 36

This Android Gradle plugin (8.8.2) was tested up to compileSdk = 35.

You are strongly encouraged to update your project to use a newer
Android Gradle plugin that has been tested with compileSdk = 36.

If you are already using the latest version of the Android Gradle plugin,
you may need to wait until a newer version with support for compileSdk = 36 is available.

For more information refer to the compatibility table:
https://d.android.com/r/tools/api-level-support

To suppress this warning, add/update
    android.suppressUnsupportedCompileSdk=35,36
to this project's gradle.properties.

> Task :react-native-get-random-values:preBuild UP-TO-DATE
> Task :outblock_react-native-code-push:preBuild UP-TO-DATE
> Task :instabug-reactnative:preBuild UP-TO-DATE
> Task :react-native-async-storage_async-storage:preBuild UP-TO-DATE
> Task :react-native-clipboard_clipboard:preBuild UP-TO-DATE
> Task :lottie-react-native:preBuild UP-TO-DATE
> Task :react-native-gesture-handler:preBuild UP-TO-DATE
> Task :instabug-reactnative:preDebugBuild UP-TO-DATE
> Task :react-native-gesture-handler:preDebugBuild UP-TO-DATE
> Task :react-native-async-storage_async-storage:preDebugBuild UP-TO-DATE
> Task :lottie-react-native:preDebugBuild UP-TO-DATE
> Task :outblock_react-native-code-push:preDebugBuild UP-TO-DATE
> Task :react-native-get-random-values:preDebugBuild UP-TO-DATE
> Task :react-native-clipboard_clipboard:preDebugBuild UP-TO-DATE
> Task :react-native-get-random-values:generateDebugResValues UP-TO-DATE
> Task :react-native-async-storage_async-storage:generateDebugResValues UP-TO-DATE
> Task :react-native-gesture-handler:generateDebugResValues UP-TO-DATE
> Task :react-native-clipboard_clipboard:generateDebugResValues UP-TO-DATE
> Task :outblock_react-native-code-push:generateDebugResValues UP-TO-DATE
> Task :instabug-reactnative:generateDebugResValues UP-TO-DATE
> Task :lottie-react-native:generateDebugResValues UP-TO-DATE
> Task :react-native-get-random-values:generateDebugResources UP-TO-DATE
> Task :react-native-async-storage_async-storage:generateDebugResources UP-TO-DATE
> Task :react-native-gesture-handler:generateDebugResources UP-TO-DATE
> Task :react-native-clipboard_clipboard:generateDebugResources UP-TO-DATE
> Task :outblock_react-native-code-push:generateDebugResources UP-TO-DATE
> Task :instabug-reactnative:generateDebugResources UP-TO-DATE
> Task :lottie-react-native:generateDebugResources UP-TO-DATE
> Task :app:generateAutolinkingPackageList UP-TO-DATE
> Task :react-native-clipboard_clipboard:packageDebugResources UP-TO-DATE
> Task :react-native-get-random-values:packageDebugResources UP-TO-DATE
> Task :react-native-gesture-handler:packageDebugResources UP-TO-DATE
> Task :outblock_react-native-code-push:packageDebugResources UP-TO-DATE
> Task :instabug-reactnative:packageDebugResources UP-TO-DATE
> Task :lottie-react-native:packageDebugResources UP-TO-DATE
> Task :react-native-async-storage_async-storage:packageDebugResources UP-TO-DATE
> Task :app:generateCodegenSchemaFromJavaScript UP-TO-DATE
> Task :react-native-screens:preBuild UP-TO-DATE
> Task :react-native-safe-area-context:preBuild UP-TO-DATE
> Task :react-native-reanimated:assertMinimalReactNativeVersionTask SKIPPED
> Task :react-native-svg:preBuild UP-TO-DATE
> Task :react-native-safe-area-context:preDebugBuild UP-TO-DATE
> Task :react-native-screens:preDebugBuild UP-TO-DATE
> Task :react-native-svg:preDebugBuild UP-TO-DATE
> Task :lottie-react-native:writeDebugAarMetadata UP-TO-DATE
> Task :outblock_react-native-code-push:writeDebugAarMetadata UP-TO-DATE
> Task :instabug-reactnative:writeDebugAarMetadata UP-TO-DATE
> Task :react-native-safe-area-context:generateDebugResValues UP-TO-DATE
> Task :react-native-async-storage_async-storage:writeDebugAarMetadata UP-TO-DATE
> Task :react-native-svg:generateDebugResValues UP-TO-DATE
> Task :react-native-screens:generateDebugResValues UP-TO-DATE
> Task :react-native-clipboard_clipboard:writeDebugAarMetadata UP-TO-DATE
> Task :react-native-gesture-handler:writeDebugAarMetadata UP-TO-DATE
> Task :react-native-get-random-values:writeDebugAarMetadata UP-TO-DATE
> Task :react-native-svg:generateDebugResources UP-TO-DATE
> Task :react-native-safe-area-context:generateDebugResources UP-TO-DATE
> Task :instabug-reactnative:extractDeepLinksDebug UP-TO-DATE
> Task :lottie-react-native:extractDeepLinksDebug UP-TO-DATE
> Task :outblock_react-native-code-push:extractDeepLinksDebug UP-TO-DATE
> Task :app:generateCodegenArtifactsFromSchema UP-TO-DATE
> Task :react-native-svg:packageDebugResources UP-TO-DATE
> Task :app:preBuild UP-TO-DATE
> Task :react-native-screens:generateDebugResources UP-TO-DATE
> Task :app:preDebugBuild UP-TO-DATE
> Task :react-native-safe-area-context:packageDebugResources UP-TO-DATE
> Task :instabug-reactnative:processDebugManifest UP-TO-DATE
> Task :outblock_react-native-code-push:processDebugManifest UP-TO-DATE
> Task :react-native-svg:writeDebugAarMetadata UP-TO-DATE
> Task :react-native-reanimated:prepareReanimatedHeadersForPrefabs UP-TO-DATE
> Task :react-native-safe-area-context:writeDebugAarMetadata UP-TO-DATE
> Task :app:mergeDebugNativeDebugMetadata NO-SOURCE
> Task :lottie-react-native:processDebugManifest UP-TO-DATE
> Task :app:checkKotlinGradlePluginConfigurationErrors SKIPPED
> Task :react-native-async-storage_async-storage:extractDeepLinksDebug UP-TO-DATE
> Task :react-native-clipboard_clipboard:extractDeepLinksDebug UP-TO-DATE
> Task :react-native-gesture-handler:extractDeepLinksDebug UP-TO-DATE
> Task :react-native-get-random-values:extractDeepLinksDebug UP-TO-DATE
> Task :react-native-safe-area-context:extractDeepLinksDebug UP-TO-DATE
> Task :react-native-async-storage_async-storage:processDebugManifest UP-TO-DATE
> Task :react-native-get-random-values:processDebugManifest UP-TO-DATE
> Task :react-native-safe-area-context:processDebugManifest UP-TO-DATE
> Task :react-native-svg:extractDeepLinksDebug UP-TO-DATE
> Task :react-native-clipboard_clipboard:processDebugManifest UP-TO-DATE
> Task :react-native-screens:packageDebugResources UP-TO-DATE
> Task :instabug-reactnative:compileDebugLibraryResources UP-TO-DATE
> Task :lottie-react-native:compileDebugLibraryResources UP-TO-DATE
> Task :outblock_react-native-code-push:compileDebugLibraryResources UP-TO-DATE
> Task :react-native-screens:writeDebugAarMetadata UP-TO-DATE
> Task :react-native-svg:processDebugManifest UP-TO-DATE
> Task :react-native-gesture-handler:processDebugManifest UP-TO-DATE
> Task :react-native-screens:extractDeepLinksDebug UP-TO-DATE
> Task :react-native-reanimated:prepareWorkletsHeadersForPrefabs UP-TO-DATE
> Task :react-native-async-storage_async-storage:compileDebugLibraryResources UP-TO-DATE
> Task :react-native-clipboard_clipboard:compileDebugLibraryResources UP-TO-DATE
> Task :react-native-reanimated:preBuild UP-TO-DATE
> Task :react-native-reanimated:preDebugBuild UP-TO-DATE
> Task :react-native-reanimated:generateDebugResValues UP-TO-DATE
> Task :react-native-async-storage_async-storage:parseDebugLocalResources UP-TO-DATE
> Task :react-native-clipboard_clipboard:parseDebugLocalResources UP-TO-DATE
> Task :react-native-screens:processDebugManifest UP-TO-DATE
> Task :react-native-reanimated:generateDebugResources UP-TO-DATE
> Task :react-native-gesture-handler:compileDebugLibraryResources UP-TO-DATE
> Task :react-native-reanimated:packageDebugResources UP-TO-DATE
> Task :react-native-gesture-handler:parseDebugLocalResources UP-TO-DATE
> Task :react-native-reanimated:writeDebugAarMetadata UP-TO-DATE
> Task :react-native-svg:parseDebugLocalResources UP-TO-DATE
> Task :react-native-reanimated:extractDeepLinksDebug UP-TO-DATE
> Task :react-native-reanimated:processDebugManifest UP-TO-DATE
> Task :react-native-reanimated:parseDebugLocalResources UP-TO-DATE
> Task :outblock_react-native-code-push:parseDebugLocalResources UP-TO-DATE
> Task :outblock_react-native-code-push:generateDebugRFile UP-TO-DATE
> Task :react-native-get-random-values:compileDebugLibraryResources UP-TO-DATE
> Task :react-native-get-random-values:parseDebugLocalResources UP-TO-DATE
> Task :lottie-react-native:parseDebugLocalResources UP-TO-DATE
> Task :react-native-get-random-values:generateDebugRFile UP-TO-DATE
> Task :react-native-safe-area-context:compileDebugLibraryResources UP-TO-DATE
> Task :react-native-safe-area-context:parseDebugLocalResources UP-TO-DATE
> Task :react-native-async-storage_async-storage:generateDebugRFile UP-TO-DATE
> Task :react-native-safe-area-context:generateDebugRFile UP-TO-DATE
> Task :outblock_react-native-code-push:generateDebugBuildConfig UP-TO-DATE
> Task :outblock_react-native-code-push:javaPreCompileDebug UP-TO-DATE
> Task :react-native-screens:compileDebugLibraryResources UP-TO-DATE
> Task :react-native-screens:parseDebugLocalResources UP-TO-DATE
> Task :instabug-reactnative:parseDebugLocalResources UP-TO-DATE
> Task :react-native-svg:generateDebugRFile UP-TO-DATE
> Task :react-native-svg:compileDebugLibraryResources UP-TO-DATE
> Task :react-native-async-storage_async-storage:generateDebugBuildConfig UP-TO-DATE
> Task :react-native-clipboard_clipboard:generateDebugRFile UP-TO-DATE
> Task :lottie-react-native:generateDebugRFile UP-TO-DATE
> Task :react-native-async-storage_async-storage:javaPreCompileDebug UP-TO-DATE
> Task :lottie-react-native:checkKotlinGradlePluginConfigurationErrors SKIPPED
> Task :react-native-clipboard_clipboard:generateDebugBuildConfig UP-TO-DATE
> Task :react-native-clipboard_clipboard:javaPreCompileDebug UP-TO-DATE
> Task :lottie-react-native:generateDebugBuildConfig UP-TO-DATE
> Task :outblock_react-native-code-push:compileDebugJavaWithJavac UP-TO-DATE
> Task :outblock_react-native-code-push:bundleLibCompileToJarDebug UP-TO-DATE
> Task :react-native-gesture-handler:checkKotlinGradlePluginConfigurationErrors SKIPPED
> Task :react-native-gesture-handler:generateDebugBuildConfig UP-TO-DATE
> Task :react-native-svg:generateDebugBuildConfig UP-TO-DATE
> Task :react-native-svg:javaPreCompileDebug UP-TO-DATE
> Task :react-native-async-storage_async-storage:compileDebugJavaWithJavac UP-TO-DATE
> Task :react-native-clipboard_clipboard:compileDebugJavaWithJavac UP-TO-DATE
> Task :react-native-async-storage_async-storage:bundleLibCompileToJarDebug UP-TO-DATE
> Task :react-native-clipboard_clipboard:bundleLibCompileToJarDebug UP-TO-DATE
> Task :react-native-gesture-handler:javaPreCompileDebug UP-TO-DATE
> Task :react-native-get-random-values:generateDebugBuildConfig UP-TO-DATE
> Task :react-native-safe-area-context:checkKotlinGradlePluginConfigurationErrors SKIPPED
> Task :react-native-reanimated:generateDebugRFile UP-TO-DATE
> Task :react-native-get-random-values:javaPreCompileDebug UP-TO-DATE
> Task :react-native-safe-area-context:generateDebugBuildConfig UP-TO-DATE
> Task :react-native-reanimated:compileDebugLibraryResources UP-TO-DATE
> Task :react-native-reanimated:generateDebugBuildConfig UP-TO-DATE
> Task :react-native-reanimated:javaPreCompileDebug UP-TO-DATE
> Task :react-native-reanimated:packageNdkLibs NO-SOURCE
> Task :instabug-reactnative:generateDebugRFile UP-TO-DATE
> Task :instabug-reactnative:generateDebugBuildConfig UP-TO-DATE
> Task :instabug-reactnative:javaPreCompileDebug UP-TO-DATE
> Task :react-native-get-random-values:compileDebugJavaWithJavac UP-TO-DATE
> Task :react-native-svg:compileDebugJavaWithJavac UP-TO-DATE
> Task :react-native-reanimated:compileDebugJavaWithJavac UP-TO-DATE
> Task :react-native-get-random-values:bundleLibCompileToJarDebug UP-TO-DATE
> Task :react-native-svg:bundleLibCompileToJarDebug UP-TO-DATE
> Task :react-native-reanimated:bundleLibCompileToJarDebug UP-TO-DATE
> Task :outblock_react-native-code-push:mergeDebugShaders UP-TO-DATE
> Task :react-native-async-storage_async-storage:mergeDebugShaders UP-TO-DATE
> Task :outblock_react-native-code-push:compileDebugShaders NO-SOURCE
> Task :react-native-async-storage_async-storage:compileDebugShaders NO-SOURCE
> Task :outblock_react-native-code-push:generateDebugAssets UP-TO-DATE
> Task :react-native-async-storage_async-storage:generateDebugAssets UP-TO-DATE
> Task :outblock_react-native-code-push:packageDebugAssets UP-TO-DATE
> Task :react-native-clipboard_clipboard:mergeDebugShaders UP-TO-DATE
> Task :react-native-async-storage_async-storage:packageDebugAssets UP-TO-DATE
> Task :react-native-clipboard_clipboard:compileDebugShaders NO-SOURCE
> Task :react-native-clipboard_clipboard:generateDebugAssets UP-TO-DATE
> Task :react-native-get-random-values:mergeDebugShaders UP-TO-DATE
> Task :react-native-clipboard_clipboard:packageDebugAssets UP-TO-DATE
> Task :react-native-get-random-values:compileDebugShaders NO-SOURCE
> Task :react-native-get-random-values:generateDebugAssets UP-TO-DATE
> Task :react-native-reanimated:mergeDebugShaders UP-TO-DATE
> Task :react-native-reanimated:compileDebugShaders NO-SOURCE
> Task :react-native-reanimated:generateDebugAssets UP-TO-DATE
> Task :react-native-reanimated:packageDebugAssets UP-TO-DATE
> Task :react-native-svg:mergeDebugShaders UP-TO-DATE
> Task :react-native-svg:compileDebugShaders NO-SOURCE
> Task :react-native-svg:generateDebugAssets UP-TO-DATE
> Task :react-native-svg:packageDebugAssets UP-TO-DATE
> Task :outblock_react-native-code-push:bundleLibRuntimeToJarDebug UP-TO-DATE
> Task :react-native-async-storage_async-storage:bundleLibRuntimeToJarDebug UP-TO-DATE
> Task :react-native-clipboard_clipboard:bundleLibRuntimeToJarDebug UP-TO-DATE
> Task :react-native-get-random-values:packageDebugAssets UP-TO-DATE
> Task :react-native-get-random-values:bundleLibRuntimeToJarDebug UP-TO-DATE
> Task :react-native-reanimated:bundleLibRuntimeToJarDebug UP-TO-DATE
> Task :react-native-svg:bundleLibRuntimeToJarDebug UP-TO-DATE
> Task :outblock_react-native-code-push:processDebugJavaRes NO-SOURCE
> Task :react-native-async-storage_async-storage:processDebugJavaRes NO-SOURCE
> Task :react-native-clipboard_clipboard:processDebugJavaRes NO-SOURCE
> Task :react-native-get-random-values:processDebugJavaRes NO-SOURCE
> Task :react-native-reanimated:processDebugJavaRes NO-SOURCE
> Task :react-native-svg:processDebugJavaRes NO-SOURCE
> Task :outblock_react-native-code-push:bundleLibRuntimeToDirDebug UP-TO-DATE
> Task :react-native-async-storage_async-storage:bundleLibRuntimeToDirDebug UP-TO-DATE
> Task :react-native-clipboard_clipboard:bundleLibRuntimeToDirDebug UP-TO-DATE
> Task :react-native-screens:generateDebugRFile UP-TO-DATE
> Task :react-native-screens:checkKotlinGradlePluginConfigurationErrors SKIPPED
> Task :react-native-gesture-handler:generateDebugRFile UP-TO-DATE
> Task :react-native-screens:generateDebugBuildConfig UP-TO-DATE
> Task :react-native-get-random-values:bundleLibRuntimeToDirDebug UP-TO-DATE
> Task :instabug-reactnative:compileDebugJavaWithJavac UP-TO-DATE
> Task :instabug-reactnative:bundleLibCompileToJarDebug UP-TO-DATE
> Task :instabug-reactnative:mergeDebugShaders UP-TO-DATE
> Task :instabug-reactnative:compileDebugShaders NO-SOURCE
> Task :instabug-reactnative:generateDebugAssets UP-TO-DATE
> Task :react-native-reanimated:bundleLibRuntimeToDirDebug UP-TO-DATE
> Task :instabug-reactnative:packageDebugAssets UP-TO-DATE
> Task :instabug-reactnative:bundleLibRuntimeToJarDebug UP-TO-DATE
> Task :instabug-reactnative:processDebugJavaRes NO-SOURCE
> Task :react-native-svg:bundleLibRuntimeToDirDebug UP-TO-DATE
> Task :instabug-reactnative:bundleLibRuntimeToDirDebug UP-TO-DATE
> Task :outblock_react-native-code-push:mergeDebugJniLibFolders UP-TO-DATE
> Task :outblock_react-native-code-push:mergeDebugNativeLibs NO-SOURCE
> Task :react-native-async-storage_async-storage:mergeDebugJniLibFolders UP-TO-DATE
> Task :outblock_react-native-code-push:copyDebugJniLibsProjectOnly UP-TO-DATE
> Task :react-native-async-storage_async-storage:mergeDebugNativeLibs NO-SOURCE
> Task :react-native-clipboard_clipboard:mergeDebugJniLibFolders UP-TO-DATE
> Task :react-native-async-storage_async-storage:copyDebugJniLibsProjectOnly UP-TO-DATE
> Task :react-native-clipboard_clipboard:mergeDebugNativeLibs NO-SOURCE
> Task :react-native-get-random-values:mergeDebugJniLibFolders UP-TO-DATE
> Task :react-native-clipboard_clipboard:copyDebugJniLibsProjectOnly UP-TO-DATE
> Task :react-native-get-random-values:mergeDebugNativeLibs NO-SOURCE
> Task :react-native-get-random-values:copyDebugJniLibsProjectOnly UP-TO-DATE
> Task :react-native-svg:mergeDebugJniLibFolders UP-TO-DATE
> Task :react-native-svg:mergeDebugNativeLibs NO-SOURCE
> Task :react-native-svg:copyDebugJniLibsProjectOnly UP-TO-DATE
> Task :outblock_react-native-code-push:stripDebugDebugSymbols NO-SOURCE
> Task :outblock_react-native-code-push:copyDebugJniLibsProjectAndLocalJars UP-TO-DATE
> Task :instabug-reactnative:mergeDebugJniLibFolders UP-TO-DATE
> Task :instabug-reactnative:mergeDebugNativeLibs NO-SOURCE
> Task :lottie-react-native:compileDebugKotlin UP-TO-DATE
> Task :react-native-safe-area-context:compileDebugKotlin UP-TO-DATE
> Task :instabug-reactnative:copyDebugJniLibsProjectOnly UP-TO-DATE
> Task :lottie-react-native:javaPreCompileDebug UP-TO-DATE
> Task :react-native-safe-area-context:javaPreCompileDebug UP-TO-DATE
> Task :instabug-reactnative:stripDebugDebugSymbols NO-SOURCE
> Task :outblock_react-native-code-push:extractDebugAnnotations UP-TO-DATE
> Task :instabug-reactnative:copyDebugJniLibsProjectAndLocalJars UP-TO-DATE
> Task :app:dataBindingMergeDependencyArtifactsDebug UP-TO-DATE
> Task :outblock_react-native-code-push:extractDeepLinksForAarDebug UP-TO-DATE
> Task :lottie-react-native:compileDebugJavaWithJavac UP-TO-DATE
> Task :lottie-react-native:bundleLibCompileToJarDebug UP-TO-DATE
> Task :instabug-reactnative:extractDebugAnnotations UP-TO-DATE
> Task :lottie-react-native:mergeDebugShaders UP-TO-DATE
> Task :lottie-react-native:compileDebugShaders NO-SOURCE
> Task :lottie-react-native:generateDebugAssets UP-TO-DATE
> Task :react-native-safe-area-context:compileDebugJavaWithJavac UP-TO-DATE
> Task :instabug-reactnative:extractDeepLinksForAarDebug UP-TO-DATE
> Task :lottie-react-native:packageDebugAssets UP-TO-DATE
> Task :react-native-safe-area-context:bundleLibCompileToJarDebug UP-TO-DATE
> Task :lottie-react-native:bundleLibRuntimeToJarDebug UP-TO-DATE
> Task :react-native-safe-area-context:mergeDebugShaders UP-TO-DATE
> Task :react-native-safe-area-context:compileDebugShaders NO-SOURCE
> Task :react-native-safe-area-context:generateDebugAssets UP-TO-DATE
> Task :react-native-safe-area-context:packageDebugAssets UP-TO-DATE
> Task :react-native-safe-area-context:bundleLibRuntimeToJarDebug UP-TO-DATE
> Task :lottie-react-native:processDebugJavaRes UP-TO-DATE
> Task :react-native-safe-area-context:processDebugJavaRes UP-TO-DATE
> Task :lottie-react-native:bundleLibRuntimeToDirDebug UP-TO-DATE
> Task :react-native-safe-area-context:bundleLibRuntimeToDirDebug UP-TO-DATE
> Task :lottie-react-native:mergeDebugJniLibFolders UP-TO-DATE
> Task :instabug-reactnative:mergeDebugGeneratedProguardFiles UP-TO-DATE
> Task :outblock_react-native-code-push:mergeDebugGeneratedProguardFiles UP-TO-DATE
> Task :react-native-safe-area-context:mergeDebugJniLibFolders UP-TO-DATE
> Task :lottie-react-native:mergeDebugNativeLibs NO-SOURCE
> Task :react-native-safe-area-context:mergeDebugNativeLibs NO-SOURCE
> Task :instabug-reactnative:mergeDebugConsumerProguardFiles UP-TO-DATE
> Task :lottie-react-native:copyDebugJniLibsProjectOnly UP-TO-DATE
> Task :react-native-safe-area-context:copyDebugJniLibsProjectOnly UP-TO-DATE
> Task :instabug-reactnative:prepareDebugArtProfile UP-TO-DATE
> Task :lottie-react-native:stripDebugDebugSymbols NO-SOURCE
> Task :instabug-reactnative:prepareLintJarForPublish UP-TO-DATE
> Task :outblock_react-native-code-push:mergeDebugConsumerProguardFiles UP-TO-DATE
> Task :lottie-react-native:copyDebugJniLibsProjectAndLocalJars UP-TO-DATE
> Task :outblock_react-native-code-push:prepareDebugArtProfile UP-TO-DATE
> Task :outblock_react-native-code-push:prepareLintJarForPublish UP-TO-DATE
> Task :instabug-reactnative:mergeDebugJavaResource UP-TO-DATE
> Task :outblock_react-native-code-push:mergeDebugJavaResource UP-TO-DATE
> Task :react-native-async-storage_async-storage:stripDebugDebugSymbols NO-SOURCE
> Task :react-native-gesture-handler:compileDebugKotlin UP-TO-DATE
> Task :instabug-reactnative:syncDebugLibJars UP-TO-DATE
> Task :react-native-async-storage_async-storage:copyDebugJniLibsProjectAndLocalJars UP-TO-DATE
> Task :outblock_react-native-code-push:syncDebugLibJars UP-TO-DATE
> Task :lottie-react-native:extractDebugAnnotations UP-TO-DATE
> Task :instabug-reactnative:bundleDebugAar UP-TO-DATE
> Task :lottie-react-native:extractDeepLinksForAarDebug UP-TO-DATE
> Task :instabug-reactnative:assembleDebug UP-TO-DATE
> Task :outblock_react-native-code-push:bundleDebugAar UP-TO-DATE
> Task :outblock_react-native-code-push:assembleDebug UP-TO-DATE
> Task :react-native-clipboard_clipboard:stripDebugDebugSymbols NO-SOURCE
> Task :react-native-get-random-values:stripDebugDebugSymbols NO-SOURCE
> Task :lottie-react-native:mergeDebugGeneratedProguardFiles UP-TO-DATE
> Task :react-native-clipboard_clipboard:copyDebugJniLibsProjectAndLocalJars UP-TO-DATE
> Task :react-native-get-random-values:copyDebugJniLibsProjectAndLocalJars UP-TO-DATE
> Task :lottie-react-native:mergeDebugConsumerProguardFiles UP-TO-DATE
> Task :react-native-async-storage_async-storage:extractDebugAnnotations UP-TO-DATE
> Task :lottie-react-native:prepareDebugArtProfile UP-TO-DATE
> Task :lottie-react-native:prepareLintJarForPublish UP-TO-DATE
> Task :react-native-async-storage_async-storage:extractDeepLinksForAarDebug UP-TO-DATE
> Task :react-native-async-storage_async-storage:mergeDebugGeneratedProguardFiles UP-TO-DATE
> Task :lottie-react-native:mergeDebugJavaResource UP-TO-DATE
> Task :react-native-async-storage_async-storage:mergeDebugConsumerProguardFiles UP-TO-DATE
> Task :react-native-async-storage_async-storage:prepareDebugArtProfile UP-TO-DATE
> Task :react-native-clipboard_clipboard:extractDebugAnnotations UP-TO-DATE
> Task :react-native-async-storage_async-storage:prepareLintJarForPublish UP-TO-DATE
> Task :react-native-get-random-values:extractDebugAnnotations UP-TO-DATE
> Task :react-native-gesture-handler:compileDebugJavaWithJavac UP-TO-DATE
> Task :lottie-react-native:syncDebugLibJars UP-TO-DATE
> Task :react-native-clipboard_clipboard:extractDeepLinksForAarDebug UP-TO-DATE
> Task :react-native-get-random-values:extractDeepLinksForAarDebug UP-TO-DATE
> Task :react-native-async-storage_async-storage:mergeDebugJavaResource UP-TO-DATE
> Task :react-native-clipboard_clipboard:mergeDebugGeneratedProguardFiles UP-TO-DATE
> Task :react-native-get-random-values:mergeDebugGeneratedProguardFiles UP-TO-DATE
> Task :react-native-gesture-handler:bundleLibCompileToJarDebug UP-TO-DATE
> Task :lottie-react-native:bundleDebugAar UP-TO-DATE
> Task :lottie-react-native:assembleDebug UP-TO-DATE
> Task :react-native-async-storage_async-storage:syncDebugLibJars UP-TO-DATE
> Task :react-native-gesture-handler:mergeDebugShaders UP-TO-DATE
> Task :react-native-safe-area-context:stripDebugDebugSymbols NO-SOURCE
> Task :react-native-gesture-handler:compileDebugShaders NO-SOURCE
> Task :react-native-gesture-handler:generateDebugAssets UP-TO-DATE
> Task :react-native-get-random-values:mergeDebugConsumerProguardFiles UP-TO-DATE
> Task :react-native-safe-area-context:copyDebugJniLibsProjectAndLocalJars UP-TO-DATE
> Task :react-native-clipboard_clipboard:mergeDebugConsumerProguardFiles UP-TO-DATE
> Task :react-native-async-storage_async-storage:bundleDebugAar UP-TO-DATE
> Task :react-native-async-storage_async-storage:assembleDebug UP-TO-DATE
> Task :react-native-gesture-handler:packageDebugAssets UP-TO-DATE
> Task :react-native-clipboard_clipboard:prepareDebugArtProfile UP-TO-DATE
> Task :react-native-get-random-values:prepareDebugArtProfile UP-TO-DATE
> Task :react-native-svg:stripDebugDebugSymbols NO-SOURCE
> Task :react-native-gesture-handler:bundleLibRuntimeToJarDebug UP-TO-DATE
> Task :react-native-get-random-values:prepareLintJarForPublish UP-TO-DATE
> Task :react-native-clipboard_clipboard:prepareLintJarForPublish UP-TO-DATE
> Task :react-native-svg:copyDebugJniLibsProjectAndLocalJars UP-TO-DATE
> Task :react-native-get-random-values:mergeDebugJavaResource UP-TO-DATE
> Task :react-native-safe-area-context:extractDebugAnnotations UP-TO-DATE
> Task :react-native-clipboard_clipboard:mergeDebugJavaResource UP-TO-DATE
> Task :react-native-gesture-handler:processDebugJavaRes UP-TO-DATE
> Task :react-native-safe-area-context:extractDeepLinksForAarDebug UP-TO-DATE
> Task :react-native-get-random-values:syncDebugLibJars UP-TO-DATE
> Task :react-native-clipboard_clipboard:syncDebugLibJars UP-TO-DATE
> Task :react-native-safe-area-context:mergeDebugGeneratedProguardFiles UP-TO-DATE
> Task :react-native-get-random-values:bundleDebugAar UP-TO-DATE
> Task :react-native-clipboard_clipboard:bundleDebugAar UP-TO-DATE
> Task :react-native-safe-area-context:mergeDebugConsumerProguardFiles UP-TO-DATE
> Task :react-native-get-random-values:assembleDebug UP-TO-DATE
> Task :react-native-clipboard_clipboard:assembleDebug UP-TO-DATE
> Task :react-native-safe-area-context:prepareDebugArtProfile UP-TO-DATE
> Task :react-native-safe-area-context:prepareLintJarForPublish UP-TO-DATE
> Task :react-native-svg:extractDebugAnnotations UP-TO-DATE
> Task :react-native-svg:extractDeepLinksForAarDebug UP-TO-DATE
> Task :react-native-safe-area-context:mergeDebugJavaResource UP-TO-DATE
> Task :react-native-svg:mergeDebugGeneratedProguardFiles UP-TO-DATE
> Task :react-native-gesture-handler:bundleLibRuntimeToDirDebug UP-TO-DATE
> Task :react-native-safe-area-context:syncDebugLibJars UP-TO-DATE
> Task :react-native-svg:mergeDebugConsumerProguardFiles UP-TO-DATE
> Task :react-native-gesture-handler:mergeDebugJniLibFolders UP-TO-DATE
> Task :react-native-svg:prepareDebugArtProfile UP-TO-DATE
> Task :react-native-safe-area-context:bundleDebugAar UP-TO-DATE
> Task :react-native-svg:prepareLintJarForPublish UP-TO-DATE
> Task :react-native-safe-area-context:assembleDebug UP-TO-DATE
> Task :react-native-gesture-handler:mergeDebugNativeLibs NO-SOURCE
> Task :react-native-gesture-handler:copyDebugJniLibsProjectOnly UP-TO-DATE
> Task :react-native-gesture-handler:stripDebugDebugSymbols NO-SOURCE
> Task :app:generateDebugResValues
> Task :react-native-gesture-handler:copyDebugJniLibsProjectAndLocalJars UP-TO-DATE
> Task :react-native-gesture-handler:extractDebugAnnotations UP-TO-DATE
> Task :react-native-gesture-handler:extractDeepLinksForAarDebug UP-TO-DATE
> Task :react-native-gesture-handler:mergeDebugGeneratedProguardFiles UP-TO-DATE
> Task :react-native-gesture-handler:mergeDebugConsumerProguardFiles UP-TO-DATE
> Task :react-native-gesture-handler:prepareDebugArtProfile UP-TO-DATE
> Task :react-native-gesture-handler:prepareLintJarForPublish UP-TO-DATE
> Task :app:generateDebugResources UP-TO-DATE
> Task :app:injectCrashlyticsMappingFileIdDebug UP-TO-DATE
> Task :app:processDebugGoogleServices UP-TO-DATE
> Task :react-native-svg:mergeDebugJavaResource UP-TO-DATE
> Task :react-native-gesture-handler:mergeDebugJavaResource UP-TO-DATE
> Task :react-native-screens:compileDebugKotlin UP-TO-DATE
> Task :react-native-svg:syncDebugLibJars UP-TO-DATE
> Task :react-native-screens:javaPreCompileDebug UP-TO-DATE
> Task :react-native-gesture-handler:syncDebugLibJars UP-TO-DATE
> Task :react-native-svg:bundleDebugAar UP-TO-DATE
> Task :react-native-svg:assembleDebug UP-TO-DATE
> Task :react-native-gesture-handler:bundleDebugAar UP-TO-DATE
> Task :react-native-gesture-handler:assembleDebug UP-TO-DATE
> Task :react-native-screens:compileDebugJavaWithJavac UP-TO-DATE
> Task :react-native-screens:bundleLibCompileToJarDebug UP-TO-DATE
> Task :react-native-screens:mergeDebugShaders UP-TO-DATE
> Task :react-native-screens:compileDebugShaders NO-SOURCE
> Task :react-native-screens:generateDebugAssets UP-TO-DATE
> Task :react-native-screens:packageDebugAssets UP-TO-DATE
> Task :react-native-screens:bundleLibRuntimeToJarDebug UP-TO-DATE
> Task :react-native-screens:processDebugJavaRes UP-TO-DATE
> Task :react-native-screens:bundleLibRuntimeToDirDebug UP-TO-DATE
> Task :react-native-reanimated:configureCMakeDebug[arm64-v8a]
> Task :react-native-screens:configureCMakeDebug[arm64-v8a]
> Task :react-native-screens:buildCMakeDebug[arm64-v8a]
> Task :react-native-screens:configureCMakeDebug[armeabi-v7a]
> Task :react-native-screens:buildCMakeDebug[armeabi-v7a]
> Task :react-native-screens:configureCMakeDebug[x86]
> Task :react-native-reanimated:buildCMakeDebug[arm64-v8a][reanimated,worklets]
> Task :react-native-screens:buildCMakeDebug[x86]
> Task :react-native-screens:configureCMakeDebug[x86_64]
> Task :react-native-screens:buildCMakeDebug[x86_64]
> Task :react-native-screens:mergeDebugJniLibFolders UP-TO-DATE
> Task :react-native-screens:mergeDebugNativeLibs UP-TO-DATE
> Task :react-native-screens:copyDebugJniLibsProjectOnly UP-TO-DATE
> Task :react-native-screens:stripDebugDebugSymbols UP-TO-DATE
> Task :react-native-screens:copyDebugJniLibsProjectAndLocalJars UP-TO-DATE
> Task :react-native-screens:extractDebugAnnotations UP-TO-DATE
> Task :react-native-screens:extractDeepLinksForAarDebug UP-TO-DATE
> Task :react-native-screens:mergeDebugGeneratedProguardFiles UP-TO-DATE
> Task :react-native-screens:mergeDebugConsumerProguardFiles UP-TO-DATE
> Task :react-native-screens:prepareDebugArtProfile UP-TO-DATE
> Task :react-native-screens:prepareLintJarForPublish UP-TO-DATE
> Task :react-native-screens:mergeDebugJavaResource UP-TO-DATE
> Task :react-native-screens:syncDebugLibJars UP-TO-DATE
> Task :react-native-screens:bundleDebugAar UP-TO-DATE
> Task :react-native-screens:assembleDebug UP-TO-DATE
> Task :react-native-reanimated:configureCMakeDebug[armeabi-v7a]
> Task :app:dataBindingTriggerDebug UP-TO-DATE
> Task :app:generateDebugBuildConfig UP-TO-DATE
> Task :app:checkDebugAarMetadata UP-TO-DATE
> Task :app:mapDebugSourceSetPaths UP-TO-DATE
> Task :app:createDebugCompatibleScreenManifests UP-TO-DATE
> Task :app:extractDeepLinksDebug UP-TO-DATE
> Task :app:processDebugMainManifest UP-TO-DATE
> Task :app:processDebugManifest UP-TO-DATE
> Task :app:processDebugManifestForPackage UP-TO-DATE
> Task :app:javaPreCompileDebug UP-TO-DATE
> Task :app:mergeDebugShaders UP-TO-DATE
> Task :app:compileDebugShaders NO-SOURCE
> Task :app:generateDebugAssets UP-TO-DATE
> Task :app:mergeDebugAssets UP-TO-DATE
> Task :app:compressDebugAssets UP-TO-DATE
> Task :app:desugarDebugFileDependencies UP-TO-DATE
> Task :app:mergeDebugJniLibFolders UP-TO-DATE
> Task :app:validateSigningDebug UP-TO-DATE
> Task :app:writeDebugAppMetadata UP-TO-DATE
> Task :app:writeDebugSigningConfigVersions UP-TO-DATE
> Task :app:checkDebugDuplicateClasses FAILED
> Task :app:mergeDebugResources
> Task :react-native-reanimated:buildCMakeDebug[armeabi-v7a][reanimated,worklets]

[Incubating] Problems report is available at: file:///Users/lealobanov/Desktop/Projects/FRW-monorepo/apps/react-native/android/build/reports/problems/problems-report.html

FAILURE: Build failed with an exception.

* What went wrong:
Execution failed for task ':app:checkDebugDuplicateClasses'.
> A failure occurred while executing com.android.build.gradle.internal.tasks.CheckDuplicatesRunnable
   > Duplicate class org.bouncycastle.asn1.bsi.BSIObjectIdentifiers found in modules bcutil-jdk15on-1.69.jar -> jetified-bcutil-jdk15on-1.69 (org.bouncycastle:bcutil-jdk15on:1.69) and bcutil-jdk15to18-1.72.jar -> jetified-bcutil-jdk15to18-1.72 (org.bouncycastle:bcutil-jdk15to18:1.72)
     Duplicate class org.bouncycastle.asn1.cmc.BodyPartID found in modules bcutil-jdk15on-1.69.jar -> jetified-bcutil-jdk15on-1.69 (org.bouncycastle:bcutil-jdk15on:1.69) and bcutil-jdk15to18-1.72.jar -> jetified-bcutil-jdk15to18-1.72 (org.bouncycastle:bcutil-jdk15to18:1.72)
     Duplicate class org.bouncycastle.asn1.cmc.BodyPartList found in modules bcutil-jdk15on-1.69.jar -> jetified-bcutil-jdk15on-1.69 (org.bouncycastle:bcutil-jdk15on:1.69) and bcutil-jdk15to18-1.72.jar -> jetified-bcutil-jdk15to18-1.72 (org.bouncycastle:bcutil-jdk15to18:1.72)
     Duplicate class org.bouncycastle.asn1.cmc.BodyPartPath found in modules bcutil-jdk15on-1.69.jar -> jetified-bcutil-jdk15on-1.69 (org.bouncycastle:bcutil-jdk15on:1.69) and bcutil-jdk15to18-1.72.jar -> jetified-bcutil-jdk15to18-1.72 (org.bouncycastle:bcutil-jdk15to18:1.72)
     Duplicate class org.bouncycastle.asn1.cmc.BodyPartReference found in modules bcutil-jdk15on-1.69.jar -> jetified-bcutil-jdk15on-1.69 (org.bouncycastle:bcutil-jdk15on:1.69) and bcutil-jdk15to18-1.72.jar -> jetified-bcutil-jdk15to18-1.72 (org.bouncycastle:bcutil-jdk15to18:1.72)
     Duplicate class org.bouncycastle.asn1.cmc.CMCFailInfo found in modules bcutil-jdk15on-1.69.jar -> jetified-bcutil-jdk15on-1.69 (org.bouncycastle:bcutil-jdk15on:1.69) and bcutil-jdk15to18-1.72.jar -> jetified-bcutil-jdk15to18-1.72 (org.bouncycastle:bcutil-jdk15to18:1.72)
     Duplicate class org.bouncycastle.asn1.cmc.CMCObjectIdentifiers found in modules bcutil-jdk15on-1.69.jar -> jetified-bcutil-jdk15on-1.69 (org.bouncycastle:bcutil-jdk15on:1.69) and bcutil-jdk15to18-1.72.jar -> jetified-bcutil-jdk15to18-1.72 (org.bouncycastle:bcutil-jdk15to18:1.72)
     Duplicate class org.bouncycastle.asn1.cmc.CMCPublicationInfo found in modules bcutil-jdk15on-1.69.jar -> jetified-bcutil-jdk15on-1.69 (org.bouncycastle:bcutil-jdk15on:1.69) and bcutil-jdk15to18-1.72.jar -> jetified-bcutil-jdk15to18-1.72 (org.bouncycastle:bcutil-jdk15to18:1.72)
     Duplicate class org.bouncycastle.asn1.cmc.CMCStatus found in modules bcutil-jdk15on-1.69.jar -> jetified-bcutil-jdk15on-1.69 (org.bouncycastle:bcutil-jdk15on:1.69) and bcutil-jdk15to18-1.72.jar -> jetified-bcutil-jdk15to18-1.72 (org.bouncycastle:bcutil-jdk15to18:1.72)
     Duplicate class org.bouncycastle.asn1.cmc.CMCStatusInfo found in modules bcutil-jdk15on-1.69.jar -> jetified-bcutil-jdk15on-1.69 (org.bouncycastle:bcutil-jdk15on:1.69) and bcutil-jdk15to18-1.72.jar -> jetified-bcutil-jdk15to18-1.72 (org.bouncycastle:bcutil-jdk15to18:1.72)
     Duplicate class org.bouncycastle.asn1.cmc.CMCStatusInfo$OtherInfo found in modules bcutil-jdk15on-1.69.jar -> jetified-bcutil-jdk15on-1.69 (org.bouncycastle:bcutil-jdk15on:1.69) and bcutil-jdk15to18-1.72.jar -> jetified-bcutil-jdk15to18-1.72 (org.bouncycastle:bcutil-jdk15to18:1.72)
     Duplicate class org.bouncycastle.asn1.cmc.CMCStatusInfoBuilder found in modules bcutil-jdk15on-1.69.jar -> jetified-bcutil-jdk15on-1.69 (org.bouncycastle:bcutil-jdk15on:1.69) and bcutil-jdk15to18-1.72.jar -> jetified-bcutil-jdk15to18-1.72 (org.bouncycastle:bcutil-jdk15to18:1.72)
     Duplicate class org.bouncycastle.asn1.cmc.CMCStatusInfoV2 found in modules bcutil-jdk15on-1.69.jar -> jetified-bcutil-jdk15on-1.69 (org.bouncycastle:bcutil-jdk15on:1.69) and bcutil-jdk15to18-1.72.jar -> jetified-bcutil-jdk15to18-1.72 (org.bouncycastle:bcutil-jdk15to18:1.72)
     Duplicate class org.bouncycastle.asn1.cmc.CMCStatusInfoV2Builder found in modules bcutil-jdk15on-1.69.jar -> jetified-bcutil-jdk15on-1.69 (org.bouncycastle:bcutil-jdk15on:1.69) and bcutil-jdk15to18-1.72.jar -> jetified-bcutil-jdk15to18-1.72 (org.bouncycastle:bcutil-jdk15to18:1.72)
     Duplicate class org.bouncycastle.asn1.cmc.CMCUnsignedData found in modules bcutil-jdk15on-1.69.jar -> jetified-bcutil-jdk15on-1.69 (org.bouncycastle:bcutil-jdk15on:1.69) and bcutil-jdk15to18-1.72.jar -> jetified-bcutil-jdk15to18-1.72 (org.bouncycastle:bcutil-jdk15to18:1.72)
     Duplicate class org.bouncycastle.asn1.cmc.CertificationRequest found in modules bcutil-jdk15on-1.69.jar -> jetified-bcutil-jdk15on-1.69 (org.bouncycastle:bcutil-jdk15on:1.69) and bcutil-jdk15to18-1.72.jar -> jetified-bcutil-jdk15to18-1.72 (org.bouncycastle:bcutil-jdk15to18:1.72)
     Duplicate class org.bouncycastle.asn1.cmc.CertificationRequest$1 found in modules bcutil-jdk15on-1.69.jar -> jetified-bcutil-jdk15on-1.69 (org.bouncycastle:bcutil-jdk15on:1.69) and bcutil-jdk15to18-1.72.jar -> jetified-bcutil-jdk15to18-1.72 (org.bouncycastle:bcutil-jdk15to18:1.72)
     Duplicate class org.bouncycastle.asn1.cmc.CertificationRequest$CertificationRequestInfo found in modules bcutil-jdk15on-1.69.jar -> jetified-bcutil-jdk15on-1.69 (org.bouncycastle:bcutil-jdk15on:1.69) and bcutil-jdk15to18-1.72.jar -> jetified-bcutil-jdk15to18-1.72 (org.bouncycastle:bcutil-jdk15to18:1.72)
     Duplicate class org.bouncycastle.asn1.cmc.ControlsProcessed found in modules bcutil-jdk15on-1.69.jar -> jetified-bcutil-jdk15on-1.69 (org.bouncycastle:bcutil-jdk15on:1.69) and bcutil-jdk15to18-1.72.jar -> jetified-bcutil-jdk15to18-1.72 (org.bouncycastle:bcutil-jdk15to18:1.72)
     Duplicate class org.bouncycastle.asn1.cmc.DecryptedPOP found in modules bcutil-jdk15on-1.69.jar -> jetified-bcutil-jdk15on-1.69 (org.bouncycastle:bcutil-jdk15on:1.69) and bcutil-jdk15to18-1.72.jar -> jetified-bcutil-jdk15to18-1.72 (org.bouncycastle:bcutil-jdk15to18:1.72)
     Duplicate class org.bouncycastle.asn1.cmc.EncryptedPOP found in modules bcutil-jdk15on-1.69.jar -> jetified-bcutil-jdk15on-1.69 (org.bouncycastle:bcutil-jdk15on:1.69) and bcutil-jdk15to18-1.72.jar -> jetified-bcutil-jdk15to18-1.72 (org.bouncycastle:bcutil-jdk15to18:1.72)
     Duplicate class org.bouncycastle.asn1.cmc.ExtendedFailInfo found in modules bcutil-jdk15on-1.69.jar -> jetified-bcutil-jdk15on-1.69 (org.bouncycastle:bcutil-jdk15on:1.69) and bcutil-jdk15to18-1.72.jar -> jetified-bcutil-jdk15to18-1.72 (org.bouncycastle:bcutil-jdk15to18:1.72)
     Duplicate class org.bouncycastle.asn1.cmc.ExtensionReq found in modules bcutil-jdk15on-1.69.jar -> jetified-bcutil-jdk15on-1.69 (org.bouncycastle:bcutil-jdk15on:1.69) and bcutil-jdk15to18-1.72.jar -> jetified-bcutil-jdk15to18-1.72 (org.bouncycastle:bcutil-jdk15to18:1.72)
     Duplicate class org.bouncycastle.asn1.cmc.GetCRL found in modules bcutil-jdk15on-1.69.jar -> jetified-bcutil-jdk15on-1.69 (org.bouncycastle:bcutil-jdk15on:1.69) and bcutil-jdk15to18-1.72.jar -> jetified-bcutil-jdk15to18-1.72 (org.bouncycastle:bcutil-jdk15to18:1.72)
     Duplicate class org.bouncycastle.asn1.cmc.GetCert found in modules bcutil-jdk15on-1.69.jar -> jetified-bcutil-jdk15on-1.69 (org.bouncycastle:bcutil-jdk15on:1.69) and bcutil-jdk15to18-1.72.jar -> jetified-bcutil-jdk15to18-1.72 (org.bouncycastle:bcutil-jdk15to18:1.72)
     Duplicate class org.bouncycastle.asn1.cmc.IdentityProofV2 found in modules bcutil-jdk15on-1.69.jar -> jetified-bcutil-jdk15on-1.69 (org.bouncycastle:bcutil-jdk15on:1.69) and bcutil-jdk15to18-1.72.jar -> jetified-bcutil-jdk15to18-1.72 (org.bouncycastle:bcutil-jdk15to18:1.72)
     Duplicate class org.bouncycastle.asn1.cmc.LraPopWitness found in modules bcutil-jdk15on-1.69.jar -> jetified-bcutil-jdk15on-1.69 (org.bouncycastle:bcutil-jdk15on:1.69) and bcutil-jdk15to18-1.72.jar -> jetified-bcutil-jdk15to18-1.72 (org.bouncycastle:bcutil-jdk15to18:1.72)
     Duplicate class org.bouncycastle.asn1.cmc.ModCertTemplate found in modules bcutil-jdk15on-1.69.jar -> jetified-bcutil-jdk15on-1.69 (org.bouncycastle:bcutil-jdk15on:1.69) and bcutil-jdk15to18-1.72.jar -> jetified-bcutil-jdk15to18-1.72 (org.bouncycastle:bcutil-jdk15to18:1.72)
     Duplicate class org.bouncycastle.asn1.cmc.OtherMsg found in modules bcutil-jdk15on-1.69.jar -> jetified-bcutil-jdk15on-1.69 (org.bouncycastle:bcutil-jdk15on:1.69) and bcutil-jdk15to18-1.72.jar -> jetified-bcutil-jdk15to18-1.72 (org.bouncycastle:bcutil-jdk15to18:1.72)
     Duplicate class org.bouncycastle.asn1.cmc.OtherStatusInfo found in modules bcutil-jdk15on-1.69.jar -> jetified-bcutil-jdk15on-1.69 (org.bouncycastle:bcutil-jdk15on:1.69) and bcutil-jdk15to18-1.72.jar -> jetified-bcutil-jdk15to18-1.72 (org.bouncycastle:bcutil-jdk15to18:1.72)
     Duplicate class org.bouncycastle.asn1.cmc.PKIData found in modules bcutil-jdk15on-1.69.jar -> jetified-bcutil-jdk15on-1.69 (org.bouncycastle:bcutil-jdk15on:1.69) and bcutil-jdk15to18-1.72.jar -> jetified-bcutil-jdk15to18-1.72 (org.bouncycastle:bcutil-jdk15to18:1.72)
     Duplicate class org.bouncycastle.asn1.cmc.PKIResponse found in modules bcutil-jdk15on-1.69.jar -> jetified-bcutil-jdk15on-1.69 (org.bouncycastle:bcutil-jdk15on:1.69) and bcutil-jdk15to18-1.72.jar -> jetified-bcutil-jdk15to18-1.72 (org.bouncycastle:bcutil-jdk15to18:1.72)
     Duplicate class org.bouncycastle.asn1.cmc.PendInfo found in modules bcutil-jdk15on-1.69.jar -> jetified-bcutil-jdk15on-1.69 (org.bouncycastle:bcutil-jdk15on:1.69) and bcutil-jdk15to18-1.72.jar -> jetified-bcutil-jdk15to18-1.72 (org.bouncycastle:bcutil-jdk15to18:1.72)
     Duplicate class org.bouncycastle.asn1.cmc.PopLinkWitnessV2 found in modules bcutil-jdk15on-1.69.jar -> jetified-bcutil-jdk15on-1.69 (org.bouncycastle:bcutil-jdk15on:1.69) and bcutil-jdk15to18-1.72.jar -> jetified-bcutil-jdk15to18-1.72 (org.bouncycastle:bcutil-jdk15to18:1.72)
     Duplicate class org.bouncycastle.asn1.cmc.PublishTrustAnchors found in modules bcutil-jdk15on-1.69.jar -> jetified-bcutil-jdk15on-1.69 (org.bouncycastle:bcutil-jdk15on:1.69) and bcutil-jdk15to18-1.72.jar -> jetified-bcutil-jdk15to18-1.72 (org.bouncycastle:bcutil-jdk15to18:1.72)
     Duplicate class org.bouncycastle.asn1.cmc.RevokeRequest found in modules bcutil-jdk15on-1.69.jar -> jetified-bcutil-jdk15on-1.69 (org.bouncycastle:bcutil-jdk15on:1.69) and bcutil-jdk15to18-1.72.jar -> jetified-bcutil-jdk15to18-1.72 (org.bouncycastle:bcutil-jdk15to18:1.72)
     Duplicate class org.bouncycastle.asn1.cmc.TaggedAttribute found in modules bcutil-jdk15on-1.69.jar -> jetified-bcutil-jdk15on-1.69 (org.bouncycastle:bcutil-jdk15on:1.69) and bcutil-jdk15to18-1.72.jar -> jetified-bcutil-jdk15to18-1.72 (org.bouncycastle:bcutil-jdk15to18:1.72)
     Duplicate class org.bouncycastle.asn1.cmc.TaggedCertificationRequest found in modules bcutil-jdk15on-1.69.jar -> jetified-bcutil-jdk15on-1.69 (org.bouncycastle:bcutil-jdk15on:1.69) and bcutil-jdk15to18-1.72.jar -> jetified-bcutil-jdk15to18-1.72 (org.bouncycastle:bcutil-jdk15to18:1.72)
     Duplicate class org.bouncycastle.asn1.cmc.TaggedContentInfo found in modules bcutil-jdk15on-1.69.jar -> jetified-bcutil-jdk15on-1.69 (org.bouncycastle:bcutil-jdk15on:1.69) and bcutil-jdk15to18-1.72.jar -> jetified-bcutil-jdk15to18-1.72 (org.bouncycastle:bcutil-jdk15to18:1.72)
     Duplicate class org.bouncycastle.asn1.cmc.TaggedRequest found in modules bcutil-jdk15on-1.69.jar -> jetified-bcutil-jdk15on-1.69 (org.bouncycastle:bcutil-jdk15on:1.69) and bcutil-jdk15to18-1.72.jar -> jetified-bcutil-jdk15to18-1.72 (org.bouncycastle:bcutil-jdk15to18:1.72)
     Duplicate class org.bouncycastle.asn1.cmc.Utils found in modules bcutil-jdk15on-1.69.jar -> jetified-bcutil-jdk15on-1.69 (org.bouncycastle:bcutil-jdk15on:1.69) and bcutil-jdk15to18-1.72.jar -> jetified-bcutil-jdk15to18-1.72 (org.bouncycastle:bcutil-jdk15to18:1.72)
     Duplicate class org.bouncycastle.asn1.cmp.CAKeyUpdAnnContent found in modules bcutil-jdk15on-1.69.jar -> jetified-bcutil-jdk15on-1.69 (org.bouncycastle:bcutil-jdk15on:1.69) and bcutil-jdk15to18-1.72.jar -> jetified-bcutil-jdk15to18-1.72 (org.bouncycastle:bcutil-jdk15to18:1.72)
     Duplicate class org.bouncycastle.asn1.cmp.CMPCertificate found in modules bcutil-jdk15on-1.69.jar -> jetified-bcutil-jdk15on-1.69 (org.bouncycastle:bcutil-jdk15on:1.69) and bcutil-jdk15to18-1.72.jar -> jetified-bcutil-jdk15to18-1.72 (org.bouncycastle:bcutil-jdk15to18:1.72)
     Duplicate class org.bouncycastle.asn1.cmp.CMPObjectIdentifiers found in modules bcutil-jdk15on-1.69.jar -> jetified-bcutil-jdk15on-1.69 (org.bouncycastle:bcutil-jdk15on:1.69) and bcutil-jdk15to18-1.72.jar -> jetified-bcutil-jdk15to18-1.72 (org.bouncycastle:bcutil-jdk15to18:1.72)
     Duplicate class org.bouncycastle.asn1.cmp.CRLAnnContent found in modules bcutil-jdk15on-1.69.jar -> jetified-bcutil-jdk15on-1.69 (org.bouncycastle:bcutil-jdk15on:1.69) and bcutil-jdk15to18-1.72.jar -> jetified-bcutil-jdk15to18-1.72 (org.bouncycastle:bcutil-jdk15to18:1.72)
     Duplicate class org.bouncycastle.asn1.cmp.CertConfirmContent found in modules bcutil-jdk15on-1.69.jar -> jetified-bcutil-jdk15on-1.69 (org.bouncycastle:bcutil-jdk15on:1.69) and bcutil-jdk15to18-1.72.jar -> jetified-bcutil-jdk15to18-1.72 (org.bouncycastle:bcutil-jdk15to18:1.72)
     Duplicate class org.bouncycastle.asn1.cmp.CertOrEncCert found in modules bcutil-jdk15on-1.69.jar -> jetified-bcutil-jdk15on-1.69 (org.bouncycastle:bcutil-jdk15on:1.69) and bcutil-jdk15to18-1.72.jar -> jetified-bcutil-jdk15to18-1.72 (org.bouncycastle:bcutil-jdk15to18:1.72)
     Duplicate class org.bouncycastle.asn1.cmp.CertRepMessage found in modules bcutil-jdk15on-1.69.jar -> jetified-bcutil-jdk15on-1.69 (org.bouncycastle:bcutil-jdk15on:1.69) and bcutil-jdk15to18-1.72.jar -> jetified-bcutil-jdk15to18-1.72 (org.bouncycastle:bcutil-jdk15to18:1.72)
     Duplicate class org.bouncycastle.asn1.cmp.CertResponse found in modules bcutil-jdk15on-1.69.jar -> jetified-bcutil-jdk15on-1.69 (org.bouncycastle:bcutil-jdk15on:1.69) and bcutil-jdk15to18-1.72.jar -> jetified-bcutil-jdk15to18-1.72 (org.bouncycastle:bcutil-jdk15to18:1.72)
     Duplicate class org.bouncycastle.asn1.cmp.CertStatus found in modules bcutil-jdk15on-1.69.jar -> jetified-bcutil-jdk15on-1.69 (org.bouncycastle:bcutil-jdk15on:1.69) and bcutil-jdk15to18-1.72.jar -> jetified-bcutil-jdk15to18-1.72 (org.bouncycastle:bcutil-jdk15to18:1.72)
     Duplicate class org.bouncycastle.asn1.cmp.CertifiedKeyPair found in modules bcutil-jdk15on-1.69.jar -> jetified-bcutil-jdk15on-1.69 (org.bouncycastle:bcutil-jdk15on:1.69) and bcutil-jdk15to18-1.72.jar -> jetified-bcutil-jdk15to18-1.72 (org.bouncycastle:bcutil-jdk15to18:1.72)
     Duplicate class org.bouncycastle.asn1.cmp.Challenge found in modules bcutil-jdk15on-1.69.jar -> jetified-bcutil-jdk15on-1.69 (org.bouncycastle:bcutil-jdk15on:1.69) and bcutil-jdk15to18-1.72.jar -> jetified-bcutil-jdk15to18-1.72 (org.bouncycastle:bcutil-jdk15to18:1.72)
     Duplicate class org.bouncycastle.asn1.cmp.ErrorMsgContent found in modules bcutil-jdk15on-1.69.jar -> jetified-bcutil-jdk15on-1.69 (org.bouncycastle:bcutil-jdk15on:1.69) and bcutil-jdk15to18-1.72.jar -> jetified-bcutil-jdk15to18-1.72 (org.bouncycastle:bcutil-jdk15to18:1.72)
     Duplicate class org.bouncycastle.asn1.cmp.GenMsgContent found in modules bcutil-jdk15on-1.69.jar -> jetified-bcutil-jdk15on-1.69 (org.bouncycastle:bcutil-jdk15on:1.69) and bcutil-jdk15to18-1.72.jar -> jetified-bcutil-jdk15to18-1.72 (org.bouncycastle:bcutil-jdk15to18:1.72)
     Duplicate class org.bouncycastle.asn1.cmp.GenRepContent found in modules bcutil-jdk15on-1.69.jar -> jetified-bcutil-jdk15on-1.69 (org.bouncycastle:bcutil-jdk15on:1.69) and bcutil-jdk15to18-1.72.jar -> jetified-bcutil-jdk15to18-1.72 (org.bouncycastle:bcutil-jdk15to18:1.72)
     Duplicate class org.bouncycastle.asn1.cmp.InfoTypeAndValue found in modules bcutil-jdk15on-1.69.jar -> jetified-bcutil-jdk15on-1.69 (org.bouncycastle:bcutil-jdk15on:1.69) and bcutil-jdk15to18-1.72.jar -> jetified-bcutil-jdk15to18-1.72 (org.bouncycastle:bcutil-jdk15to18:1.72)
     Duplicate class org.bouncycastle.asn1.cmp.KeyRecRepContent found in modules bcutil-jdk15on-1.69.jar -> jetified-bcutil-jdk15on-1.69 (org.bouncycastle:bcutil-jdk15on:1.69) and bcutil-jdk15to18-1.72.jar -> jetified-bcutil-jdk15to18-1.72 (org.bouncycastle:bcutil-jdk15to18:1.72)
     Duplicate class org.bouncycastle.asn1.cmp.OOBCertHash found in modules bcutil-jdk15on-1.69.jar -> jetified-bcutil-jdk15on-1.69 (org.bouncycastle:bcutil-jdk15on:1.69) and bcutil-jdk15to18-1.72.jar -> jetified-bcutil-jdk15to18-1.72 (org.bouncycastle:bcutil-jdk15to18:1.72)
     Duplicate class org.bouncycastle.asn1.cmp.PBMParameter found in modules bcutil-jdk15on-1.69.jar -> jetified-bcutil-jdk15on-1.69 (org.bouncycastle:bcutil-jdk15on:1.69) and bcutil-jdk15to18-1.72.jar -> jetified-bcutil-jdk15to18-1.72 (org.bouncycastle:bcutil-jdk15to18:1.72)
     Duplicate class org.bouncycastle.asn1.cmp.PKIBody found in modules bcutil-jdk15on-1.69.jar -> jetified-bcutil-jdk15on-1.69 (org.bouncycastle:bcutil-jdk15on:1.69) and bcutil-jdk15to18-1.72.jar -> jetified-bcutil-jdk15to18-1.72 (org.bouncycastle:bcutil-jdk15to18:1.72)
     Duplicate class org.bouncycastle.asn1.cmp.PKIConfirmContent found in modules bcutil-jdk15on-1.69.jar -> jetified-bcutil-jdk15on-1.69 (org.bouncycastle:bcutil-jdk15on:1.69) and bcutil-jdk15to18-1.72.jar -> jetified-bcutil-jdk15to18-1.72 (org.bouncycastle:bcutil-jdk15to18:1.72)
     Duplicate class org.bouncycastle.asn1.cmp.PKIFailureInfo found in modules bcutil-jdk15on-1.69.jar -> jetified-bcutil-jdk15on-1.69 (org.bouncycastle:bcutil-jdk15on:1.69) and bcutil-jdk15to18-1.72.jar -> jetified-bcutil-jdk15to18-1.72 (org.bouncycastle:bcutil-jdk15to18:1.72)
     Duplicate class org.bouncycastle.asn1.cmp.PKIFreeText found in modules bcutil-jdk15on-1.69.jar -> jetified-bcutil-jdk15on-1.69 (org.bouncycastle:bcutil-jdk15on:1.69) and bcutil-jdk15to18-1.72.jar -> jetified-bcutil-jdk15to18-1.72 (org.bouncycastle:bcutil-jdk15to18:1.72)
     Duplicate class org.bouncycastle.asn1.cmp.PKIHeader found in modules bcutil-jdk15on-1.69.jar -> jetified-bcutil-jdk15on-1.69 (org.bouncycastle:bcutil-jdk15on:1.69) and bcutil-jdk15to18-1.72.jar -> jetified-bcutil-jdk15to18-1.72 (org.bouncycastle:bcutil-jdk15to18:1.72)
     Duplicate class org.bouncycastle.asn1.cmp.PKIHeaderBuilder found in modules bcutil-jdk15on-1.69.jar -> jetified-bcutil-jdk15on-1.69 (org.bouncycastle:bcutil-jdk15on:1.69) and bcutil-jdk15to18-1.72.jar -> jetified-bcutil-jdk15to18-1.72 (org.bouncycastle:bcutil-jdk15to18:1.72)
     Duplicate class org.bouncycastle.asn1.cmp.PKIMessage found in modules bcutil-jdk15on-1.69.jar -> jetified-bcutil-jdk15on-1.69 (org.bouncycastle:bcutil-jdk15on:1.69) and bcutil-jdk15to18-1.72.jar -> jetified-bcutil-jdk15to18-1.72 (org.bouncycastle:bcutil-jdk15to18:1.72)
     Duplicate class org.bouncycastle.asn1.cmp.PKIMessages found in modules bcutil-jdk15on-1.69.jar -> jetified-bcutil-jdk15on-1.69 (org.bouncycastle:bcutil-jdk15on:1.69) and bcutil-jdk15to18-1.72.jar -> jetified-bcutil-jdk15to18-1.72 (org.bouncycastle:bcutil-jdk15to18:1.72)
     Duplicate class org.bouncycastle.asn1.cmp.PKIStatus found in modules bcutil-jdk15on-1.69.jar -> jetified-bcutil-jdk15on-1.69 (org.bouncycastle:bcutil-jdk15on:1.69) and bcutil-jdk15to18-1.72.jar -> jetified-bcutil-jdk15to18-1.72 (org.bouncycastle:bcutil-jdk15to18:1.72)
     Duplicate class org.bouncycastle.asn1.cmp.PKIStatusInfo found in modules bcutil-jdk15on-1.69.jar -> jetified-bcutil-jdk15on-1.69 (org.bouncycastle:bcutil-jdk15on:1.69) and bcutil-jdk15to18-1.72.jar -> jetified-bcutil-jdk15to18-1.72 (org.bouncycastle:bcutil-jdk15to18:1.72)
     Duplicate class org.bouncycastle.asn1.cmp.POPODecKeyChallContent found in modules bcutil-jdk15on-1.69.jar -> jetified-bcutil-jdk15on-1.69 (org.bouncycastle:bcutil-jdk15on:1.69) and bcutil-jdk15to18-1.72.jar -> jetified-bcutil-jdk15to18-1.72 (org.bouncycastle:bcutil-jdk15to18:1.72)
     Duplicate class org.bouncycastle.asn1.cmp.POPODecKeyRespContent found in modules bcutil-jdk15on-1.69.jar -> jetified-bcutil-jdk15on-1.69 (org.bouncycastle:bcutil-jdk15on:1.69) and bcutil-jdk15to18-1.72.jar -> jetified-bcutil-jdk15to18-1.72 (org.bouncycastle:bcutil-jdk15to18:1.72)
     Duplicate class org.bouncycastle.asn1.cmp.PollRepContent found in modules bcutil-jdk15on-1.69.jar -> jetified-bcutil-jdk15on-1.69 (org.bouncycastle:bcutil-jdk15on:1.69) and bcutil-jdk15to18-1.72.jar -> jetified-bcutil-jdk15to18-1.72 (org.bouncycastle:bcutil-jdk15to18:1.72)
     Duplicate class org.bouncycastle.asn1.cmp.PollReqContent found in modules bcutil-jdk15on-1.69.jar -> jetified-bcutil-jdk15on-1.69 (org.bouncycastle:bcutil-jdk15on:1.69) and bcutil-jdk15to18-1.72.jar -> jetified-bcutil-jdk15to18-1.72 (org.bouncycastle:bcutil-jdk15to18:1.72)
     Duplicate class org.bouncycastle.asn1.cmp.ProtectedPart found in modules bcutil-jdk15on-1.69.jar -> jetified-bcutil-jdk15on-1.69 (org.bouncycastle:bcutil-jdk15on:1.69) and bcutil-jdk15to18-1.72.jar -> jetified-bcutil-jdk15to18-1.72 (org.bouncycastle:bcutil-jdk15to18:1.72)
     Duplicate class org.bouncycastle.asn1.cmp.RevAnnContent found in modules bcutil-jdk15on-1.69.jar -> jetified-bcutil-jdk15on-1.69 (org.bouncycastle:bcutil-jdk15on:1.69) and bcutil-jdk15to18-1.72.jar -> jetified-bcutil-jdk15to18-1.72 (org.bouncycastle:bcutil-jdk15to18:1.72)
     Duplicate class org.bouncycastle.asn1.cmp.RevDetails found in modules bcutil-jdk15on-1.69.jar -> jetified-bcutil-jdk15on-1.69 (org.bouncycastle:bcutil-jdk15on:1.69) and bcutil-jdk15to18-1.72.jar -> jetified-bcutil-jdk15to18-1.72 (org.bouncycastle:bcutil-jdk15to18:1.72)
     Duplicate class org.bouncycastle.asn1.cmp.RevRepContent found in modules bcutil-jdk15on-1.69.jar -> jetified-bcutil-jdk15on-1.69 (org.bouncycastle:bcutil-jdk15on:1.69) and bcutil-jdk15to18-1.72.jar -> jetified-bcutil-jdk15to18-1.72 (org.bouncycastle:bcutil-jdk15to18:1.72)
     Duplicate class org.bouncycastle.asn1.cmp.RevRepContentBuilder found in modules bcutil-jdk15on-1.69.jar -> jetified-bcutil-jdk15on-1.69 (org.bouncycastle:bcutil-jdk15on:1.69) and bcutil-jdk15to18-1.72.jar -> jetified-bcutil-jdk15to18-1.72 (org.bouncycastle:bcutil-jdk15to18:1.72)
     Duplicate class org.bouncycastle.asn1.cmp.RevReqContent found in modules bcutil-jdk15on-1.69.jar -> jetified-bcutil-jdk15on-1.69 (org.bouncycastle:bcutil-jdk15on:1.69) and bcutil-jdk15to18-1.72.jar -> jetified-bcutil-jdk15to18-1.72 (org.bouncycastle:bcutil-jdk15to18:1.72)
     Duplicate class org.bouncycastle.asn1.cms.Attribute found in modules bcutil-jdk15on-1.69.jar -> jetified-bcutil-jdk15on-1.69 (org.bouncycastle:bcutil-jdk15on:1.69) and bcutil-jdk15to18-1.72.jar -> jetified-bcutil-jdk15to18-1.72 (org.bouncycastle:bcutil-jdk15to18:1.72)
     Duplicate class org.bouncycastle.asn1.cms.AttributeTable found in modules bcutil-jdk15on-1.69.jar -> jetified-bcutil-jdk15on-1.69 (org.bouncycastle:bcutil-jdk15on:1.69) and bcutil-jdk15to18-1.72.jar -> jetified-bcutil-jdk15to18-1.72 (org.bouncycastle:bcutil-jdk15to18:1.72)
     Duplicate class org.bouncycastle.asn1.cms.Attributes found in modules bcutil-jdk15on-1.69.jar -> jetified-bcutil-jdk15on-1.69 (org.bouncycastle:bcutil-jdk15on:1.69) and bcutil-jdk15to18-1.72.jar -> jetified-bcutil-jdk15to18-1.72 (org.bouncycastle:bcutil-jdk15to18:1.72)
     Duplicate class org.bouncycastle.asn1.cms.AuthEnvelopedData found in modules bcutil-jdk15on-1.69.jar -> jetified-bcutil-jdk15on-1.69 (org.bouncycastle:bcutil-jdk15on:1.69) and bcutil-jdk15to18-1.72.jar -> jetified-bcutil-jdk15to18-1.72 (org.bouncycastle:bcutil-jdk15to18:1.72)
     Duplicate class org.bouncycastle.asn1.cms.AuthEnvelopedDataParser found in modules bcutil-jdk15on-1.69.jar -> jetified-bcutil-jdk15on-1.69 (org.bouncycastle:bcutil-jdk15on:1.69) and bcutil-jdk15to18-1.72.jar -> jetified-bcutil-jdk15to18-1.72 (org.bouncycastle:bcutil-jdk15to18:1.72)
     Duplicate class org.bouncycastle.asn1.cms.AuthenticatedData found in modules bcutil-jdk15on-1.69.jar -> jetified-bcutil-jdk15on-1.69 (org.bouncycastle:bcutil-jdk15on:1.69) and bcutil-jdk15to18-1.72.jar -> jetified-bcutil-jdk15to18-1.72 (org.bouncycastle:bcutil-jdk15to18:1.72)
     Duplicate class org.bouncycastle.asn1.cms.AuthenticatedDataParser found in modules bcutil-jdk15on-1.69.jar -> jetified-bcutil-jdk15on-1.69 (org.bouncycastle:bcutil-jdk15on:1.69) and bcutil-jdk15to18-1.72.jar -> jetified-bcutil-jdk15to18-1.72 (org.bouncycastle:bcutil-jdk15to18:1.72)
     Duplicate class org.bouncycastle.asn1.cms.CCMParameters found in modules bcutil-jdk15on-1.69.jar -> jetified-bcutil-jdk15on-1.69 (org.bouncycastle:bcutil-jdk15on:1.69) and bcutil-jdk15to18-1.72.jar -> jetified-bcutil-jdk15to18-1.72 (org.bouncycastle:bcutil-jdk15to18:1.72)
     Duplicate class org.bouncycastle.asn1.cms.CMSAlgorithmProtection found in modules bcutil-jdk15on-1.69.jar -> jetified-bcutil-jdk15on-1.69 (org.bouncycastle:bcutil-jdk15on:1.69) and bcutil-jdk15to18-1.72.jar -> jetified-bcutil-jdk15to18-1.72 (org.bouncycastle:bcutil-jdk15to18:1.72)
     Duplicate class org.bouncycastle.asn1.cms.CMSAttributes found in modules bcutil-jdk15on-1.69.jar -> jetified-bcutil-jdk15on-1.69 (org.bouncycastle:bcutil-jdk15on:1.69) and bcutil-jdk15to18-1.72.jar -> jetified-bcutil-jdk15to18-1.72 (org.bouncycastle:bcutil-jdk15to18:1.72)
     Duplicate class org.bouncycastle.asn1.cms.CMSObjectIdentifiers found in modules bcutil-jdk15on-1.69.jar -> jetified-bcutil-jdk15on-1.69 (org.bouncycastle:bcutil-jdk15on:1.69) and bcutil-jdk15to18-1.72.jar -> jetified-bcutil-jdk15to18-1.72 (org.bouncycastle:bcutil-jdk15to18:1.72)
     Duplicate class org.bouncycastle.asn1.cms.CompressedData found in modules bcutil-jdk15on-1.69.jar -> jetified-bcutil-jdk15on-1.69 (org.bouncycastle:bcutil-jdk15on:1.69) and bcutil-jdk15to18-1.72.jar -> jetified-bcutil-jdk15to18-1.72 (org.bouncycastle:bcutil-jdk15to18:1.72)
     Duplicate class org.bouncycastle.asn1.cms.CompressedDataParser found in modules bcutil-jdk15on-1.69.jar -> jetified-bcutil-jdk15on-1.69 (org.bouncycastle:bcutil-jdk15on:1.69) and bcutil-jdk15to18-1.72.jar -> jetified-bcutil-jdk15to18-1.72 (org.bouncycastle:bcutil-jdk15to18:1.72)
     Duplicate class org.bouncycastle.asn1.cms.ContentInfo found in modules bcutil-jdk15on-1.69.jar -> jetified-bcutil-jdk15on-1.69 (org.bouncycastle:bcutil-jdk15on:1.69) and bcutil-jdk15to18-1.72.jar -> jetified-bcutil-jdk15to18-1.72 (org.bouncycastle:bcutil-jdk15to18:1.72)
     Duplicate class org.bouncycastle.asn1.cms.ContentInfoParser found in modules bcutil-jdk15on-1.69.jar -> jetified-bcutil-jdk15on-1.69 (org.bouncycastle:bcutil-jdk15on:1.69) and bcutil-jdk15to18-1.72.jar -> jetified-bcutil-jdk15to18-1.72 (org.bouncycastle:bcutil-jdk15to18:1.72)
     Duplicate class org.bouncycastle.asn1.cms.DigestedData found in modules bcutil-jdk15on-1.69.jar -> jetified-bcutil-jdk15on-1.69 (org.bouncycastle:bcutil-jdk15on:1.69) and bcutil-jdk15to18-1.72.jar -> jetified-bcutil-jdk15to18-1.72 (org.bouncycastle:bcutil-jdk15to18:1.72)
     Duplicate class org.bouncycastle.asn1.cms.EncryptedContentInfo found in modules bcutil-jdk15on-1.69.jar -> jetified-bcutil-jdk15on-1.69 (org.bouncycastle:bcutil-jdk15on:1.69) and bcutil-jdk15to18-1.72.jar -> jetified-bcutil-jdk15to18-1.72 (org.bouncycastle:bcutil-jdk15to18:1.72)
     Duplicate class org.bouncycastle.asn1.cms.EncryptedContentInfoParser found in modules bcutil-jdk15on-1.69.jar -> jetified-bcutil-jdk15on-1.69 (org.bouncycastle:bcutil-jdk15on:1.69) and bcutil-jdk15to18-1.72.jar -> jetified-bcutil-jdk15to18-1.72 (org.bouncycastle:bcutil-jdk15to18:1.72)
     Duplicate class org.bouncycastle.asn1.cms.EncryptedData found in modules bcutil-jdk15on-1.69.jar -> jetified-bcutil-jdk15on-1.69 (org.bouncycastle:bcutil-jdk15on:1.69) and bcutil-jdk15to18-1.72.jar -> jetified-bcutil-jdk15to18-1.72 (org.bouncycastle:bcutil-jdk15to18:1.72)
     Duplicate class org.bouncycastle.asn1.cms.EnvelopedData found in modules bcutil-jdk15on-1.69.jar -> jetified-bcutil-jdk15on-1.69 (org.bouncycastle:bcutil-jdk15on:1.69) and bcutil-jdk15to18-1.72.jar -> jetified-bcutil-jdk15to18-1.72 (org.bouncycastle:bcutil-jdk15to18:1.72)
     Duplicate class org.bouncycastle.asn1.cms.EnvelopedDataParser found in modules bcutil-jdk15on-1.69.jar -> jetified-bcutil-jdk15on-1.69 (org.bouncycastle:bcutil-jdk15on:1.69) and bcutil-jdk15to18-1.72.jar -> jetified-bcutil-jdk15to18-1.72 (org.bouncycastle:bcutil-jdk15to18:1.72)
     Duplicate class org.bouncycastle.asn1.cms.Evidence found in modules bcutil-jdk15on-1.69.jar -> jetified-bcutil-jdk15on-1.69 (org.bouncycastle:bcutil-jdk15on:1.69) and bcutil-jdk15to18-1.72.jar -> jetified-bcutil-jdk15to18-1.72 (org.bouncycastle:bcutil-jdk15to18:1.72)
     Duplicate class org.bouncycastle.asn1.cms.GCMParameters found in modules bcutil-jdk15on-1.69.jar -> jetified-bcutil-jdk15on-1.69 (org.bouncycastle:bcutil-jdk15on:1.69) and bcutil-jdk15to18-1.72.jar -> jetified-bcutil-jdk15to18-1.72 (org.bouncycastle:bcutil-jdk15to18:1.72)
     Duplicate class org.bouncycastle.asn1.cms.GenericHybridParameters found in modules bcutil-jdk15on-1.69.jar -> jetified-bcutil-jdk15on-1.69 (org.bouncycastle:bcutil-jdk15on:1.69) and bcutil-jdk15to18-1.72.jar -> jetified-bcutil-jdk15to18-1.72 (org.bouncycastle:bcutil-jdk15to18:1.72)
     Duplicate class org.bouncycastle.asn1.cms.IssuerAndSerialNumber found in modules bcutil-jdk15on-1.69.jar -> jetified-bcutil-jdk15on-1.69 (org.bouncycastle:bcutil-jdk15on:1.69) and bcutil-jdk15to18-1.72.jar -> jetified-bcutil-jdk15to18-1.72 (org.bouncycastle:bcutil-jdk15to18:1.72)
     Duplicate class org.bouncycastle.asn1.cms.KEKIdentifier found in modules bcutil-jdk15on-1.69.jar -> jetified-bcutil-jdk15on-1.69 (org.bouncycastle:bcutil-jdk15on:1.69) and bcutil-jdk15to18-1.72.jar -> jetified-bcutil-jdk15to18-1.72 (org.bouncycastle:bcutil-jdk15to18:1.72)
     Duplicate class org.bouncycastle.asn1.cms.KEKRecipientInfo found in modules bcutil-jdk15on-1.69.jar -> jetified-bcutil-jdk15on-1.69 (org.bouncycastle:bcutil-jdk15on:1.69) and bcutil-jdk15to18-1.72.jar -> jetified-bcutil-jdk15to18-1.72 (org.bouncycastle:bcutil-jdk15to18:1.72)
     Duplicate class org.bouncycastle.asn1.cms.KeyAgreeRecipientIdentifier found in modules bcutil-jdk15on-1.69.jar -> jetified-bcutil-jdk15on-1.69 (org.bouncycastle:bcutil-jdk15on:1.69) and bcutil-jdk15to18-1.72.jar -> jetified-bcutil-jdk15to18-1.72 (org.bouncycastle:bcutil-jdk15to18:1.72)
     Duplicate class org.bouncycastle.asn1.cms.KeyAgreeRecipientInfo found in modules bcutil-jdk15on-1.69.jar -> jetified-bcutil-jdk15on-1.69 (org.bouncycastle:bcutil-jdk15on:1.69) and bcutil-jdk15to18-1.72.jar -> jetified-bcutil-jdk15to18-1.72 (org.bouncycastle:bcutil-jdk15to18:1.72)
     Duplicate class org.bouncycastle.asn1.cms.KeyTransRecipientInfo found in modules bcutil-jdk15on-1.69.jar -> jetified-bcutil-jdk15on-1.69 (org.bouncycastle:bcutil-jdk15on:1.69) and bcutil-jdk15to18-1.72.jar -> jetified-bcutil-jdk15to18-1.72 (org.bouncycastle:bcutil-jdk15to18:1.72)
     Duplicate class org.bouncycastle.asn1.cms.MetaData found in modules bcutil-jdk15on-1.69.jar -> jetified-bcutil-jdk15on-1.69 (org.bouncycastle:bcutil-jdk15on:1.69) and bcutil-jdk15to18-1.72.jar -> jetified-bcutil-jdk15to18-1.72 (org.bouncycastle:bcutil-jdk15to18:1.72)
     Duplicate class org.bouncycastle.asn1.cms.OriginatorIdentifierOrKey found in modules bcutil-jdk15on-1.69.jar -> jetified-bcutil-jdk15on-1.69 (org.bouncycastle:bcutil-jdk15on:1.69) and bcutil-jdk15to18-1.72.jar -> jetified-bcutil-jdk15to18-1.72 (org.bouncycastle:bcutil-jdk15to18:1.72)
     Duplicate class org.bouncycastle.asn1.cms.OriginatorInfo found in modules bcutil-jdk15on-1.69.jar -> jetified-bcutil-jdk15on-1.69 (org.bouncycastle:bcutil-jdk15on:1.69) and bcutil-jdk15to18-1.72.jar -> jetified-bcutil-jdk15to18-1.72 (org.bouncycastle:bcutil-jdk15to18:1.72)
     Duplicate class org.bouncycastle.asn1.cms.OriginatorPublicKey found in modules bcutil-jdk15on-1.69.jar -> jetified-bcutil-jdk15on-1.69 (org.bouncycastle:bcutil-jdk15on:1.69) and bcutil-jdk15to18-1.72.jar -> jetified-bcutil-jdk15to18-1.72 (org.bouncycastle:bcutil-jdk15to18:1.72)
     Duplicate class org.bouncycastle.asn1.cms.OtherKeyAttribute found in modules bcutil-jdk15on-1.69.jar -> jetified-bcutil-jdk15on-1.69 (org.bouncycastle:bcutil-jdk15on:1.69) and bcutil-jdk15to18-1.72.jar -> jetified-bcutil-jdk15to18-1.72 (org.bouncycastle:bcutil-jdk15to18:1.72)
     Duplicate class org.bouncycastle.asn1.cms.OtherRecipientInfo found in modules bcutil-jdk15on-1.69.jar -> jetified-bcutil-jdk15on-1.69 (org.bouncycastle:bcutil-jdk15on:1.69) and bcutil-jdk15to18-1.72.jar -> jetified-bcutil-jdk15to18-1.72 (org.bouncycastle:bcutil-jdk15to18:1.72)
     Duplicate class org.bouncycastle.asn1.cms.OtherRevocationInfoFormat found in modules bcutil-jdk15on-1.69.jar -> jetified-bcutil-jdk15on-1.69 (org.bouncycastle:bcutil-jdk15on:1.69) and bcutil-jdk15to18-1.72.jar -> jetified-bcutil-jdk15to18-1.72 (org.bouncycastle:bcutil-jdk15to18:1.72)
     Duplicate class org.bouncycastle.asn1.cms.PasswordRecipientInfo found in modules bcutil-jdk15on-1.69.jar -> jetified-bcutil-jdk15on-1.69 (org.bouncycastle:bcutil-jdk15on:1.69) and bcutil-jdk15to18-1.72.jar -> jetified-bcutil-jdk15to18-1.72 (org.bouncycastle:bcutil-jdk15to18:1.72)
     Duplicate class org.bouncycastle.asn1.cms.RecipientEncryptedKey found in modules bcutil-jdk15on-1.69.jar -> jetified-bcutil-jdk15on-1.69 (org.bouncycastle:bcutil-jdk15on:1.69) and bcutil-jdk15to18-1.72.jar -> jetified-bcutil-jdk15to18-1.72 (org.bouncycastle:bcutil-jdk15to18:1.72)
     Duplicate class org.bouncycastle.asn1.cms.RecipientIdentifier found in modules bcutil-jdk15on-1.69.jar -> jetified-bcutil-jdk15on-1.69 (org.bouncycastle:bcutil-jdk15on:1.69) and bcutil-jdk15to18-1.72.jar -> jetified-bcutil-jdk15to18-1.72 (org.bouncycastle:bcutil-jdk15to18:1.72)
     Duplicate class org.bouncycastle.asn1.cms.RecipientInfo found in modules bcutil-jdk15on-1.69.jar -> jetified-bcutil-jdk15on-1.69 (org.bouncycastle:bcutil-jdk15on:1.69) and bcutil-jdk15to18-1.72.jar -> jetified-bcutil-jdk15to18-1.72 (org.bouncycastle:bcutil-jdk15to18:1.72)
     Duplicate class org.bouncycastle.asn1.cms.RecipientKeyIdentifier found in modules bcutil-jdk15on-1.69.jar -> jetified-bcutil-jdk15on-1.69 (org.bouncycastle:bcutil-jdk15on:1.69) and bcutil-jdk15to18-1.72.jar -> jetified-bcutil-jdk15to18-1.72 (org.bouncycastle:bcutil-jdk15to18:1.72)
     Duplicate class org.bouncycastle.asn1.cms.RsaKemParameters found in modules bcutil-jdk15on-1.69.jar -> jetified-bcutil-jdk15on-1.69 (org.bouncycastle:bcutil-jdk15on:1.69) and bcutil-jdk15to18-1.72.jar -> jetified-bcutil-jdk15to18-1.72 (org.bouncycastle:bcutil-jdk15to18:1.72)
     Duplicate class org.bouncycastle.asn1.cms.SCVPReqRes found in modules bcutil-jdk15on-1.69.jar -> jetified-bcutil-jdk15on-1.69 (org.bouncycastle:bcutil-jdk15on:1.69) and bcutil-jdk15to18-1.72.jar -> jetified-bcutil-jdk15to18-1.72 (org.bouncycastle:bcutil-jdk15to18:1.72)
     Duplicate class org.bouncycastle.asn1.cms.SignedData found in modules bcutil-jdk15on-1.69.jar -> jetified-bcutil-jdk15on-1.69 (org.bouncycastle:bcutil-jdk15on:1.69) and bcutil-jdk15to18-1.72.jar -> jetified-bcutil-jdk15to18-1.72 (org.bouncycastle:bcutil-jdk15to18:1.72)
     Duplicate class org.bouncycastle.asn1.cms.SignedDataParser found in modules bcutil-jdk15on-1.69.jar -> jetified-bcutil-jdk15on-1.69 (org.bouncycastle:bcutil-jdk15on:1.69) and bcutil-jdk15to18-1.72.jar -> jetified-bcutil-jdk15to18-1.72 (org.bouncycastle:bcutil-jdk15to18:1.72)
     Duplicate class org.bouncycastle.asn1.cms.SignerIdentifier found in modules bcutil-jdk15on-1.69.jar -> jetified-bcutil-jdk15on-1.69 (org.bouncycastle:bcutil-jdk15on:1.69) and bcutil-jdk15to18-1.72.jar -> jetified-bcutil-jdk15to18-1.72 (org.bouncycastle:bcutil-jdk15to18:1.72)
     Duplicate class org.bouncycastle.asn1.cms.SignerInfo found in modules bcutil-jdk15on-1.69.jar -> jetified-bcutil-jdk15on-1.69 (org.bouncycastle:bcutil-jdk15on:1.69) and bcutil-jdk15to18-1.72.jar -> jetified-bcutil-jdk15to18-1.72 (org.bouncycastle:bcutil-jdk15to18:1.72)
     Duplicate class org.bouncycastle.asn1.cms.Time found in modules bcutil-jdk15on-1.69.jar -> jetified-bcutil-jdk15on-1.69 (org.bouncycastle:bcutil-jdk15on:1.69) and bcutil-jdk15to18-1.72.jar -> jetified-bcutil-jdk15to18-1.72 (org.bouncycastle:bcutil-jdk15to18:1.72)
     Duplicate class org.bouncycastle.asn1.cms.TimeStampAndCRL found in modules bcutil-jdk15on-1.69.jar -> jetified-bcutil-jdk15on-1.69 (org.bouncycastle:bcutil-jdk15on:1.69) and bcutil-jdk15to18-1.72.jar -> jetified-bcutil-jdk15to18-1.72 (org.bouncycastle:bcutil-jdk15to18:1.72)
     Duplicate class org.bouncycastle.asn1.cms.TimeStampTokenEvidence found in modules bcutil-jdk15on-1.69.jar -> jetified-bcutil-jdk15on-1.69 (org.bouncycastle:bcutil-jdk15on:1.69) and bcutil-jdk15to18-1.72.jar -> jetified-bcutil-jdk15to18-1.72 (org.bouncycastle:bcutil-jdk15to18:1.72)
     Duplicate class org.bouncycastle.asn1.cms.TimeStampedData found in modules bcutil-jdk15on-1.69.jar -> jetified-bcutil-jdk15on-1.69 (org.bouncycastle:bcutil-jdk15on:1.69) and bcutil-jdk15to18-1.72.jar -> jetified-bcutil-jdk15to18-1.72 (org.bouncycastle:bcutil-jdk15to18:1.72)
     Duplicate class org.bouncycastle.asn1.cms.TimeStampedDataParser found in modules bcutil-jdk15on-1.69.jar -> jetified-bcutil-jdk15on-1.69 (org.bouncycastle:bcutil-jdk15on:1.69) and bcutil-jdk15to18-1.72.jar -> jetified-bcutil-jdk15to18-1.72 (org.bouncycastle:bcutil-jdk15to18:1.72)
     Duplicate class org.bouncycastle.asn1.cms.ecc.ECCCMSSharedInfo found in modules bcutil-jdk15on-1.69.jar -> jetified-bcutil-jdk15on-1.69 (org.bouncycastle:bcutil-jdk15on:1.69) and bcutil-jdk15to18-1.72.jar -> jetified-bcutil-jdk15to18-1.72 (org.bouncycastle:bcutil-jdk15to18:1.72)
     Duplicate class org.bouncycastle.asn1.cms.ecc.MQVuserKeyingMaterial found in modules bcutil-jdk15on-1.69.jar -> jetified-bcutil-jdk15on-1.69 (org.bouncycastle:bcutil-jdk15on:1.69) and bcutil-jdk15to18-1.72.jar -> jetified-bcutil-jdk15to18-1.72 (org.bouncycastle:bcutil-jdk15to18:1.72)
     Duplicate class org.bouncycastle.asn1.crmf.AttributeTypeAndValue found in modules bcutil-jdk15on-1.69.jar -> jetified-bcutil-jdk15on-1.69 (org.bouncycastle:bcutil-jdk15on:1.69) and bcutil-jdk15to18-1.72.jar -> jetified-bcutil-jdk15to18-1.72 (org.bouncycastle:bcutil-jdk15to18:1.72)
     Duplicate class org.bouncycastle.asn1.crmf.CRMFObjectIdentifiers found in modules bcutil-jdk15on-1.69.jar -> jetified-bcutil-jdk15on-1.69 (org.bouncycastle:bcutil-jdk15on:1.69) and bcutil-jdk15to18-1.72.jar -> jetified-bcutil-jdk15to18-1.72 (org.bouncycastle:bcutil-jdk15to18:1.72)
     Duplicate class org.bouncycastle.asn1.crmf.CertId found in modules bcutil-jdk15on-1.69.jar -> jetified-bcutil-jdk15on-1.69 (org.bouncycastle:bcutil-jdk15on:1.69) and bcutil-jdk15to18-1.72.jar -> jetified-bcutil-jdk15to18-1.72 (org.bouncycastle:bcutil-jdk15to18:1.72)
     Duplicate class org.bouncycastle.asn1.crmf.CertReqMessages found in modules bcutil-jdk15on-1.69.jar -> jetified-bcutil-jdk15on-1.69 (org.bouncycastle:bcutil-jdk15on:1.69) and bcutil-jdk15to18-1.72.jar -> jetified-bcutil-jdk15to18-1.72 (org.bouncycastle:bcutil-jdk15to18:1.72)
     Duplicate class org.bouncycastle.asn1.crmf.CertReqMsg found in modules bcutil-jdk15on-1.69.jar -> jetified-bcutil-jdk15on-1.69 (org.bouncycastle:bcutil-jdk15on:1.69) and bcutil-jdk15to18-1.72.jar -> jetified-bcutil-jdk15to18-1.72 (org.bouncycastle:bcutil-jdk15to18:1.72)
     Duplicate class org.bouncycastle.asn1.crmf.CertRequest found in modules bcutil-jdk15on-1.69.jar -> jetified-bcutil-jdk15on-1.69 (org.bouncycastle:bcutil-jdk15on:1.69) and bcutil-jdk15to18-1.72.jar -> jetified-bcutil-jdk15to18-1.72 (org.bouncycastle:bcutil-jdk15to18:1.72)
     Duplicate class org.bouncycastle.asn1.crmf.CertTemplate found in modules bcutil-jdk15on-1.69.jar -> jetified-bcutil-jdk15on-1.69 (org.bouncycastle:bcutil-jdk15on:1.69) and bcutil-jdk15to18-1.72.jar -> jetified-bcutil-jdk15to18-1.72 (org.bouncycastle:bcutil-jdk15to18:1.72)
     Duplicate class org.bouncycastle.asn1.crmf.CertTemplateBuilder found in modules bcutil-jdk15on-1.69.jar -> jetified-bcutil-jdk15on-1.69 (org.bouncycastle:bcutil-jdk15on:1.69) and bcutil-jdk15to18-1.72.jar -> jetified-bcutil-jdk15to18-1.72 (org.bouncycastle:bcutil-jdk15to18:1.72)
     Duplicate class org.bouncycastle.asn1.crmf.Controls found in modules bcutil-jdk15on-1.69.jar -> jetified-bcutil-jdk15on-1.69 (org.bouncycastle:bcutil-jdk15on:1.69) and bcutil-jdk15to18-1.72.jar -> jetified-bcutil-jdk15to18-1.72 (org.bouncycastle:bcutil-jdk15to18:1.72)
     Duplicate class org.bouncycastle.asn1.crmf.DhSigStatic found in modules bcutil-jdk15on-1.69.jar -> jetified-bcutil-jdk15on-1.69 (org.bouncycastle:bcutil-jdk15on:1.69) and bcutil-jdk15to18-1.72.jar -> jetified-bcutil-jdk15to18-1.72 (org.bouncycastle:bcutil-jdk15to18:1.72)
     Duplicate class org.bouncycastle.asn1.crmf.EncKeyWithID found in modules bcutil-jdk15on-1.69.jar -> jetified-bcutil-jdk15on-1.69 (org.bouncycastle:bcutil-jdk15on:1.69) and bcutil-jdk15to18-1.72.jar -> jetified-bcutil-jdk15to18-1.72 (org.bouncycastle:bcutil-jdk15to18:1.72)
     Duplicate class org.bouncycastle.asn1.crmf.EncryptedKey found in modules bcutil-jdk15on-1.69.jar -> jetified-bcutil-jdk15on-1.69 (org.bouncycastle:bcutil-jdk15on:1.69) and bcutil-jdk15to18-1.72.jar -> jetified-bcutil-jdk15to18-1.72 (org.bouncycastle:bcutil-jdk15to18:1.72)
     Duplicate class org.bouncycastle.asn1.crmf.EncryptedValue found in modules bcutil-jdk15on-1.69.jar -> jetified-bcutil-jdk15on-1.69 (org.bouncycastle:bcutil-jdk15on:1.69) and bcutil-jdk15to18-1.72.jar -> jetified-bcutil-jdk15to18-1.72 (org.bouncycastle:bcutil-jdk15to18:1.72)
     Duplicate class org.bouncycastle.asn1.crmf.OptionalValidity found in modules bcutil-jdk15on-1.69.jar -> jetified-bcutil-jdk15on-1.69 (org.bouncycastle:bcutil-jdk15on:1.69) and bcutil-jdk15to18-1.72.jar -> jetified-bcutil-jdk15to18-1.72 (org.bouncycastle:bcutil-jdk15to18:1.72)
     Duplicate class org.bouncycastle.asn1.crmf.PKIArchiveOptions found in modules bcutil-jdk15on-1.69.jar -> jetified-bcutil-jdk15on-1.69 (org.bouncycastle:bcutil-jdk15on:1.69) and bcutil-jdk15to18-1.72.jar -> jetified-bcutil-jdk15to18-1.72 (org.bouncycastle:bcutil-jdk15to18:1.72)
     Duplicate class org.bouncycastle.asn1.crmf.PKIPublicationInfo found in modules bcutil-jdk15on-1.69.jar -> jetified-bcutil-jdk15on-1.69 (org.bouncycastle:bcutil-jdk15on:1.69) and bcutil-jdk15to18-1.72.jar -> jetified-bcutil-jdk15to18-1.72 (org.bouncycastle:bcutil-jdk15to18:1.72)
     Duplicate class org.bouncycastle.asn1.crmf.PKMACValue found in modules bcutil-jdk15on-1.69.jar -> jetified-bcutil-jdk15on-1.69 (org.bouncycastle:bcutil-jdk15on:1.69) and bcutil-jdk15to18-1.72.jar -> jetified-bcutil-jdk15to18-1.72 (org.bouncycastle:bcutil-jdk15to18:1.72)
     Duplicate class org.bouncycastle.asn1.crmf.POPOPrivKey found in modules bcutil-jdk15on-1.69.jar -> jetified-bcutil-jdk15on-1.69 (org.bouncycastle:bcutil-jdk15on:1.69) and bcutil-jdk15to18-1.72.jar -> jetified-bcutil-jdk15to18-1.72 (org.bouncycastle:bcutil-jdk15to18:1.72)
     Duplicate class org.bouncycastle.asn1.crmf.POPOSigningKey found in modules bcutil-jdk15on-1.69.jar -> jetified-bcutil-jdk15on-1.69 (org.bouncycastle:bcutil-jdk15on:1.69) and bcutil-jdk15to18-1.72.jar -> jetified-bcutil-jdk15to18-1.72 (org.bouncycastle:bcutil-jdk15to18:1.72)
     Duplicate class org.bouncycastle.asn1.crmf.POPOSigningKeyInput found in modules bcutil-jdk15on-1.69.jar -> jetified-bcutil-jdk15on-1.69 (org.bouncycastle:bcutil-jdk15on:1.69) and bcutil-jdk15to18-1.72.jar -> jetified-bcutil-jdk15to18-1.72 (org.bouncycastle:bcutil-jdk15to18:1.72)
     Duplicate class org.bouncycastle.asn1.crmf.ProofOfPossession found in modules bcutil-jdk15on-1.69.jar -> jetified-bcutil-jdk15on-1.69 (org.bouncycastle:bcutil-jdk15on:1.69) and bcutil-jdk15to18-1.72.jar -> jetified-bcutil-jdk15to18-1.72 (org.bouncycastle:bcutil-jdk15to18:1.72)
     Duplicate class org.bouncycastle.asn1.crmf.SinglePubInfo found in modules bcutil-jdk15on-1.69.jar -> jetified-bcutil-jdk15on-1.69 (org.bouncycastle:bcutil-jdk15on:1.69) and bcutil-jdk15to18-1.72.jar -> jetified-bcutil-jdk15to18-1.72 (org.bouncycastle:bcutil-jdk15to18:1.72)
     Duplicate class org.bouncycastle.asn1.crmf.SubsequentMessage found in modules bcutil-jdk15on-1.69.jar -> jetified-bcutil-jdk15on-1.69 (org.bouncycastle:bcutil-jdk15on:1.69) and bcutil-jdk15to18-1.72.jar -> jetified-bcutil-jdk15to18-1.72 (org.bouncycastle:bcutil-jdk15to18:1.72)
     Duplicate class org.bouncycastle.asn1.dvcs.CertEtcToken found in modules bcutil-jdk15on-1.69.jar -> jetified-bcutil-jdk15on-1.69 (org.bouncycastle:bcutil-jdk15on:1.69) and bcutil-jdk15to18-1.72.jar -> jetified-bcutil-jdk15to18-1.72 (org.bouncycastle:bcutil-jdk15to18:1.72)
     Duplicate class org.bouncycastle.asn1.dvcs.DVCSCertInfo found in modules bcutil-jdk15on-1.69.jar -> jetified-bcutil-jdk15on-1.69 (org.bouncycastle:bcutil-jdk15on:1.69) and bcutil-jdk15to18-1.72.jar -> jetified-bcutil-jdk15to18-1.72 (org.bouncycastle:bcutil-jdk15to18:1.72)
     Duplicate class org.bouncycastle.asn1.dvcs.DVCSCertInfoBuilder found in modules bcutil-jdk15on-1.69.jar -> jetified-bcutil-jdk15on-1.69 (org.bouncycastle:bcutil-jdk15on:1.69) and bcutil-jdk15to18-1.72.jar -> jetified-bcutil-jdk15to18-1.72 (org.bouncycastle:bcutil-jdk15to18:1.72)
     Duplicate class org.bouncycastle.asn1.dvcs.DVCSErrorNotice found in modules bcutil-jdk15on-1.69.jar -> jetified-bcutil-jdk15on-1.69 (org.bouncycastle:bcutil-jdk15on:1.69) and bcutil-jdk15to18-1.72.jar -> jetified-bcutil-jdk15to18-1.72 (org.bouncycastle:bcutil-jdk15to18:1.72)
     Duplicate class org.bouncycastle.asn1.dvcs.DVCSObjectIdentifiers found in modules bcutil-jdk15on-1.69.jar -> jetified-bcutil-jdk15on-1.69 (org.bouncycastle:bcutil-jdk15on:1.69) and bcutil-jdk15to18-1.72.jar -> jetified-bcutil-jdk15to18-1.72 (org.bouncycastle:bcutil-jdk15to18:1.72)
     Duplicate class org.bouncycastle.asn1.dvcs.DVCSRequest found in modules bcutil-jdk15on-1.69.jar -> jetified-bcutil-jdk15on-1.69 (org.bouncycastle:bcutil-jdk15on:1.69) and bcutil-jdk15to18-1.72.jar -> jetified-bcutil-jdk15to18-1.72 (org.bouncycastle:bcutil-jdk15to18:1.72)
     Duplicate class org.bouncycastle.asn1.dvcs.DVCSRequestInformation found in modules bcutil-jdk15on-1.69.jar -> jetified-bcutil-jdk15on-1.69 (org.bouncycastle:bcutil-jdk15on:1.69) and bcutil-jdk15to18-1.72.jar -> jetified-bcutil-jdk15to18-1.72 (org.bouncycastle:bcutil-jdk15to18:1.72)
     Duplicate class org.bouncycastle.asn1.dvcs.DVCSRequestInformationBuilder found in modules bcutil-jdk15on-1.69.jar -> jetified-bcutil-jdk15on-1.69 (org.bouncycastle:bcutil-jdk15on:1.69) and bcutil-jdk15to18-1.72.jar -> jetified-bcutil-jdk15to18-1.72 (org.bouncycastle:bcutil-jdk15to18:1.72)
     Duplicate class org.bouncycastle.asn1.dvcs.DVCSResponse found in modules bcutil-jdk15on-1.69.jar -> jetified-bcutil-jdk15on-1.69 (org.bouncycastle:bcutil-jdk15on:1.69) and bcutil-jdk15to18-1.72.jar -> jetified-bcutil-jdk15to18-1.72 (org.bouncycastle:bcutil-jdk15to18:1.72)
     Duplicate class org.bouncycastle.asn1.dvcs.DVCSTime found in modules bcutil-jdk15on-1.69.jar -> jetified-bcutil-jdk15on-1.69 (org.bouncycastle:bcutil-jdk15on:1.69) and bcutil-jdk15to18-1.72.jar -> jetified-bcutil-jdk15to18-1.72 (org.bouncycastle:bcutil-jdk15to18:1.72)
     Duplicate class org.bouncycastle.asn1.dvcs.Data found in modules bcutil-jdk15on-1.69.jar -> jetified-bcutil-jdk15on-1.69 (org.bouncycastle:bcutil-jdk15on:1.69) and bcutil-jdk15to18-1.72.jar -> jetified-bcutil-jdk15to18-1.72 (org.bouncycastle:bcutil-jdk15to18:1.72)
     Duplicate class org.bouncycastle.asn1.dvcs.PathProcInput found in modules bcutil-jdk15on-1.69.jar -> jetified-bcutil-jdk15on-1.69 (org.bouncycastle:bcutil-jdk15on:1.69) and bcutil-jdk15to18-1.72.jar -> jetified-bcutil-jdk15to18-1.72 (org.bouncycastle:bcutil-jdk15to18:1.72)
     Duplicate class org.bouncycastle.asn1.dvcs.ServiceType found in modules bcutil-jdk15on-1.69.jar -> jetified-bcutil-jdk15on-1.69 (org.bouncycastle:bcutil-jdk15on:1.69) and bcutil-jdk15to18-1.72.jar -> jetified-bcutil-jdk15to18-1.72 (org.bouncycastle:bcutil-jdk15to18:1.72)
     Duplicate class org.bouncycastle.asn1.dvcs.TargetEtcChain found in modules bcutil-jdk15on-1.69.jar -> jetified-bcutil-jdk15on-1.69 (org.bouncycastle:bcutil-jdk15on:1.69) and bcutil-jdk15to18-1.72.jar -> jetified-bcutil-jdk15to18-1.72 (org.bouncycastle:bcutil-jdk15to18:1.72)
     Duplicate class org.bouncycastle.asn1.eac.BidirectionalMap found in modules bcutil-jdk15on-1.69.jar -> jetified-bcutil-jdk15on-1.69 (org.bouncycastle:bcutil-jdk15on:1.69) and bcutil-jdk15to18-1.72.jar -> jetified-bcutil-jdk15to18-1.72 (org.bouncycastle:bcutil-jdk15to18:1.72)
     Duplicate class org.bouncycastle.asn1.eac.CVCertificate found in modules bcutil-jdk15on-1.69.jar -> jetified-bcutil-jdk15on-1.69 (org.bouncycastle:bcutil-jdk15on:1.69) and bcutil-jdk15to18-1.72.jar -> jetified-bcutil-jdk15to18-1.72 (org.bouncycastle:bcutil-jdk15to18:1.72)
     Duplicate class org.bouncycastle.asn1.eac.CVCertificateRequest found in modules bcutil-jdk15on-1.69.jar -> jetified-bcutil-jdk15on-1.69 (org.bouncycastle:bcutil-jdk15on:1.69) and bcutil-jdk15to18-1.72.jar -> jetified-bcutil-jdk15to18-1.72 (org.bouncycastle:bcutil-jdk15to18:1.72)
     Duplicate class org.bouncycastle.asn1.eac.CertificateBody found in modules bcutil-jdk15on-1.69.jar -> jetified-bcutil-jdk15on-1.69 (org.bouncycastle:bcutil-jdk15on:1.69) and bcutil-jdk15to18-1.72.jar -> jetified-bcutil-jdk15to18-1.72 (org.bouncycastle:bcutil-jdk15to18:1.72)
     Duplicate class org.bouncycastle.asn1.eac.CertificateHolderAuthorization found in modules bcutil-jdk15on-1.69.jar -> jetified-bcutil-jdk15on-1.69 (org.bouncycastle:bcutil-jdk15on:1.69) and bcutil-jdk15to18-1.72.jar -> jetified-bcutil-jdk15to18-1.72 (org.bouncycastle:bcutil-jdk15to18:1.72)
     Duplicate class org.bouncycastle.asn1.eac.CertificateHolderReference found in modules bcutil-jdk15on-1.69.jar -> jetified-bcutil-jdk15on-1.69 (org.bouncycastle:bcutil-jdk15on:1.69) and bcutil-jdk15to18-1.72.jar -> jetified-bcutil-jdk15to18-1.72 (org.bouncycastle:bcutil-jdk15to18:1.72)
     Duplicate class org.bouncycastle.asn1.eac.CertificationAuthorityReference found in modules bcutil-jdk15on-1.69.jar -> jetified-bcutil-jdk15on-1.69 (org.bouncycastle:bcutil-jdk15on:1.69) and bcutil-jdk15to18-1.72.jar -> jetified-bcutil-jdk15to18-1.72 (org.bouncycastle:bcutil-jdk15to18:1.72)
     Duplicate class org.bouncycastle.asn1.eac.EACObjectIdentifiers found in modules bcutil-jdk15on-1.69.jar -> jetified-bcutil-jdk15on-1.69 (org.bouncycastle:bcutil-jdk15on:1.69) and bcutil-jdk15to18-1.72.jar -> jetified-bcutil-jdk15to18-1.72 (org.bouncycastle:bcutil-jdk15to18:1.72)
     Duplicate class org.bouncycastle.asn1.eac.EACTags found in modules bcutil-jdk15on-1.69.jar -> jetified-bcutil-jdk15on-1.69 (org.bouncycastle:bcutil-jdk15on:1.69) and bcutil-jdk15to18-1.72.jar -> jetified-bcutil-jdk15to18-1.72 (org.bouncycastle:bcutil-jdk15to18:1.72)
     Duplicate class org.bouncycastle.asn1.eac.ECDSAPublicKey found in modules bcutil-jdk15on-1.69.jar -> jetified-bcutil-jdk15on-1.69 (org.bouncycastle:bcutil-jdk15on:1.69) and bcutil-jdk15to18-1.72.jar -> jetified-bcutil-jdk15to18-1.72 (org.bouncycastle:bcutil-jdk15to18:1.72)
     Duplicate class org.bouncycastle.asn1.eac.Flags found in modules bcutil-jdk15on-1.69.jar -> jetified-bcutil-jdk15on-1.69 (org.bouncycastle:bcutil-jdk15on:1.69) and bcutil-jdk15to18-1.72.jar -> jetified-bcutil-jdk15to18-1.72 (org.bouncycastle:bcutil-jdk15to18:1.72)
     Duplicate class org.bouncycastle.asn1.eac.Flags$StringJoiner found in modules bcutil-jdk15on-1.69.jar -> jetified-bcutil-jdk15on-1.69 (org.bouncycastle:bcutil-jdk15on:1.69) and bcutil-jdk15to18-1.72.jar -> jetified-bcutil-jdk15to18-1.72 (org.bouncycastle:bcutil-jdk15to18:1.72)
     Duplicate class org.bouncycastle.asn1.eac.PackedDate found in modules bcutil-jdk15on-1.69.jar -> jetified-bcutil-jdk15on-1.69 (org.bouncycastle:bcutil-jdk15on:1.69) and bcutil-jdk15to18-1.72.jar -> jetified-bcutil-jdk15to18-1.72 (org.bouncycastle:bcutil-jdk15to18:1.72)
     Duplicate class org.bouncycastle.asn1.eac.PublicKeyDataObject found in modules bcutil-jdk15on-1.69.jar -> jetified-bcutil-jdk15on-1.69 (org.bouncycastle:bcutil-jdk15on:1.69) and bcutil-jdk15to18-1.72.jar -> jetified-bcutil-jdk15to18-1.72 (org.bouncycastle:bcutil-jdk15to18:1.72)
     Duplicate class org.bouncycastle.asn1.eac.RSAPublicKey found in modules bcutil-jdk15on-1.69.jar -> jetified-bcutil-jdk15on-1.69 (org.bouncycastle:bcutil-jdk15on:1.69) and bcutil-jdk15to18-1.72.jar -> jetified-bcutil-jdk15to18-1.72 (org.bouncycastle:bcutil-jdk15to18:1.72)
     Duplicate class org.bouncycastle.asn1.eac.UnsignedInteger found in modules bcutil-jdk15on-1.69.jar -> jetified-bcutil-jdk15on-1.69 (org.bouncycastle:bcutil-jdk15on:1.69) and bcutil-jdk15to18-1.72.jar -> jetified-bcutil-jdk15to18-1.72 (org.bouncycastle:bcutil-jdk15to18:1.72)
     Duplicate class org.bouncycastle.asn1.esf.CommitmentTypeIdentifier found in modules bcutil-jdk15on-1.69.jar -> jetified-bcutil-jdk15on-1.69 (org.bouncycastle:bcutil-jdk15on:1.69) and bcutil-jdk15to18-1.72.jar -> jetified-bcutil-jdk15to18-1.72 (org.bouncycastle:bcutil-jdk15to18:1.72)
     Duplicate class org.bouncycastle.asn1.esf.CommitmentTypeIndication found in modules bcutil-jdk15on-1.69.jar -> jetified-bcutil-jdk15on-1.69 (org.bouncycastle:bcutil-jdk15on:1.69) and bcutil-jdk15to18-1.72.jar -> jetified-bcutil-jdk15to18-1.72 (org.bouncycastle:bcutil-jdk15to18:1.72)
     Duplicate class org.bouncycastle.asn1.esf.CommitmentTypeQualifier found in modules bcutil-jdk15on-1.69.jar -> jetified-bcutil-jdk15on-1.69 (org.bouncycastle:bcutil-jdk15on:1.69) and bcutil-jdk15to18-1.72.jar -> jetified-bcutil-jdk15to18-1.72 (org.bouncycastle:bcutil-jdk15to18:1.72)
     Duplicate class org.bouncycastle.asn1.esf.CompleteRevocationRefs found in modules bcutil-jdk15on-1.69.jar -> jetified-bcutil-jdk15on-1.69 (org.bouncycastle:bcutil-jdk15on:1.69) and bcutil-jdk15to18-1.72.jar -> jetified-bcutil-jdk15to18-1.72 (org.bouncycastle:bcutil-jdk15to18:1.72)
     Duplicate class org.bouncycastle.asn1.esf.CrlIdentifier found in modules bcutil-jdk15on-1.69.jar -> jetified-bcutil-jdk15on-1.69 (org.bouncycastle:bcutil-jdk15on:1.69) and bcutil-jdk15to18-1.72.jar -> jetified-bcutil-jdk15to18-1.72 (org.bouncycastle:bcutil-jdk15to18:1.72)
     Duplicate class org.bouncycastle.asn1.esf.CrlListID found in modules bcutil-jdk15on-1.69.jar -> jetified-bcutil-jdk15on-1.69 (org.bouncycastle:bcutil-jdk15on:1.69) and bcutil-jdk15to18-1.72.jar -> jetified-bcutil-jdk15to18-1.72 (org.bouncycastle:bcutil-jdk15to18:1.72)
     Duplicate class org.bouncycastle.asn1.esf.CrlOcspRef found in modules bcutil-jdk15on-1.69.jar -> jetified-bcutil-jdk15on-1.69 (org.bouncycastle:bcutil-jdk15on:1.69) and bcutil-jdk15to18-1.72.jar -> jetified-bcutil-jdk15to18-1.72 (org.bouncycastle:bcutil-jdk15to18:1.72)
     Duplicate class org.bouncycastle.asn1.esf.CrlValidatedID found in modules bcutil-jdk15on-1.69.jar -> jetified-bcutil-jdk15on-1.69 (org.bouncycastle:bcutil-jdk15on:1.69) and bcutil-jdk15to18-1.72.jar -> jetified-bcutil-jdk15to18-1.72 (org.bouncycastle:bcutil-jdk15to18:1.72)
     Duplicate class org.bouncycastle.asn1.esf.ESFAttributes found in modules bcutil-jdk15on-1.69.jar -> jetified-bcutil-jdk15on-1.69 (org.bouncycastle:bcutil-jdk15on:1.69) and bcutil-jdk15to18-1.72.jar -> jetified-bcutil-jdk15to18-1.72 (org.bouncycastle:bcutil-jdk15to18:1.72)
     Duplicate class org.bouncycastle.asn1.esf.OcspIdentifier found in modules bcutil-jdk15on-1.69.jar -> jetified-bcutil-jdk15on-1.69 (org.bouncycastle:bcutil-jdk15on:1.69) and bcutil-jdk15to18-1.72.jar -> jetified-bcutil-jdk15to18-1.72 (org.bouncycastle:bcutil-jdk15to18:1.72)
     Duplicate class org.bouncycastle.asn1.esf.OcspListID found in modules bcutil-jdk15on-1.69.jar -> jetified-bcutil-jdk15on-1.69 (org.bouncycastle:bcutil-jdk15on:1.69) and bcutil-jdk15to18-1.72.jar -> jetified-bcutil-jdk15to18-1.72 (org.bouncycastle:bcutil-jdk15to18:1.72)
     Duplicate class org.bouncycastle.asn1.esf.OcspResponsesID found in modules bcutil-jdk15on-1.69.jar -> jetified-bcutil-jdk15on-1.69 (org.bouncycastle:bcutil-jdk15on:1.69) and bcutil-jdk15to18-1.72.jar -> jetified-bcutil-jdk15to18-1.72 (org.bouncycastle:bcutil-jdk15to18:1.72)
     Duplicate class org.bouncycastle.asn1.esf.OtherHash found in modules bcutil-jdk15on-1.69.jar -> jetified-bcutil-jdk15on-1.69 (org.bouncycastle:bcutil-jdk15on:1.69) and bcutil-jdk15to18-1.72.jar -> jetified-bcutil-jdk15to18-1.72 (org.bouncycastle:bcutil-jdk15to18:1.72)
     Duplicate class org.bouncycastle.asn1.esf.OtherHashAlgAndValue found in modules bcutil-jdk15on-1.69.jar -> jetified-bcutil-jdk15on-1.69 (org.bouncycastle:bcutil-jdk15on:1.69) and bcutil-jdk15to18-1.72.jar -> jetified-bcutil-jdk15to18-1.72 (org.bouncycastle:bcutil-jdk15to18:1.72)
     Duplicate class org.bouncycastle.asn1.esf.OtherRevRefs found in modules bcutil-jdk15on-1.69.jar -> jetified-bcutil-jdk15on-1.69 (org.bouncycastle:bcutil-jdk15on:1.69) and bcutil-jdk15to18-1.72.jar -> jetified-bcutil-jdk15to18-1.72 (org.bouncycastle:bcutil-jdk15to18:1.72)
     Duplicate class org.bouncycastle.asn1.esf.OtherRevVals found in modules bcutil-jdk15on-1.69.jar -> jetified-bcutil-jdk15on-1.69 (org.bouncycastle:bcutil-jdk15on:1.69) and bcutil-jdk15to18-1.72.jar -> jetified-bcutil-jdk15to18-1.72 (org.bouncycastle:bcutil-jdk15to18:1.72)
     Duplicate class org.bouncycastle.asn1.esf.RevocationValues found in modules bcutil-jdk15on-1.69.jar -> jetified-bcutil-jdk15on-1.69 (org.bouncycastle:bcutil-jdk15on:1.69) and bcutil-jdk15to18-1.72.jar -> jetified-bcutil-jdk15to18-1.72 (org.bouncycastle:bcutil-jdk15to18:1.72)
     Duplicate class org.bouncycastle.asn1.esf.SPUserNotice found in modules bcutil-jdk15on-1.69.jar -> jetified-bcutil-jdk15on-1.69 (org.bouncycastle:bcutil-jdk15on:1.69) and bcutil-jdk15to18-1.72.jar -> jetified-bcutil-jdk15to18-1.72 (org.bouncycastle:bcutil-jdk15to18:1.72)
     Duplicate class org.bouncycastle.asn1.esf.SPuri found in modules bcutil-jdk15on-1.69.jar -> jetified-bcutil-jdk15on-1.69 (org.bouncycastle:bcutil-jdk15on:1.69) and bcutil-jdk15to18-1.72.jar -> jetified-bcutil-jdk15to18-1.72 (org.bouncycastle:bcutil-jdk15to18:1.72)
     Duplicate class org.bouncycastle.asn1.esf.SigPolicyQualifierInfo found in modules bcutil-jdk15on-1.69.jar -> jetified-bcutil-jdk15on-1.69 (org.bouncycastle:bcutil-jdk15on:1.69) and bcutil-jdk15to18-1.72.jar -> jetified-bcutil-jdk15to18-1.72 (org.bouncycastle:bcutil-jdk15to18:1.72)
     Duplicate class org.bouncycastle.asn1.esf.SigPolicyQualifiers found in modules bcutil-jdk15on-1.69.jar -> jetified-bcutil-jdk15on-1.69 (org.bouncycastle:bcutil-jdk15on:1.69) and bcutil-jdk15to18-1.72.jar -> jetified-bcutil-jdk15to18-1.72 (org.bouncycastle:bcutil-jdk15to18:1.72)
     Duplicate class org.bouncycastle.asn1.esf.SignaturePolicyId found in modules bcutil-jdk15on-1.69.jar -> jetified-bcutil-jdk15on-1.69 (org.bouncycastle:bcutil-jdk15on:1.69) and bcutil-jdk15to18-1.72.jar -> jetified-bcutil-jdk15to18-1.72 (org.bouncycastle:bcutil-jdk15to18:1.72)
     Duplicate class org.bouncycastle.asn1.esf.SignaturePolicyIdentifier found in modules bcutil-jdk15on-1.69.jar -> jetified-bcutil-jdk15on-1.69 (org.bouncycastle:bcutil-jdk15on:1.69) and bcutil-jdk15to18-1.72.jar -> jetified-bcutil-jdk15to18-1.72 (org.bouncycastle:bcutil-jdk15to18:1.72)
     Duplicate class org.bouncycastle.asn1.esf.SignerAttribute found in modules bcutil-jdk15on-1.69.jar -> jetified-bcutil-jdk15on-1.69 (org.bouncycastle:bcutil-jdk15on:1.69) and bcutil-jdk15to18-1.72.jar -> jetified-bcutil-jdk15to18-1.72 (org.bouncycastle:bcutil-jdk15to18:1.72)
     Duplicate class org.bouncycastle.asn1.esf.SignerLocation found in modules bcutil-jdk15on-1.69.jar -> jetified-bcutil-jdk15on-1.69 (org.bouncycastle:bcutil-jdk15on:1.69) and bcutil-jdk15to18-1.72.jar -> jetified-bcutil-jdk15to18-1.72 (org.bouncycastle:bcutil-jdk15to18:1.72)
     Duplicate class org.bouncycastle.asn1.ess.ContentHints found in modules bcutil-jdk15on-1.69.jar -> jetified-bcutil-jdk15on-1.69 (org.bouncycastle:bcutil-jdk15on:1.69) and bcutil-jdk15to18-1.72.jar -> jetified-bcutil-jdk15to18-1.72 (org.bouncycastle:bcutil-jdk15to18:1.72)
     Duplicate class org.bouncycastle.asn1.ess.ContentIdentifier found in modules bcutil-jdk15on-1.69.jar -> jetified-bcutil-jdk15on-1.69 (org.bouncycastle:bcutil-jdk15on:1.69) and bcutil-jdk15to18-1.72.jar -> jetified-bcutil-jdk15to18-1.72 (org.bouncycastle:bcutil-jdk15to18:1.72)
     Duplicate class org.bouncycastle.asn1.ess.ESSCertID found in modules bcutil-jdk15on-1.69.jar -> jetified-bcutil-jdk15on-1.69 (org.bouncycastle:bcutil-jdk15on:1.69) and bcutil-jdk15to18-1.72.jar -> jetified-bcutil-jdk15to18-1.72 (org.bouncycastle:bcutil-jdk15to18:1.72)
     Duplicate class org.bouncycastle.asn1.ess.ESSCertIDv2 found in modules bcutil-jdk15on-1.69.jar -> jetified-bcutil-jdk15on-1.69 (org.bouncycastle:bcutil-jdk15on:1.69) and bcutil-jdk15to18-1.72.jar -> jetified-bcutil-jdk15to18-1.72 (org.bouncycastle:bcutil-jdk15to18:1.72)
     Duplicate class org.bouncycastle.asn1.ess.OtherCertID found in modules bcutil-jdk15on-1.69.jar -> jetified-bcutil-jdk15on-1.69 (org.bouncycastle:bcutil-jdk15on:1.69) and bcutil-jdk15to18-1.72.jar -> jetified-bcutil-jdk15to18-1.72 (org.bouncycastle:bcutil-jdk15to18:1.72)
     Duplicate class org.bouncycastle.asn1.ess.OtherSigningCertificate found in modules bcutil-jdk15on-1.69.jar -> jetified-bcutil-jdk15on-1.69 (org.bouncycastle:bcutil-jdk15on:1.69) and bcutil-jdk15to18-1.72.jar -> jetified-bcutil-jdk15to18-1.72 (org.bouncycastle:bcutil-jdk15to18:1.72)
     Duplicate class org.bouncycastle.asn1.ess.SigningCertificate found in modules bcutil-jdk15on-1.69.jar -> jetified-bcutil-jdk15on-1.69 (org.bouncycastle:bcutil-jdk15on:1.69) and bcutil-jdk15to18-1.72.jar -> jetified-bcutil-jdk15to18-1.72 (org.bouncycastle:bcutil-jdk15to18:1.72)
     Duplicate class org.bouncycastle.asn1.ess.SigningCertificateV2 found in modules bcutil-jdk15on-1.69.jar -> jetified-bcutil-jdk15on-1.69 (org.bouncycastle:bcutil-jdk15on:1.69) and bcutil-jdk15to18-1.72.jar -> jetified-bcutil-jdk15to18-1.72 (org.bouncycastle:bcutil-jdk15to18:1.72)
     Duplicate class org.bouncycastle.asn1.est.AttrOrOID found in modules bcutil-jdk15on-1.69.jar -> jetified-bcutil-jdk15on-1.69 (org.bouncycastle:bcutil-jdk15on:1.69) and bcutil-jdk15to18-1.72.jar -> jetified-bcutil-jdk15to18-1.72 (org.bouncycastle:bcutil-jdk15to18:1.72)
     Duplicate class org.bouncycastle.asn1.est.CsrAttrs found in modules bcutil-jdk15on-1.69.jar -> jetified-bcutil-jdk15on-1.69 (org.bouncycastle:bcutil-jdk15on:1.69) and bcutil-jdk15to18-1.72.jar -> jetified-bcutil-jdk15to18-1.72 (org.bouncycastle:bcutil-jdk15to18:1.72)
     Duplicate class org.bouncycastle.asn1.est.Utils found in modules bcutil-jdk15on-1.69.jar -> jetified-bcutil-jdk15on-1.69 (org.bouncycastle:bcutil-jdk15on:1.69) and bcutil-jdk15to18-1.72.jar -> jetified-bcutil-jdk15to18-1.72 (org.bouncycastle:bcutil-jdk15to18:1.72)
     Duplicate class org.bouncycastle.asn1.icao.CscaMasterList found in modules bcutil-jdk15on-1.69.jar -> jetified-bcutil-jdk15on-1.69 (org.bouncycastle:bcutil-jdk15on:1.69) and bcutil-jdk15to18-1.72.jar -> jetified-bcutil-jdk15to18-1.72 (org.bouncycastle:bcutil-jdk15to18:1.72)
     Duplicate class org.bouncycastle.asn1.icao.DataGroupHash found in modules bcutil-jdk15on-1.69.jar -> jetified-bcutil-jdk15on-1.69 (org.bouncycastle:bcutil-jdk15on:1.69) and bcutil-jdk15to18-1.72.jar -> jetified-bcutil-jdk15to18-1.72 (org.bouncycastle:bcutil-jdk15to18:1.72)
     Duplicate class org.bouncycastle.asn1.icao.ICAOObjectIdentifiers found in modules bcutil-jdk15on-1.69.jar -> jetified-bcutil-jdk15on-1.69 (org.bouncycastle:bcutil-jdk15on:1.69) and bcutil-jdk15to18-1.72.jar -> jetified-bcutil-jdk15to18-1.72 (org.bouncycastle:bcutil-jdk15to18:1.72)
     Duplicate class org.bouncycastle.asn1.icao.LDSSecurityObject found in modules bcutil-jdk15on-1.69.jar -> jetified-bcutil-jdk15on-1.69 (org.bouncycastle:bcutil-jdk15on:1.69) and bcutil-jdk15to18-1.72.jar -> jetified-bcutil-jdk15to18-1.72 (org.bouncycastle:bcutil-jdk15to18:1.72)
     Duplicate class org.bouncycastle.asn1.icao.LDSVersionInfo found in modules bcutil-jdk15on-1.69.jar -> jetified-bcutil-jdk15on-1.69 (org.bouncycastle:bcutil-jdk15on:1.69) and bcutil-jdk15to18-1.72.jar -> jetified-bcutil-jdk15to18-1.72 (org.bouncycastle:bcutil-jdk15to18:1.72)
     Duplicate class org.bouncycastle.asn1.isismtt.ISISMTTObjectIdentifiers found in modules bcutil-jdk15on-1.69.jar -> jetified-bcutil-jdk15on-1.69 (org.bouncycastle:bcutil-jdk15on:1.69) and bcutil-jdk15to18-1.72.jar -> jetified-bcutil-jdk15to18-1.72 (org.bouncycastle:bcutil-jdk15to18:1.72)
     Duplicate class org.bouncycastle.asn1.isismtt.ocsp.CertHash found in modules bcutil-jdk15on-1.69.jar -> jetified-bcutil-jdk15on-1.69 (org.bouncycastle:bcutil-jdk15on:1.69) and bcutil-jdk15to18-1.72.jar -> jetified-bcutil-jdk15to18-1.72 (org.bouncycastle:bcutil-jdk15to18:1.72)
     Duplicate class org.bouncycastle.asn1.isismtt.ocsp.RequestedCertificate found in modules bcutil-jdk15on-1.69.jar -> jetified-bcutil-jdk15on-1.69 (org.bouncycastle:bcutil-jdk15on:1.69) and bcutil-jdk15to18-1.72.jar -> jetified-bcutil-jdk15to18-1.72 (org.bouncycastle:bcutil-jdk15to18:1.72)
     Duplicate class org.bouncycastle.asn1.isismtt.x509.AdditionalInformationSyntax found in modules bcutil-jdk15on-1.69.jar -> jetified-bcutil-jdk15on-1.69 (org.bouncycastle:bcutil-jdk15on:1.69) and bcutil-jdk15to18-1.72.jar -> jetified-bcutil-jdk15to18-1.72 (org.bouncycastle:bcutil-jdk15to18:1.72)
     Duplicate class org.bouncycastle.asn1.isismtt.x509.AdmissionSyntax found in modules bcutil-jdk15on-1.69.jar -> jetified-bcutil-jdk15on-1.69 (org.bouncycastle:bcutil-jdk15on:1.69) and bcutil-jdk15to18-1.72.jar -> jetified-bcutil-jdk15to18-1.72 (org.bouncycastle:bcutil-jdk15to18:1.72)
     Duplicate class org.bouncycastle.asn1.isismtt.x509.Admissions found in modules bcutil-jdk15on-1.69.jar -> jetified-bcutil-jdk15on-1.69 (org.bouncycastle:bcutil-jdk15on:1.69) and bcutil-jdk15to18-1.72.jar -> jetified-bcutil-jdk15to18-1.72 (org.bouncycastle:bcutil-jdk15to18:1.72)
     Duplicate class org.bouncycastle.asn1.isismtt.x509.DeclarationOfMajority found in modules bcutil-jdk15on-1.69.jar -> jetified-bcutil-jdk15on-1.69 (org.bouncycastle:bcutil-jdk15on:1.69) and bcutil-jdk15to18-1.72.jar -> jetified-bcutil-jdk15to18-1.72 (org.bouncycastle:bcutil-jdk15to18:1.72)
     Duplicate class org.bouncycastle.asn1.isismtt.x509.MonetaryLimit found in modules bcutil-jdk15on-1.69.jar -> jetified-bcutil-jdk15on-1.69 (org.bouncycastle:bcutil-jdk15on:1.69) and bcutil-jdk15to18-1.72.jar -> jetified-bcutil-jdk15to18-1.72 (org.bouncycastle:bcutil-jdk15to18:1.72)
     Duplicate class org.bouncycastle.asn1.isismtt.x509.NamingAuthority found in modules bcutil-jdk15on-1.69.jar -> jetified-bcutil-jdk15on-1.69 (org.bouncycastle:bcutil-jdk15on:1.69) and bcutil-jdk15to18-1.72.jar -> jetified-bcutil-jdk15to18-1.72 (org.bouncycastle:bcutil-jdk15to18:1.72)
     Duplicate class org.bouncycastle.asn1.isismtt.x509.ProcurationSyntax found in modules bcutil-jdk15on-1.69.jar -> jetified-bcutil-jdk15on-1.69 (org.bouncycastle:bcutil-jdk15on:1.69) and bcutil-jdk15to18-1.72.jar -> jetified-bcutil-jdk15to18-1.72 (org.bouncycastle:bcutil-jdk15to18:1.72)
     Duplicate class org.bouncycastle.asn1.isismtt.x509.ProfessionInfo found in modules bcutil-jdk15on-1.69.jar -> jetified-bcutil-jdk15on-1.69 (org.bouncycastle:bcutil-jdk15on:1.69) and bcutil-jdk15to18-1.72.jar -> jetified-bcutil-jdk15to18-1.72 (org.bouncycastle:bcutil-jdk15to18:1.72)
     Duplicate class org.bouncycastle.asn1.isismtt.x509.Restriction found in modules bcutil-jdk15on-1.69.jar -> jetified-bcutil-jdk15on-1.69 (org.bouncycastle:bcutil-jdk15on:1.69) and bcutil-jdk15to18-1.72.jar -> jetified-bcutil-jdk15to18-1.72 (org.bouncycastle:bcutil-jdk15to18:1.72)
     Duplicate class org.bouncycastle.asn1.smime.SMIMEAttributes found in modules bcutil-jdk15on-1.69.jar -> jetified-bcutil-jdk15on-1.69 (org.bouncycastle:bcutil-jdk15on:1.69) and bcutil-jdk15to18-1.72.jar -> jetified-bcutil-jdk15to18-1.72 (org.bouncycastle:bcutil-jdk15to18:1.72)
     Duplicate class org.bouncycastle.asn1.smime.SMIMECapabilities found in modules bcutil-jdk15on-1.69.jar -> jetified-bcutil-jdk15on-1.69 (org.bouncycastle:bcutil-jdk15on:1.69) and bcutil-jdk15to18-1.72.jar -> jetified-bcutil-jdk15to18-1.72 (org.bouncycastle:bcutil-jdk15to18:1.72)
     Duplicate class org.bouncycastle.asn1.smime.SMIMECapabilitiesAttribute found in modules bcutil-jdk15on-1.69.jar -> jetified-bcutil-jdk15on-1.69 (org.bouncycastle:bcutil-jdk15on:1.69) and bcutil-jdk15to18-1.72.jar -> jetified-bcutil-jdk15to18-1.72 (org.bouncycastle:bcutil-jdk15to18:1.72)
     Duplicate class org.bouncycastle.asn1.smime.SMIMECapability found in modules bcutil-jdk15on-1.69.jar -> jetified-bcutil-jdk15on-1.69 (org.bouncycastle:bcutil-jdk15on:1.69) and bcutil-jdk15to18-1.72.jar -> jetified-bcutil-jdk15to18-1.72 (org.bouncycastle:bcutil-jdk15to18:1.72)
     Duplicate class org.bouncycastle.asn1.smime.SMIMECapabilityVector found in modules bcutil-jdk15on-1.69.jar -> jetified-bcutil-jdk15on-1.69 (org.bouncycastle:bcutil-jdk15on:1.69) and bcutil-jdk15to18-1.72.jar -> jetified-bcutil-jdk15to18-1.72 (org.bouncycastle:bcutil-jdk15to18:1.72)
     Duplicate class org.bouncycastle.asn1.smime.SMIMEEncryptionKeyPreferenceAttribute found in modules bcutil-jdk15on-1.69.jar -> jetified-bcutil-jdk15on-1.69 (org.bouncycastle:bcutil-jdk15on:1.69) and bcutil-jdk15to18-1.72.jar -> jetified-bcutil-jdk15to18-1.72 (org.bouncycastle:bcutil-jdk15to18:1.72)
     Duplicate class org.bouncycastle.asn1.tsp.Accuracy found in modules bcutil-jdk15on-1.69.jar -> jetified-bcutil-jdk15on-1.69 (org.bouncycastle:bcutil-jdk15on:1.69) and bcutil-jdk15to18-1.72.jar -> jetified-bcutil-jdk15to18-1.72 (org.bouncycastle:bcutil-jdk15to18:1.72)
     Duplicate class org.bouncycastle.asn1.tsp.ArchiveTimeStamp found in modules bcutil-jdk15on-1.69.jar -> jetified-bcutil-jdk15on-1.69 (org.bouncycastle:bcutil-jdk15on:1.69) and bcutil-jdk15to18-1.72.jar -> jetified-bcutil-jdk15to18-1.72 (org.bouncycastle:bcutil-jdk15to18:1.72)
     Duplicate class org.bouncycastle.asn1.tsp.ArchiveTimeStampChain found in modules bcutil-jdk15on-1.69.jar -> jetified-bcutil-jdk15on-1.69 (org.bouncycastle:bcutil-jdk15on:1.69) and bcutil-jdk15to18-1.72.jar -> jetified-bcutil-jdk15to18-1.72 (org.bouncycastle:bcutil-jdk15to18:1.72)
     Duplicate class org.bouncycastle.asn1.tsp.ArchiveTimeStampSequence found in modules bcutil-jdk15on-1.69.jar -> jetified-bcutil-jdk15on-1.69 (org.bouncycastle:bcutil-jdk15on:1.69) and bcutil-jdk15to18-1.72.jar -> jetified-bcutil-jdk15to18-1.72 (org.bouncycastle:bcutil-jdk15to18:1.72)
     Duplicate class org.bouncycastle.asn1.tsp.CryptoInfos found in modules bcutil-jdk15on-1.69.jar -> jetified-bcutil-jdk15on-1.69 (org.bouncycastle:bcutil-jdk15on:1.69) and bcutil-jdk15to18-1.72.jar -> jetified-bcutil-jdk15to18-1.72 (org.bouncycastle:bcutil-jdk15to18:1.72)
     Duplicate class org.bouncycastle.asn1.tsp.EncryptionInfo found in modules bcutil-jdk15on-1.69.jar -> jetified-bcutil-jdk15on-1.69 (org.bouncycastle:bcutil-jdk15on:1.69) and bcutil-jdk15to18-1.72.jar -> jetified-bcutil-jdk15to18-1.72 (org.bouncycastle:bcutil-jdk15to18:1.72)
     Duplicate class org.bouncycastle.asn1.tsp.EvidenceRecord found in modules bcutil-jdk15on-1.69.jar -> jetified-bcutil-jdk15on-1.69 (org.bouncycastle:bcutil-jdk15on:1.69) and bcutil-jdk15to18-1.72.jar -> jetified-bcutil-jdk15to18-1.72 (org.bouncycastle:bcutil-jdk15to18:1.72)
     Duplicate class org.bouncycastle.asn1.tsp.MessageImprint found in modules bcutil-jdk15on-1.69.jar -> jetified-bcutil-jdk15on-1.69 (org.bouncycastle:bcutil-jdk15on:1.69) and bcutil-jdk15to18-1.72.jar -> jetified-bcutil-jdk15to18-1.72 (org.bouncycastle:bcutil-jdk15to18:1.72)
     Duplicate class org.bouncycastle.asn1.tsp.PartialHashtree found in modules bcutil-jdk15on-1.69.jar -> jetified-bcutil-jdk15on-1.69 (org.bouncycastle:bcutil-jdk15on:1.69) and bcutil-jdk15to18-1.72.jar -> jetified-bcutil-jdk15to18-1.72 (org.bouncycastle:bcutil-jdk15to18:1.72)
     Duplicate class org.bouncycastle.asn1.tsp.TSTInfo found in modules bcutil-jdk15on-1.69.jar -> jetified-bcutil-jdk15on-1.69 (org.bouncycastle:bcutil-jdk15on:1.69) and bcutil-jdk15to18-1.72.jar -> jetified-bcutil-jdk15to18-1.72 (org.bouncycastle:bcutil-jdk15to18:1.72)
     Duplicate class org.bouncycastle.asn1.tsp.TimeStampReq found in modules bcutil-jdk15on-1.69.jar -> jetified-bcutil-jdk15on-1.69 (org.bouncycastle:bcutil-jdk15on:1.69) and bcutil-jdk15to18-1.72.jar -> jetified-bcutil-jdk15to18-1.72 (org.bouncycastle:bcutil-jdk15to18:1.72)
     Duplicate class org.bouncycastle.asn1.tsp.TimeStampResp found in modules bcutil-jdk15on-1.69.jar -> jetified-bcutil-jdk15on-1.69 (org.bouncycastle:bcutil-jdk15on:1.69) and bcutil-jdk15to18-1.72.jar -> jetified-bcutil-jdk15to18-1.72 (org.bouncycastle:bcutil-jdk15to18:1.72)
     Duplicate class org.bouncycastle.cert.AttributeCertificateHolder found in modules bcpkix-jdk15on-1.69.jar -> jetified-bcpkix-jdk15on-1.69 (org.bouncycastle:bcpkix-jdk15on:1.69) and bcpkix-jdk15to18-1.72.jar -> jetified-bcpkix-jdk15to18-1.72 (org.bouncycastle:bcpkix-jdk15to18:1.72)
     Duplicate class org.bouncycastle.cert.AttributeCertificateIssuer found in modules bcpkix-jdk15on-1.69.jar -> jetified-bcpkix-jdk15on-1.69 (org.bouncycastle:bcpkix-jdk15on:1.69) and bcpkix-jdk15to18-1.72.jar -> jetified-bcpkix-jdk15to18-1.72 (org.bouncycastle:bcpkix-jdk15to18:1.72)
     Duplicate class org.bouncycastle.cert.CertException found in modules bcpkix-jdk15on-1.69.jar -> jetified-bcpkix-jdk15on-1.69 (org.bouncycastle:bcpkix-jdk15on:1.69) and bcpkix-jdk15to18-1.72.jar -> jetified-bcpkix-jdk15to18-1.72 (org.bouncycastle:bcpkix-jdk15to18:1.72)
     Duplicate class org.bouncycastle.cert.CertIOException found in modules bcpkix-jdk15on-1.69.jar -> jetified-bcpkix-jdk15on-1.69 (org.bouncycastle:bcpkix-jdk15on:1.69) and bcpkix-jdk15to18-1.72.jar -> jetified-bcpkix-jdk15to18-1.72 (org.bouncycastle:bcpkix-jdk15to18:1.72)
     Duplicate class org.bouncycastle.cert.CertRuntimeException found in modules bcpkix-jdk15on-1.69.jar -> jetified-bcpkix-jdk15on-1.69 (org.bouncycastle:bcpkix-jdk15on:1.69) and bcpkix-jdk15to18-1.72.jar -> jetified-bcpkix-jdk15to18-1.72 (org.bouncycastle:bcpkix-jdk15to18:1.72)
     Duplicate class org.bouncycastle.cert.CertUtils found in modules bcpkix-jdk15on-1.69.jar -> jetified-bcpkix-jdk15on-1.69 (org.bouncycastle:bcpkix-jdk15on:1.69) and bcpkix-jdk15to18-1.72.jar -> jetified-bcpkix-jdk15to18-1.72 (org.bouncycastle:bcpkix-jdk15to18:1.72)
     Duplicate class org.bouncycastle.cert.X509AttributeCertificateHolder found in modules bcpkix-jdk15on-1.69.jar -> jetified-bcpkix-jdk15on-1.69 (org.bouncycastle:bcpkix-jdk15on:1.69) and bcpkix-jdk15to18-1.72.jar -> jetified-bcpkix-jdk15to18-1.72 (org.bouncycastle:bcpkix-jdk15to18:1.72)
     Duplicate class org.bouncycastle.cert.X509CRLEntryHolder found in modules bcpkix-jdk15on-1.69.jar -> jetified-bcpkix-jdk15on-1.69 (org.bouncycastle:bcpkix-jdk15on:1.69) and bcpkix-jdk15to18-1.72.jar -> jetified-bcpkix-jdk15to18-1.72 (org.bouncycastle:bcpkix-jdk15to18:1.72)
     Duplicate class org.bouncycastle.cert.X509CRLHolder found in modules bcpkix-jdk15on-1.69.jar -> jetified-bcpkix-jdk15on-1.69 (org.bouncycastle:bcpkix-jdk15on:1.69) and bcpkix-jdk15to18-1.72.jar -> jetified-bcpkix-jdk15to18-1.72 (org.bouncycastle:bcpkix-jdk15to18:1.72)
     Duplicate class org.bouncycastle.cert.X509CertificateHolder found in modules bcpkix-jdk15on-1.69.jar -> jetified-bcpkix-jdk15on-1.69 (org.bouncycastle:bcpkix-jdk15on:1.69) and bcpkix-jdk15to18-1.72.jar -> jetified-bcpkix-jdk15to18-1.72 (org.bouncycastle:bcpkix-jdk15to18:1.72)
     Duplicate class org.bouncycastle.cert.X509ContentVerifierProviderBuilder found in modules bcpkix-jdk15on-1.69.jar -> jetified-bcpkix-jdk15on-1.69 (org.bouncycastle:bcpkix-jdk15on:1.69) and bcpkix-jdk15to18-1.72.jar -> jetified-bcpkix-jdk15to18-1.72 (org.bouncycastle:bcpkix-jdk15to18:1.72)
     Duplicate class org.bouncycastle.cert.X509ExtensionUtils found in modules bcpkix-jdk15on-1.69.jar -> jetified-bcpkix-jdk15on-1.69 (org.bouncycastle:bcpkix-jdk15on:1.69) and bcpkix-jdk15to18-1.72.jar -> jetified-bcpkix-jdk15to18-1.72 (org.bouncycastle:bcpkix-jdk15to18:1.72)
     Duplicate class org.bouncycastle.cert.X509v1CertificateBuilder found in modules bcpkix-jdk15on-1.69.jar -> jetified-bcpkix-jdk15on-1.69 (org.bouncycastle:bcpkix-jdk15on:1.69) and bcpkix-jdk15to18-1.72.jar -> jetified-bcpkix-jdk15to18-1.72 (org.bouncycastle:bcpkix-jdk15to18:1.72)
     Duplicate class org.bouncycastle.cert.X509v2AttributeCertificateBuilder found in modules bcpkix-jdk15on-1.69.jar -> jetified-bcpkix-jdk15on-1.69 (org.bouncycastle:bcpkix-jdk15on:1.69) and bcpkix-jdk15to18-1.72.jar -> jetified-bcpkix-jdk15to18-1.72 (org.bouncycastle:bcpkix-jdk15to18:1.72)
     Duplicate class org.bouncycastle.cert.X509v2CRLBuilder found in modules bcpkix-jdk15on-1.69.jar -> jetified-bcpkix-jdk15on-1.69 (org.bouncycastle:bcpkix-jdk15on:1.69) and bcpkix-jdk15to18-1.72.jar -> jetified-bcpkix-jdk15to18-1.72 (org.bouncycastle:bcpkix-jdk15to18:1.72)
     Duplicate class org.bouncycastle.cert.X509v3CertificateBuilder found in modules bcpkix-jdk15on-1.69.jar -> jetified-bcpkix-jdk15on-1.69 (org.bouncycastle:bcpkix-jdk15on:1.69) and bcpkix-jdk15to18-1.72.jar -> jetified-bcpkix-jdk15to18-1.72 (org.bouncycastle:bcpkix-jdk15to18:1.72)
     Duplicate class org.bouncycastle.cert.bc.BcX509ExtensionUtils found in modules bcpkix-jdk15on-1.69.jar -> jetified-bcpkix-jdk15on-1.69 (org.bouncycastle:bcpkix-jdk15on:1.69) and bcpkix-jdk15to18-1.72.jar -> jetified-bcpkix-jdk15to18-1.72 (org.bouncycastle:bcpkix-jdk15to18:1.72)
     Duplicate class org.bouncycastle.cert.bc.BcX509ExtensionUtils$1 found in modules bcpkix-jdk15on-1.69.jar -> jetified-bcpkix-jdk15on-1.69 (org.bouncycastle:bcpkix-jdk15on:1.69) and bcpkix-jdk15to18-1.72.jar -> jetified-bcpkix-jdk15to18-1.72 (org.bouncycastle:bcpkix-jdk15to18:1.72)
     Duplicate class org.bouncycastle.cert.bc.BcX509ExtensionUtils$SHA1DigestCalculator found in modules bcpkix-jdk15on-1.69.jar -> jetified-bcpkix-jdk15on-1.69 (org.bouncycastle:bcpkix-jdk15on:1.69) and bcpkix-jdk15to18-1.72.jar -> jetified-bcpkix-jdk15to18-1.72 (org.bouncycastle:bcpkix-jdk15to18:1.72)
     Duplicate class org.bouncycastle.cert.bc.BcX509v1CertificateBuilder found in modules bcpkix-jdk15on-1.69.jar -> jetified-bcpkix-jdk15on-1.69 (org.bouncycastle:bcpkix-jdk15on:1.69) and bcpkix-jdk15to18-1.72.jar -> jetified-bcpkix-jdk15to18-1.72 (org.bouncycastle:bcpkix-jdk15to18:1.72)
     Duplicate class org.bouncycastle.cert.bc.BcX509v3CertificateBuilder found in modules bcpkix-jdk15on-1.69.jar -> jetified-bcpkix-jdk15on-1.69 (org.bouncycastle:bcpkix-jdk15on:1.69) and bcpkix-jdk15to18-1.72.jar -> jetified-bcpkix-jdk15to18-1.72 (org.bouncycastle:bcpkix-jdk15to18:1.72)
     Duplicate class org.bouncycastle.cert.cmp.CMPException found in modules bcpkix-jdk15on-1.69.jar -> jetified-bcpkix-jdk15on-1.69 (org.bouncycastle:bcpkix-jdk15on:1.69) and bcpkix-jdk15to18-1.72.jar -> jetified-bcpkix-jdk15to18-1.72 (org.bouncycastle:bcpkix-jdk15to18:1.72)
     Duplicate class org.bouncycastle.cert.cmp.CMPRuntimeException found in modules bcpkix-jdk15on-1.69.jar -> jetified-bcpkix-jdk15on-1.69 (org.bouncycastle:bcpkix-jdk15on:1.69) and bcpkix-jdk15to18-1.72.jar -> jetified-bcpkix-jdk15to18-1.72 (org.bouncycastle:bcpkix-jdk15to18:1.72)
     Duplicate class org.bouncycastle.cert.cmp.CMPUtil found in modules bcpkix-jdk15on-1.69.jar -> jetified-bcpkix-jdk15on-1.69 (org.bouncycastle:bcpkix-jdk15on:1.69) and bcpkix-jdk15to18-1.72.jar -> jetified-bcpkix-jdk15to18-1.72 (org.bouncycastle:bcpkix-jdk15to18:1.72)
     Duplicate class org.bouncycastle.cert.cmp.CertificateConfirmationContent found in modules bcpkix-jdk15on-1.69.jar -> jetified-bcpkix-jdk15on-1.69 (org.bouncycastle:bcpkix-jdk15on:1.69) and bcpkix-jdk15to18-1.72.jar -> jetified-bcpkix-jdk15to18-1.72 (org.bouncycastle:bcpkix-jdk15to18:1.72)
     Duplicate class org.bouncycastle.cert.cmp.CertificateConfirmationContentBuilder found in modules bcpkix-jdk15on-1.69.jar -> jetified-bcpkix-jdk15on-1.69 (org.bouncycastle:bcpkix-jdk15on:1.69) and bcpkix-jdk15to18-1.72.jar -> jetified-bcpkix-jdk15to18-1.72 (org.bouncycastle:bcpkix-jdk15to18:1.72)
     Duplicate class org.bouncycastle.cert.cmp.CertificateStatus found in modules bcpkix-jdk15on-1.69.jar -> jetified-bcpkix-jdk15on-1.69 (org.bouncycastle:bcpkix-jdk15on:1.69) and bcpkix-jdk15to18-1.72.jar -> jetified-bcpkix-jdk15to18-1.72 (org.bouncycastle:bcpkix-jdk15to18:1.72)
     Duplicate class org.bouncycastle.cert.cmp.GeneralPKIMessage found in modules bcpkix-jdk15on-1.69.jar -> jetified-bcpkix-jdk15on-1.69 (org.bouncycastle:bcpkix-jdk15on:1.69) and bcpkix-jdk15to18-1.72.jar -> jetified-bcpkix-jdk15to18-1.72 (org.bouncycastle:bcpkix-jdk15to18:1.72)
     Duplicate class org.bouncycastle.cert.cmp.ProtectedPKIMessage found in modules bcpkix-jdk15on-1.69.jar -> jetified-bcpkix-jdk15on-1.69 (org.bouncycastle:bcpkix-jdk15on:1.69) and bcpkix-jdk15to18-1.72.jar -> jetified-bcpkix-jdk15to18-1.72 (org.bouncycastle:bcpkix-jdk15to18:1.72)
     Duplicate class org.bouncycastle.cert.cmp.ProtectedPKIMessageBuilder found in modules bcpkix-jdk15on-1.69.jar -> jetified-bcpkix-jdk15on-1.69 (org.bouncycastle:bcpkix-jdk15on:1.69) and bcpkix-jdk15to18-1.72.jar -> jetified-bcpkix-jdk15to18-1.72 (org.bouncycastle:bcpkix-jdk15to18:1.72)
     Duplicate class org.bouncycastle.cert.cmp.RevocationDetails found in modules bcpkix-jdk15on-1.69.jar -> jetified-bcpkix-jdk15on-1.69 (org.bouncycastle:bcpkix-jdk15on:1.69) and bcpkix-jdk15to18-1.72.jar -> jetified-bcpkix-jdk15to18-1.72 (org.bouncycastle:bcpkix-jdk15to18:1.72)
     Duplicate class org.bouncycastle.cert.cmp.RevocationDetailsBuilder found in modules bcpkix-jdk15on-1.69.jar -> jetified-bcpkix-jdk15on-1.69 (org.bouncycastle:bcpkix-jdk15on:1.69) and bcpkix-jdk15to18-1.72.jar -> jetified-bcpkix-jdk15to18-1.72 (org.bouncycastle:bcpkix-jdk15to18:1.72)
     Duplicate class org.bouncycastle.cert.crmf.AuthenticatorControl found in modules bcpkix-jdk15on-1.69.jar -> jetified-bcpkix-jdk15on-1.69 (org.bouncycastle:bcpkix-jdk15on:1.69) and bcpkix-jdk15to18-1.72.jar -> jetified-bcpkix-jdk15to18-1.72 (org.bouncycastle:bcpkix-jdk15to18:1.72)
     Duplicate class org.bouncycastle.cert.crmf.CRMFException found in modules bcpkix-jdk15on-1.69.jar -> jetified-bcpkix-jdk15on-1.69 (org.bouncycastle:bcpkix-jdk15on:1.69) and bcpkix-jdk15to18-1.72.jar -> jetified-bcpkix-jdk15to18-1.72 (org.bouncycastle:bcpkix-jdk15to18:1.72)
     Duplicate class org.bouncycastle.cert.crmf.CRMFRuntimeException found in modules bcpkix-jdk15on-1.69.jar -> jetified-bcpkix-jdk15on-1.69 (org.bouncycastle:bcpkix-jdk15on:1.69) and bcpkix-jdk15to18-1.72.jar -> jetified-bcpkix-jdk15to18-1.72 (org.bouncycastle:bcpkix-jdk15to18:1.72)
     Duplicate class org.bouncycastle.cert.crmf.CRMFUtil found in modules bcpkix-jdk15on-1.69.jar -> jetified-bcpkix-jdk15on-1.69 (org.bouncycastle:bcpkix-jdk15on:1.69) and bcpkix-jdk15to18-1.72.jar -> jetified-bcpkix-jdk15to18-1.72 (org.bouncycastle:bcpkix-jdk15to18:1.72)
     Duplicate class org.bouncycastle.cert.crmf.CertificateRequestMessage found in modules bcpkix-jdk15on-1.69.jar -> jetified-bcpkix-jdk15on-1.69 (org.bouncycastle:bcpkix-jdk15on:1.69) and bcpkix-jdk15to18-1.72.jar -> jetified-bcpkix-jdk15to18-1.72 (org.bouncycastle:bcpkix-jdk15to18:1.72)
     Duplicate class org.bouncycastle.cert.crmf.CertificateRequestMessageBuilder found in modules bcpkix-jdk15on-1.69.jar -> jetified-bcpkix-jdk15on-1.69 (org.bouncycastle:bcpkix-jdk15on:1.69) and bcpkix-jdk15to18-1.72.jar -> jetified-bcpkix-jdk15to18-1.72 (org.bouncycastle:bcpkix-jdk15to18:1.72)
     Duplicate class org.bouncycastle.cert.crmf.Control found in modules bcpkix-jdk15on-1.69.jar -> jetified-bcpkix-jdk15on-1.69 (org.bouncycastle:bcpkix-jdk15on:1.69) and bcpkix-jdk15to18-1.72.jar -> jetified-bcpkix-jdk15to18-1.72 (org.bouncycastle:bcpkix-jdk15to18:1.72)
     Duplicate class org.bouncycastle.cert.crmf.EncryptedValueBuilder found in modules bcpkix-jdk15on-1.69.jar -> jetified-bcpkix-jdk15on-1.69 (org.bouncycastle:bcpkix-jdk15on:1.69) and bcpkix-jdk15to18-1.72.jar -> jetified-bcpkix-jdk15to18-1.72 (org.bouncycastle:bcpkix-jdk15to18:1.72)
     Duplicate class org.bouncycastle.cert.crmf.EncryptedValuePadder found in modules bcpkix-jdk15on-1.69.jar -> jetified-bcpkix-jdk15on-1.69 (org.bouncycastle:bcpkix-jdk15on:1.69) and bcpkix-jdk15to18-1.72.jar -> jetified-bcpkix-jdk15to18-1.72 (org.bouncycastle:bcpkix-jdk15to18:1.72)
     Duplicate class org.bouncycastle.cert.crmf.EncryptedValueParser found in modules bcpkix-jdk15on-1.69.jar -> jetified-bcpkix-jdk15on-1.69 (org.bouncycastle:bcpkix-jdk15on:1.69) and bcpkix-jdk15to18-1.72.jar -> jetified-bcpkix-jdk15to18-1.72 (org.bouncycastle:bcpkix-jdk15to18:1.72)
     Duplicate class org.bouncycastle.cert.crmf.PKIArchiveControl found in modules bcpkix-jdk15on-1.69.jar -> jetified-bcpkix-jdk15on-1.69 (org.bouncycastle:bcpkix-jdk15on:1.69) and bcpkix-jdk15to18-1.72.jar -> jetified-bcpkix-jdk15to18-1.72 (org.bouncycastle:bcpkix-jdk15to18:1.72)
     Duplicate class org.bouncycastle.cert.crmf.PKIArchiveControlBuilder found in modules bcpkix-jdk15on-1.69.jar -> jetified-bcpkix-jdk15on-1.69 (org.bouncycastle:bcpkix-jdk15on:1.69) and bcpkix-jdk15to18-1.72.jar -> jetified-bcpkix-jdk15to18-1.72 (org.bouncycastle:bcpkix-jdk15to18:1.72)
     Duplicate class org.bouncycastle.cert.crmf.PKMACBuilder found in modules bcpkix-jdk15on-1.69.jar -> jetified-bcpkix-jdk15on-1.69 (org.bouncycastle:bcpkix-jdk15on:1.69) and bcpkix-jdk15to18-1.72.jar -> jetified-bcpkix-jdk15to18-1.72 (org.bouncycastle:bcpkix-jdk15to18:1.72)
     Duplicate class org.bouncycastle.cert.crmf.PKMACBuilder$1 found in modules bcpkix-jdk15on-1.69.jar -> jetified-bcpkix-jdk15on-1.69 (org.bouncycastle:bcpkix-jdk15on:1.69) and bcpkix-jdk15to18-1.72.jar -> jetified-bcpkix-jdk15to18-1.72 (org.bouncycastle:bcpkix-jdk15to18:1.72)
     Duplicate class org.bouncycastle.cert.crmf.PKMACValueGenerator found in modules bcpkix-jdk15on-1.69.jar -> jetified-bcpkix-jdk15on-1.69 (org.bouncycastle:bcpkix-jdk15on:1.69) and bcpkix-jdk15to18-1.72.jar -> jetified-bcpkix-jdk15to18-1.72 (org.bouncycastle:bcpkix-jdk15to18:1.72)
     Duplicate class org.bouncycastle.cert.crmf.PKMACValueVerifier found in modules bcpkix-jdk15on-1.69.jar -> jetified-bcpkix-jdk15on-1.69 (org.bouncycastle:bcpkix-jdk15on:1.69) and bcpkix-jdk15to18-1.72.jar -> jetified-bcpkix-jdk15to18-1.72 (org.bouncycastle:bcpkix-jdk15to18:1.72)
     Duplicate class org.bouncycastle.cert.crmf.PKMACValuesCalculator found in modules bcpkix-jdk15on-1.69.jar -> jetified-bcpkix-jdk15on-1.69 (org.bouncycastle:bcpkix-jdk15on:1.69) and bcpkix-jdk15to18-1.72.jar -> jetified-bcpkix-jdk15to18-1.72 (org.bouncycastle:bcpkix-jdk15to18:1.72)
     Duplicate class org.bouncycastle.cert.crmf.ProofOfPossessionSigningKeyBuilder found in modules bcpkix-jdk15on-1.69.jar -> jetified-bcpkix-jdk15on-1.69 (org.bouncycastle:bcpkix-jdk15on:1.69) and bcpkix-jdk15to18-1.72.jar -> jetified-bcpkix-jdk15to18-1.72 (org.bouncycastle:bcpkix-jdk15to18:1.72)
     Duplicate class org.bouncycastle.cert.crmf.RegTokenControl found in modules bcpkix-jdk15on-1.69.jar -> jetified-bcpkix-jdk15on-1.69 (org.bouncycastle:bcpkix-jdk15on:1.69) and bcpkix-jdk15to18-1.72.jar -> jetified-bcpkix-jdk15to18-1.72 (org.bouncycastle:bcpkix-jdk15to18:1.72)
     Duplicate class org.bouncycastle.cert.crmf.ValueDecryptorGenerator found in modules bcpkix-jdk15on-1.69.jar -> jetified-bcpkix-jdk15on-1.69 (org.bouncycastle:bcpkix-jdk15on:1.69) and bcpkix-jdk15to18-1.72.jar -> jetified-bcpkix-jdk15to18-1.72 (org.bouncycastle:bcpkix-jdk15to18:1.72)
     Duplicate class org.bouncycastle.cert.crmf.bc.BcCRMFEncryptorBuilder found in modules bcpkix-jdk15on-1.69.jar -> jetified-bcpkix-jdk15on-1.69 (org.bouncycastle:bcpkix-jdk15on:1.69) and bcpkix-jdk15to18-1.72.jar -> jetified-bcpkix-jdk15to18-1.72 (org.bouncycastle:bcpkix-jdk15to18:1.72)
     Duplicate class org.bouncycastle.cert.crmf.bc.BcCRMFEncryptorBuilder$CRMFOutputEncryptor found in modules bcpkix-jdk15on-1.69.jar -> jetified-bcpkix-jdk15on-1.69 (org.bouncycastle:bcpkix-jdk15on:1.69) and bcpkix-jdk15to18-1.72.jar -> jetified-bcpkix-jdk15to18-1.72 (org.bouncycastle:bcpkix-jdk15to18:1.72)
     Duplicate class org.bouncycastle.cert.crmf.bc.BcEncryptedValueBuilder found in modules bcpkix-jdk15on-1.69.jar -> jetified-bcpkix-jdk15on-1.69 (org.bouncycastle:bcpkix-jdk15on:1.69) and bcpkix-jdk15to18-1.72.jar -> jetified-bcpkix-jdk15to18-1.72 (org.bouncycastle:bcpkix-jdk15to18:1.72)
     Duplicate class org.bouncycastle.cert.crmf.bc.BcFixedLengthMGF1Padder found in modules bcpkix-jdk15on-1.69.jar -> jetified-bcpkix-jdk15on-1.69 (org.bouncycastle:bcpkix-jdk15on:1.69) and bcpkix-jdk15to18-1.72.jar -> jetified-bcpkix-jdk15to18-1.72 (org.bouncycastle:bcpkix-jdk15to18:1.72)
     Duplicate class org.bouncycastle.cert.crmf.bc.CRMFHelper found in modules bcpkix-jdk15on-1.69.jar -> jetified-bcpkix-jdk15on-1.69 (org.bouncycastle:bcpkix-jdk15on:1.69) and bcpkix-jdk15to18-1.72.jar -> jetified-bcpkix-jdk15to18-1.72 (org.bouncycastle:bcpkix-jdk15to18:1.72)
     Duplicate class org.bouncycastle.cert.crmf.jcajce.CRMFHelper found in modules bcpkix-jdk15on-1.69.jar -> jetified-bcpkix-jdk15on-1.69 (org.bouncycastle:bcpkix-jdk15on:1.69) and bcpkix-jdk15to18-1.72.jar -> jetified-bcpkix-jdk15to18-1.72 (org.bouncycastle:bcpkix-jdk15to18:1.72)
     Duplicate class org.bouncycastle.cert.crmf.jcajce.CRMFHelper$1 found in modules bcpkix-jdk15on-1.69.jar -> jetified-bcpkix-jdk15on-1.69 (org.bouncycastle:bcpkix-jdk15on:1.69) and bcpkix-jdk15to18-1.72.jar -> jetified-bcpkix-jdk15to18-1.72 (org.bouncycastle:bcpkix-jdk15to18:1.72)
     Duplicate class org.bouncycastle.cert.crmf.jcajce.CRMFHelper$JCECallback found in modules bcpkix-jdk15on-1.69.jar -> jetified-bcpkix-jdk15on-1.69 (org.bouncycastle:bcpkix-jdk15on:1.69) and bcpkix-jdk15to18-1.72.jar -> jetified-bcpkix-jdk15to18-1.72 (org.bouncycastle:bcpkix-jdk15to18:1.72)
     Duplicate class org.bouncycastle.cert.crmf.jcajce.JcaCertificateRequestMessage found in modules bcpkix-jdk15on-1.69.jar -> jetified-bcpkix-jdk15on-1.69 (org.bouncycastle:bcpkix-jdk15on:1.69) and bcpkix-jdk15to18-1.72.jar -> jetified-bcpkix-jdk15to18-1.72 (org.bouncycastle:bcpkix-jdk15to18:1.72)
     Duplicate class org.bouncycastle.cert.crmf.jcajce.JcaCertificateRequestMessageBuilder found in modules bcpkix-jdk15on-1.69.jar -> jetified-bcpkix-jdk15on-1.69 (org.bouncycastle:bcpkix-jdk15on:1.69) and bcpkix-jdk15to18-1.72.jar -> jetified-bcpkix-jdk15to18-1.72 (org.bouncycastle:bcpkix-jdk15to18:1.72)
     Duplicate class org.bouncycastle.cert.crmf.jcajce.JcaEncryptedValueBuilder found in modules bcpkix-jdk15on-1.69.jar -> jetified-bcpkix-jdk15on-1.69 (org.bouncycastle:bcpkix-jdk15on:1.69) and bcpkix-jdk15to18-1.72.jar -> jetified-bcpkix-jdk15to18-1.72 (org.bouncycastle:bcpkix-jdk15to18:1.72)
     Duplicate class org.bouncycastle.cert.crmf.jcajce.JcaPKIArchiveControlBuilder found in modules bcpkix-jdk15on-1.69.jar -> jetified-bcpkix-jdk15on-1.69 (org.bouncycastle:bcpkix-jdk15on:1.69) and bcpkix-jdk15to18-1.72.jar -> jetified-bcpkix-jdk15to18-1.72 (org.bouncycastle:bcpkix-jdk15to18:1.72)
     Duplicate class org.bouncycastle.cert.crmf.jcajce.JceAsymmetricValueDecryptorGenerator found in modules bcpkix-jdk15on-1.69.jar -> jetified-bcpkix-jdk15on-1.69 (org.bouncycastle:bcpkix-jdk15on:1.69) and bcpkix-jdk15to18-1.72.jar -> jetified-bcpkix-jdk15to18-1.72 (org.bouncycastle:bcpkix-jdk15to18:1.72)
     Duplicate class org.bouncycastle.cert.crmf.jcajce.JceAsymmetricValueDecryptorGenerator$1 found in modules bcpkix-jdk15on-1.69.jar -> jetified-bcpkix-jdk15on-1.69 (org.bouncycastle:bcpkix-jdk15on:1.69) and bcpkix-jdk15to18-1.72.jar -> jetified-bcpkix-jdk15to18-1.72 (org.bouncycastle:bcpkix-jdk15to18:1.72)
     Duplicate class org.bouncycastle.cert.crmf.jcajce.JceCRMFEncryptorBuilder found in modules bcpkix-jdk15on-1.69.jar -> jetified-bcpkix-jdk15on-1.69 (org.bouncycastle:bcpkix-jdk15on:1.69) and bcpkix-jdk15to18-1.72.jar -> jetified-bcpkix-jdk15to18-1.72 (org.bouncycastle:bcpkix-jdk15to18:1.72)
     Duplicate class org.bouncycastle.cert.crmf.jcajce.JceCRMFEncryptorBuilder$CRMFOutputEncryptor found in modules bcpkix-jdk15on-1.69.jar -> jetified-bcpkix-jdk15on-1.69 (org.bouncycastle:bcpkix-jdk15on:1.69) and bcpkix-jdk15to18-1.72.jar -> jetified-bcpkix-jdk15to18-1.72 (org.bouncycastle:bcpkix-jdk15to18:1.72)
     Duplicate class org.bouncycastle.cert.crmf.jcajce.JcePKMACValuesCalculator found in modules bcpkix-jdk15on-1.69.jar -> jetified-bcpkix-jdk15on-1.69 (org.bouncycastle:bcpkix-jdk15on:1.69) and bcpkix-jdk15to18-1.72.jar -> jetified-bcpkix-jdk15to18-1.72 (org.bouncycastle:bcpkix-jdk15to18:1.72)
     Duplicate class org.bouncycastle.cert.dane.DANECertificateFetcher found in modules bcpkix-jdk15on-1.69.jar -> jetified-bcpkix-jdk15on-1.69 (org.bouncycastle:bcpkix-jdk15on:1.69) and bcpkix-jdk15to18-1.72.jar -> jetified-bcpkix-jdk15to18-1.72 (org.bouncycastle:bcpkix-jdk15to18:1.72)
     Duplicate class org.bouncycastle.cert.dane.DANEEntry found in modules bcpkix-jdk15on-1.69.jar -> jetified-bcpkix-jdk15on-1.69 (org.bouncycastle:bcpkix-jdk15on:1.69) and bcpkix-jdk15to18-1.72.jar -> jetified-bcpkix-jdk15to18-1.72 (org.bouncycastle:bcpkix-jdk15to18:1.72)
     Duplicate class org.bouncycastle.cert.dane.DANEEntryFactory found in modules bcpkix-jdk15on-1.69.jar -> jetified-bcpkix-jdk15on-1.69 (org.bouncycastle:bcpkix-jdk15on:1.69) and bcpkix-jdk15to18-1.72.jar -> jetified-bcpkix-jdk15to18-1.72 (org.bouncycastle:bcpkix-jdk15to18:1.72)
     Duplicate class org.bouncycastle.cert.dane.DANEEntryFetcher found in modules bcpkix-jdk15on-1.69.jar -> jetified-bcpkix-jdk15on-1.69 (org.bouncycastle:bcpkix-jdk15on:1.69) and bcpkix-jdk15to18-1.72.jar -> jetified-bcpkix-jdk15to18-1.72 (org.bouncycastle:bcpkix-jdk15to18:1.72)
     Duplicate class org.bouncycastle.cert.dane.DANEEntryFetcherFactory found in modules bcpkix-jdk15on-1.69.jar -> jetified-bcpkix-jdk15on-1.69 (org.bouncycastle:bcpkix-jdk15on:1.69) and bcpkix-jdk15to18-1.72.jar -> jetified-bcpkix-jdk15to18-1.72 (org.bouncycastle:bcpkix-jdk15to18:1.72)
     Duplicate class org.bouncycastle.cert.dane.DANEEntrySelector found in modules bcpkix-jdk15on-1.69.jar -> jetified-bcpkix-jdk15on-1.69 (org.bouncycastle:bcpkix-jdk15on:1.69) and bcpkix-jdk15to18-1.72.jar -> jetified-bcpkix-jdk15to18-1.72 (org.bouncycastle:bcpkix-jdk15to18:1.72)
     Duplicate class org.bouncycastle.cert.dane.DANEEntrySelectorFactory found in modules bcpkix-jdk15on-1.69.jar -> jetified-bcpkix-jdk15on-1.69 (org.bouncycastle:bcpkix-jdk15on:1.69) and bcpkix-jdk15to18-1.72.jar -> jetified-bcpkix-jdk15to18-1.72 (org.bouncycastle:bcpkix-jdk15to18:1.72)
     Duplicate class org.bouncycastle.cert.dane.DANEEntryStore found in modules bcpkix-jdk15on-1.69.jar -> jetified-bcpkix-jdk15on-1.69 (org.bouncycastle:bcpkix-jdk15on:1.69) and bcpkix-jdk15to18-1.72.jar -> jetified-bcpkix-jdk15to18-1.72 (org.bouncycastle:bcpkix-jdk15to18:1.72)
     Duplicate class org.bouncycastle.cert.dane.DANEEntryStoreBuilder found in modules bcpkix-jdk15on-1.69.jar -> jetified-bcpkix-jdk15on-1.69 (org.bouncycastle:bcpkix-jdk15on:1.69) and bcpkix-jdk15to18-1.72.jar -> jetified-bcpkix-jdk15to18-1.72 (org.bouncycastle:bcpkix-jdk15to18:1.72)
     Duplicate class org.bouncycastle.cert.dane.DANEException found in modules bcpkix-jdk15on-1.69.jar -> jetified-bcpkix-jdk15on-1.69 (org.bouncycastle:bcpkix-jdk15on:1.69) and bcpkix-jdk15to18-1.72.jar -> jetified-bcpkix-jdk15to18-1.72 (org.bouncycastle:bcpkix-jdk15to18:1.72)
     Duplicate class org.bouncycastle.cert.dane.TruncatingDigestCalculator found in modules bcpkix-jdk15on-1.69.jar -> jetified-bcpkix-jdk15on-1.69 (org.bouncycastle:bcpkix-jdk15on:1.69) and bcpkix-jdk15to18-1.72.jar -> jetified-bcpkix-jdk15to18-1.72 (org.bouncycastle:bcpkix-jdk15to18:1.72)
     Duplicate class org.bouncycastle.cert.dane.fetcher.JndiDANEFetcherFactory found in modules bcpkix-jdk15on-1.69.jar -> jetified-bcpkix-jdk15on-1.69 (org.bouncycastle:bcpkix-jdk15on:1.69) and bcpkix-jdk15to18-1.72.jar -> jetified-bcpkix-jdk15to18-1.72 (org.bouncycastle:bcpkix-jdk15to18:1.72)
     Duplicate class org.bouncycastle.cert.dane.fetcher.JndiDANEFetcherFactory$1 found in modules bcpkix-jdk15on-1.69.jar -> jetified-bcpkix-jdk15on-1.69 (org.bouncycastle:bcpkix-jdk15on:1.69) and bcpkix-jdk15to18-1.72.jar -> jetified-bcpkix-jdk15to18-1.72 (org.bouncycastle:bcpkix-jdk15to18:1.72)
     Duplicate class org.bouncycastle.cert.jcajce.CertHelper found in modules bcpkix-jdk15on-1.69.jar -> jetified-bcpkix-jdk15on-1.69 (org.bouncycastle:bcpkix-jdk15on:1.69) and bcpkix-jdk15to18-1.72.jar -> jetified-bcpkix-jdk15to18-1.72 (org.bouncycastle:bcpkix-jdk15to18:1.72)
     Duplicate class org.bouncycastle.cert.jcajce.DefaultCertHelper found in modules bcpkix-jdk15on-1.69.jar -> jetified-bcpkix-jdk15on-1.69 (org.bouncycastle:bcpkix-jdk15on:1.69) and bcpkix-jdk15to18-1.72.jar -> jetified-bcpkix-jdk15to18-1.72 (org.bouncycastle:bcpkix-jdk15to18:1.72)
     Duplicate class org.bouncycastle.cert.jcajce.JcaAttributeCertificateIssuer found in modules bcpkix-jdk15on-1.69.jar -> jetified-bcpkix-jdk15on-1.69 (org.bouncycastle:bcpkix-jdk15on:1.69) and bcpkix-jdk15to18-1.72.jar -> jetified-bcpkix-jdk15to18-1.72 (org.bouncycastle:bcpkix-jdk15to18:1.72)
     Duplicate class org.bouncycastle.cert.jcajce.JcaCRLStore found in modules bcpkix-jdk15on-1.69.jar -> jetified-bcpkix-jdk15on-1.69 (org.bouncycastle:bcpkix-jdk15on:1.69) and bcpkix-jdk15to18-1.72.jar -> jetified-bcpkix-jdk15to18-1.72 (org.bouncycastle:bcpkix-jdk15to18:1.72)
     Duplicate class org.bouncycastle.cert.jcajce.JcaCertStore found in modules bcpkix-jdk15on-1.69.jar -> jetified-bcpkix-jdk15on-1.69 (org.bouncycastle:bcpkix-jdk15on:1.69) and bcpkix-jdk15to18-1.72.jar -> jetified-bcpkix-jdk15to18-1.72 (org.bouncycastle:bcpkix-jdk15to18:1.72)
     Duplicate class org.bouncycastle.cert.jcajce.JcaCertStoreBuilder found in modules bcpkix-jdk15on-1.69.jar -> jetified-bcpkix-jdk15on-1.69 (org.bouncycastle:bcpkix-jdk15on:1.69) and bcpkix-jdk15to18-1.72.jar -> jetified-bcpkix-jdk15to18-1.72 (org.bouncycastle:bcpkix-jdk15to18:1.72)
     Duplicate class org.bouncycastle.cert.jcajce.JcaX500NameUtil found in modules bcpkix-jdk15on-1.69.jar -> jetified-bcpkix-jdk15on-1.69 (org.bouncycastle:bcpkix-jdk15on:1.69) and bcpkix-jdk15to18-1.72.jar -> jetified-bcpkix-jdk15to18-1.72 (org.bouncycastle:bcpkix-jdk15to18:1.72)
     Duplicate class org.bouncycastle.cert.jcajce.JcaX509CRLConverter found in modules bcpkix-jdk15on-1.69.jar -> jetified-bcpkix-jdk15on-1.69 (org.bouncycastle:bcpkix-jdk15on:1.69) and bcpkix-jdk15to18-1.72.jar -> jetified-bcpkix-jdk15to18-1.72 (org.bouncycastle:bcpkix-jdk15to18:1.72)
     Duplicate class org.bouncycastle.cert.jcajce.JcaX509CRLConverter$ExCRLException found in modules bcpkix-jdk15on-1.69.jar -> jetified-bcpkix-jdk15on-1.69 (org.bouncycastle:bcpkix-jdk15on:1.69) and bcpkix-jdk15to18-1.72.jar -> jetified-bcpkix-jdk15to18-1.72 (org.bouncycastle:bcpkix-jdk15to18:1.72)
     Duplicate class org.bouncycastle.cert.jcajce.JcaX509CRLHolder found in modules bcpkix-jdk15on-1.69.jar -> jetified-bcpkix-jdk15on-1.69 (org.bouncycastle:bcpkix-jdk15on:1.69) and bcpkix-jdk15to18-1.72.jar -> jetified-bcpkix-jdk15to18-1.72 (org.bouncycastle:bcpkix-jdk15to18:1.72)
     Duplicate class org.bouncycastle.cert.jcajce.JcaX509CertificateConverter found in modules bcpkix-jdk15on-1.69.jar -> jetified-bcpkix-jdk15on-1.69 (org.bouncycastle:bcpkix-jdk15on:1.69) and bcpkix-jdk15to18-1.72.jar -> jetified-bcpkix-jdk15to18-1.72 (org.bouncycastle:bcpkix-jdk15to18:1.72)
     Duplicate class org.bouncycastle.cert.jcajce.JcaX509CertificateConverter$ExCertificateException found in modules bcpkix-jdk15on-1.69.jar -> jetified-bcpkix-jdk15on-1.69 (org.bouncycastle:bcpkix-jdk15on:1.69) and bcpkix-jdk15to18-1.72.jar -> jetified-bcpkix-jdk15to18-1.72 (org.bouncycastle:bcpkix-jdk15to18:1.72)
     Duplicate class org.bouncycastle.cert.jcajce.JcaX509CertificateConverter$ExCertificateParsingException found in modules bcpkix-jdk15on-1.69.jar -> jetified-bcpkix-jdk15on-1.69 (org.bouncycastle:bcpkix-jdk15on:1.69) and bcpkix-jdk15to18-1.72.jar -> jetified-bcpkix-jdk15to18-1.72 (org.bouncycastle:bcpkix-jdk15to18:1.72)
     Duplicate class org.bouncycastle.cert.jcajce.JcaX509CertificateHolder found in modules bcpkix-jdk15on-1.69.jar -> jetified-bcpkix-jdk15on-1.69 (org.bouncycastle:bcpkix-jdk15on:1.69) and bcpkix-jdk15to18-1.72.jar -> jetified-bcpkix-jdk15to18-1.72 (org.bouncycastle:bcpkix-jdk15to18:1.72)
     Duplicate class org.bouncycastle.cert.jcajce.JcaX509ContentVerifierProviderBuilder found in modules bcpkix-jdk15on-1.69.jar -> jetified-bcpkix-jdk15on-1.69 (org.bouncycastle:bcpkix-jdk15on:1.69) and bcpkix-jdk15to18-1.72.jar -> jetified-bcpkix-jdk15to18-1.72 (org.bouncycastle:bcpkix-jdk15to18:1.72)
     Duplicate class org.bouncycastle.cert.jcajce.JcaX509ExtensionUtils found in modules bcpkix-jdk15on-1.69.jar -> jetified-bcpkix-jdk15on-1.69 (org.bouncycastle:bcpkix-jdk15on:1.69) and bcpkix-jdk15to18-1.72.jar -> jetified-bcpkix-jdk15to18-1.72 (org.bouncycastle:bcpkix-jdk15to18:1.72)
     Duplicate class org.bouncycastle.cert.jcajce.JcaX509ExtensionUtils$SHA1DigestCalculator found in modules bcpkix-jdk15on-1.69.jar -> jetified-bcpkix-jdk15on-1.69 (org.bouncycastle:bcpkix-jdk15on:1.69) and bcpkix-jdk15to18-1.72.jar -> jetified-bcpkix-jdk15to18-1.72 (org.bouncycastle:bcpkix-jdk15to18:1.72)
     Duplicate class org.bouncycastle.cert.jcajce.JcaX509v1CertificateBuilder found in modules bcpkix-jdk15on-1.69.jar -> jetified-bcpkix-jdk15on-1.69 (org.bouncycastle:bcpkix-jdk15on:1.69) and bcpkix-jdk15to18-1.72.jar -> jetified-bcpkix-jdk15to18-1.72 (org.bouncycastle:bcpkix-jdk15to18:1.72)
     Duplicate class org.bouncycastle.cert.jcajce.JcaX509v2CRLBuilder found in modules bcpkix-jdk15on-1.69.jar -> jetified-bcpkix-jdk15on-1.69 (org.bouncycastle:bcpkix-jdk15on:1.69) and bcpkix-jdk15to18-1.72.jar -> jetified-bcpkix-jdk15to18-1.72 (org.bouncycastle:bcpkix-jdk15to18:1.72)
     Duplicate class org.bouncycastle.cert.jcajce.JcaX509v3CertificateBuilder found in modules bcpkix-jdk15on-1.69.jar -> jetified-bcpkix-jdk15on-1.69 (org.bouncycastle:bcpkix-jdk15on:1.69) and bcpkix-jdk15to18-1.72.jar -> jetified-bcpkix-jdk15to18-1.72 (org.bouncycastle:bcpkix-jdk15to18:1.72)
     Duplicate class org.bouncycastle.cert.jcajce.NamedCertHelper found in modules bcpkix-jdk15on-1.69.jar -> jetified-bcpkix-jdk15on-1.69 (org.bouncycastle:bcpkix-jdk15on:1.69) and bcpkix-jdk15to18-1.72.jar -> jetified-bcpkix-jdk15to18-1.72 (org.bouncycastle:bcpkix-jdk15to18:1.72)
     Duplicate class org.bouncycastle.cert.jcajce.ProviderCertHelper found in modules bcpkix-jdk15on-1.69.jar -> jetified-bcpkix-jdk15on-1.69 (org.bouncycastle:bcpkix-jdk15on:1.69) and bcpkix-jdk15to18-1.72.jar -> jetified-bcpkix-jdk15to18-1.72 (org.bouncycastle:bcpkix-jdk15to18:1.72)
     Duplicate class org.bouncycastle.cert.ocsp.BasicOCSPResp found in modules bcpkix-jdk15on-1.69.jar -> jetified-bcpkix-jdk15on-1.69 (org.bouncycastle:bcpkix-jdk15on:1.69) and bcpkix-jdk15to18-1.72.jar -> jetified-bcpkix-jdk15to18-1.72 (org.bouncycastle:bcpkix-jdk15to18:1.72)
     Duplicate class org.bouncycastle.cert.ocsp.BasicOCSPRespBuilder found in modules bcpkix-jdk15on-1.69.jar -> jetified-bcpkix-jdk15on-1.69 (org.bouncycastle:bcpkix-jdk15on:1.69) and bcpkix-jdk15to18-1.72.jar -> jetified-bcpkix-jdk15to18-1.72 (org.bouncycastle:bcpkix-jdk15to18:1.72)
     Duplicate class org.bouncycastle.cert.ocsp.BasicOCSPRespBuilder$ResponseObject found in modules bcpkix-jdk15on-1.69.jar -> jetified-bcpkix-jdk15on-1.69 (org.bouncycastle:bcpkix-jdk15on:1.69) and bcpkix-jdk15to18-1.72.jar -> jetified-bcpkix-jdk15to18-1.72 (org.bouncycastle:bcpkix-jdk15to18:1.72)
     Duplicate class org.bouncycastle.cert.ocsp.CertificateID found in modules bcpkix-jdk15on-1.69.jar -> jetified-bcpkix-jdk15on-1.69 (org.bouncycastle:bcpkix-jdk15on:1.69) and bcpkix-jdk15to18-1.72.jar -> jetified-bcpkix-jdk15to18-1.72 (org.bouncycastle:bcpkix-jdk15to18:1.72)
     Duplicate class org.bouncycastle.cert.ocsp.CertificateStatus found in modules bcpkix-jdk15on-1.69.jar -> jetified-bcpkix-jdk15on-1.69 (org.bouncycastle:bcpkix-jdk15on:1.69) and bcpkix-jdk15to18-1.72.jar -> jetified-bcpkix-jdk15to18-1.72 (org.bouncycastle:bcpkix-jdk15to18:1.72)
     Duplicate class org.bouncycastle.cert.ocsp.OCSPException found in modules bcpkix-jdk15on-1.69.jar -> jetified-bcpkix-jdk15on-1.69 (org.bouncycastle:bcpkix-jdk15on:1.69) and bcpkix-jdk15to18-1.72.jar -> jetified-bcpkix-jdk15to18-1.72 (org.bouncycastle:bcpkix-jdk15to18:1.72)
     Duplicate class org.bouncycastle.cert.ocsp.OCSPReq found in modules bcpkix-jdk15on-1.69.jar -> jetified-bcpkix-jdk15on-1.69 (org.bouncycastle:bcpkix-jdk15on:1.69) and bcpkix-jdk15to18-1.72.jar -> jetified-bcpkix-jdk15to18-1.72 (org.bouncycastle:bcpkix-jdk15to18:1.72)
     Duplicate class org.bouncycastle.cert.ocsp.OCSPReqBuilder found in modules bcpkix-jdk15on-1.69.jar -> jetified-bcpkix-jdk15on-1.69 (org.bouncycastle:bcpkix-jdk15on:1.69) and bcpkix-jdk15to18-1.72.jar -> jetified-bcpkix-jdk15to18-1.72 (org.bouncycastle:bcpkix-jdk15to18:1.72)
     Duplicate class org.bouncycastle.cert.ocsp.OCSPReqBuilder$RequestObject found in modules bcpkix-jdk15on-1.69.jar -> jetified-bcpkix-jdk15on-1.69 (org.bouncycastle:bcpkix-jdk15on:1.69) and bcpkix-jdk15to18-1.72.jar -> jetified-bcpkix-jdk15to18-1.72 (org.bouncycastle:bcpkix-jdk15to18:1.72)
     Duplicate class org.bouncycastle.cert.ocsp.OCSPResp found in modules bcpkix-jdk15on-1.69.jar -> jetified-bcpkix-jdk15on-1.69 (org.bouncycastle:bcpkix-jdk15on:1.69) and bcpkix-jdk15to18-1.72.jar -> jetified-bcpkix-jdk15to18-1.72 (org.bouncycastle:bcpkix-jdk15to18:1.72)
     Duplicate class org.bouncycastle.cert.ocsp.OCSPRespBuilder found in modules bcpkix-jdk15on-1.69.jar -> jetified-bcpkix-jdk15on-1.69 (org.bouncycastle:bcpkix-jdk15on:1.69) and bcpkix-jdk15to18-1.72.jar -> jetified-bcpkix-jdk15to18-1.72 (org.bouncycastle:bcpkix-jdk15to18:1.72)
     Duplicate class org.bouncycastle.cert.ocsp.OCSPUtils found in modules bcpkix-jdk15on-1.69.jar -> jetified-bcpkix-jdk15on-1.69 (org.bouncycastle:bcpkix-jdk15on:1.69) and bcpkix-jdk15to18-1.72.jar -> jetified-bcpkix-jdk15to18-1.72 (org.bouncycastle:bcpkix-jdk15to18:1.72)
     Duplicate class org.bouncycastle.cert.ocsp.Req found in modules bcpkix-jdk15on-1.69.jar -> jetified-bcpkix-jdk15on-1.69 (org.bouncycastle:bcpkix-jdk15on:1.69) and bcpkix-jdk15to18-1.72.jar -> jetified-bcpkix-jdk15to18-1.72 (org.bouncycastle:bcpkix-jdk15to18:1.72)
     Duplicate class org.bouncycastle.cert.ocsp.RespData found in modules bcpkix-jdk15on-1.69.jar -> jetified-bcpkix-jdk15on-1.69 (org.bouncycastle:bcpkix-jdk15on:1.69) and bcpkix-jdk15to18-1.72.jar -> jetified-bcpkix-jdk15to18-1.72 (org.bouncycastle:bcpkix-jdk15to18:1.72)
     Duplicate class org.bouncycastle.cert.ocsp.RespID found in modules bcpkix-jdk15on-1.69.jar -> jetified-bcpkix-jdk15on-1.69 (org.bouncycastle:bcpkix-jdk15on:1.69) and bcpkix-jdk15to18-1.72.jar -> jetified-bcpkix-jdk15to18-1.72 (org.bouncycastle:bcpkix-jdk15to18:1.72)
     Duplicate class org.bouncycastle.cert.ocsp.RevokedStatus found in modules bcpkix-jdk15on-1.69.jar -> jetified-bcpkix-jdk15on-1.69 (org.bouncycastle:bcpkix-jdk15on:1.69) and bcpkix-jdk15to18-1.72.jar -> jetified-bcpkix-jdk15to18-1.72 (org.bouncycastle:bcpkix-jdk15to18:1.72)
     Duplicate class org.bouncycastle.cert.ocsp.SingleResp found in modules bcpkix-jdk15on-1.69.jar -> jetified-bcpkix-jdk15on-1.69 (org.bouncycastle:bcpkix-jdk15on:1.69) and bcpkix-jdk15to18-1.72.jar -> jetified-bcpkix-jdk15to18-1.72 (org.bouncycastle:bcpkix-jdk15to18:1.72)
     Duplicate class org.bouncycastle.cert.ocsp.UnknownStatus found in modules bcpkix-jdk15on-1.69.jar -> jetified-bcpkix-jdk15on-1.69 (org.bouncycastle:bcpkix-jdk15on:1.69) and bcpkix-jdk15to18-1.72.jar -> jetified-bcpkix-jdk15to18-1.72 (org.bouncycastle:bcpkix-jdk15to18:1.72)
     Duplicate class org.bouncycastle.cert.ocsp.jcajce.JcaBasicOCSPRespBuilder found in modules bcpkix-jdk15on-1.69.jar -> jetified-bcpkix-jdk15on-1.69 (org.bouncycastle:bcpkix-jdk15on:1.69) and bcpkix-jdk15to18-1.72.jar -> jetified-bcpkix-jdk15to18-1.72 (org.bouncycastle:bcpkix-jdk15to18:1.72)
     Duplicate class org.bouncycastle.cert.ocsp.jcajce.JcaCertificateID found in modules bcpkix-jdk15on-1.69.jar -> jetified-bcpkix-jdk15on-1.69 (org.bouncycastle:bcpkix-jdk15on:1.69) and bcpkix-jdk15to18-1.72.jar -> jetified-bcpkix-jdk15to18-1.72 (org.bouncycastle:bcpkix-jdk15to18:1.72)
     Duplicate class org.bouncycastle.cert.ocsp.jcajce.JcaRespID found in modules bcpkix-jdk15on-1.69.jar -> jetified-bcpkix-jdk15on-1.69 (org.bouncycastle:bcpkix-jdk15on:1.69) and bcpkix-jdk15to18-1.72.jar -> jetified-bcpkix-jdk15to18-1.72 (org.bouncycastle:bcpkix-jdk15to18:1.72)
     Duplicate class org.bouncycastle.cert.path.CertPath found in modules bcpkix-jdk15on-1.69.jar -> jetified-bcpkix-jdk15on-1.69 (org.bouncycastle:bcpkix-jdk15on:1.69) and bcpkix-jdk15to18-1.72.jar -> jetified-bcpkix-jdk15to18-1.72 (org.bouncycastle:bcpkix-jdk15to18:1.72)
     Duplicate class org.bouncycastle.cert.path.CertPathUtils found in modules bcpkix-jdk15on-1.69.jar -> jetified-bcpkix-jdk15on-1.69 (org.bouncycastle:bcpkix-jdk15on:1.69) and bcpkix-jdk15to18-1.72.jar -> jetified-bcpkix-jdk15to18-1.72 (org.bouncycastle:bcpkix-jdk15to18:1.72)
     Duplicate class org.bouncycastle.cert.path.CertPathValidation found in modules bcpkix-jdk15on-1.69.jar -> jetified-bcpkix-jdk15on-1.69 (org.bouncycastle:bcpkix-jdk15on:1.69) and bcpkix-jdk15to18-1.72.jar -> jetified-bcpkix-jdk15to18-1.72 (org.bouncycastle:bcpkix-jdk15to18:1.72)
     Duplicate class org.bouncycastle.cert.path.CertPathValidationContext found in modules bcpkix-jdk15on-1.69.jar -> jetified-bcpkix-jdk15on-1.69 (org.bouncycastle:bcpkix-jdk15on:1.69) and bcpkix-jdk15to18-1.72.jar -> jetified-bcpkix-jdk15to18-1.72 (org.bouncycastle:bcpkix-jdk15to18:1.72)
     Duplicate class org.bouncycastle.cert.path.CertPathValidationException found in modules bcpkix-jdk15on-1.69.jar -> jetified-bcpkix-jdk15on-1.69 (org.bouncycastle:bcpkix-jdk15on:1.69) and bcpkix-jdk15to18-1.72.jar -> jetified-bcpkix-jdk15to18-1.72 (org.bouncycastle:bcpkix-jdk15to18:1.72)
     Duplicate class org.bouncycastle.cert.path.CertPathValidationResult found in modules bcpkix-jdk15on-1.69.jar -> jetified-bcpkix-jdk15on-1.69 (org.bouncycastle:bcpkix-jdk15on:1.69) and bcpkix-jdk15to18-1.72.jar -> jetified-bcpkix-jdk15to18-1.72 (org.bouncycastle:bcpkix-jdk15to18:1.72)
     Duplicate class org.bouncycastle.cert.path.CertPathValidationResultBuilder found in modules bcpkix-jdk15on-1.69.jar -> jetified-bcpkix-jdk15on-1.69 (org.bouncycastle:bcpkix-jdk15on:1.69) and bcpkix-jdk15to18-1.72.jar -> jetified-bcpkix-jdk15to18-1.72 (org.bouncycastle:bcpkix-jdk15to18:1.72)
     Duplicate class org.bouncycastle.cert.path.validations.BasicConstraintsValidation found in modules bcpkix-jdk15on-1.69.jar -> jetified-bcpkix-jdk15on-1.69 (org.bouncycastle:bcpkix-jdk15on:1.69) and bcpkix-jdk15to18-1.72.jar -> jetified-bcpkix-jdk15to18-1.72 (org.bouncycastle:bcpkix-jdk15to18:1.72)
     Duplicate class org.bouncycastle.cert.path.validations.CRLValidation found in modules bcpkix-jdk15on-1.69.jar -> jetified-bcpkix-jdk15on-1.69 (org.bouncycastle:bcpkix-jdk15on:1.69) and bcpkix-jdk15to18-1.72.jar -> jetified-bcpkix-jdk15to18-1.72 (org.bouncycastle:bcpkix-jdk15to18:1.72)
     Duplicate class org.bouncycastle.cert.path.validations.CRLValidation$1 found in modules bcpkix-jdk15on-1.69.jar -> jetified-bcpkix-jdk15on-1.69 (org.bouncycastle:bcpkix-jdk15on:1.69) and bcpkix-jdk15to18-1.72.jar -> jetified-bcpkix-jdk15to18-1.72 (org.bouncycastle:bcpkix-jdk15to18:1.72)
     Duplicate class org.bouncycastle.cert.path.validations.CertificatePoliciesValidation found in modules bcpkix-jdk15on-1.69.jar -> jetified-bcpkix-jdk15on-1.69 (org.bouncycastle:bcpkix-jdk15on:1.69) and bcpkix-jdk15to18-1.72.jar -> jetified-bcpkix-jdk15to18-1.72 (org.bouncycastle:bcpkix-jdk15to18:1.72)
     Duplicate class org.bouncycastle.cert.path.validations.CertificatePoliciesValidationBuilder found in modules bcpkix-jdk15on-1.69.jar -> jetified-bcpkix-jdk15on-1.69 (org.bouncycastle:bcpkix-jdk15on:1.69) and bcpkix-jdk15to18-1.72.jar -> jetified-bcpkix-jdk15to18-1.72 (org.bouncycastle:bcpkix-jdk15to18:1.72)
     Duplicate class org.bouncycastle.cert.path.validations.KeyUsageValidation found in modules bcpkix-jdk15on-1.69.jar -> jetified-bcpkix-jdk15on-1.69 (org.bouncycastle:bcpkix-jdk15on:1.69) and bcpkix-jdk15to18-1.72.jar -> jetified-bcpkix-jdk15to18-1.72 (org.bouncycastle:bcpkix-jdk15to18:1.72)
     Duplicate class org.bouncycastle.cert.path.validations.ParentCertIssuedValidation found in modules bcpkix-jdk15on-1.69.jar -> jetified-bcpkix-jdk15on-1.69 (org.bouncycastle:bcpkix-jdk15on:1.69) and bcpkix-jdk15to18-1.72.jar -> jetified-bcpkix-jdk15to18-1.72 (org.bouncycastle:bcpkix-jdk15to18:1.72)
     Duplicate class org.bouncycastle.cert.path.validations.ValidationUtils found in modules bcpkix-jdk15on-1.69.jar -> jetified-bcpkix-jdk15on-1.69 (org.bouncycastle:bcpkix-jdk15on:1.69) and bcpkix-jdk15to18-1.72.jar -> jetified-bcpkix-jdk15to18-1.72 (org.bouncycastle:bcpkix-jdk15to18:1.72)
     Duplicate class org.bouncycastle.cert.selector.MSOutlookKeyIdCalculator found in modules bcpkix-jdk15on-1.69.jar -> jetified-bcpkix-jdk15on-1.69 (org.bouncycastle:bcpkix-jdk15on:1.69) and bcpkix-jdk15to18-1.72.jar -> jetified-bcpkix-jdk15to18-1.72 (org.bouncycastle:bcpkix-jdk15to18:1.72)
     Duplicate class org.bouncycastle.cert.selector.MSOutlookKeyIdCalculator$GeneralDigest found in modules bcpkix-jdk15on-1.69.jar -> jetified-bcpkix-jdk15on-1.69 (org.bouncycastle:bcpkix-jdk15on:1.69) and bcpkix-jdk15to18-1.72.jar -> jetified-bcpkix-jdk15to18-1.72 (org.bouncycastle:bcpkix-jdk15to18:1.72)
     Duplicate class org.bouncycastle.cert.selector.MSOutlookKeyIdCalculator$SHA1Digest found in modules bcpkix-jdk15on-1.69.jar -> jetified-bcpkix-jdk15on-1.69 (org.bouncycastle:bcpkix-jdk15on:1.69) and bcpkix-jdk15to18-1.72.jar -> jetified-bcpkix-jdk15to18-1.72 (org.bouncycastle:bcpkix-jdk15to18:1.72)
     Duplicate class org.bouncycastle.cert.selector.X509AttributeCertificateHolderSelector found in modules bcpkix-jdk15on-1.69.jar -> jetified-bcpkix-jdk15on-1.69 (org.bouncycastle:bcpkix-jdk15on:1.69) and bcpkix-jdk15to18-1.72.jar -> jetified-bcpkix-jdk15to18-1.72 (org.bouncycastle:bcpkix-jdk15to18:1.72)
     Duplicate class org.bouncycastle.cert.selector.X509AttributeCertificateHolderSelectorBuilder found in modules bcpkix-jdk15on-1.69.jar -> jetified-bcpkix-jdk15on-1.69 (org.bouncycastle:bcpkix-jdk15on:1.69) and bcpkix-jdk15to18-1.72.jar -> jetified-bcpkix-jdk15to18-1.72 (org.bouncycastle:bcpkix-jdk15to18:1.72)
     Duplicate class org.bouncycastle.cert.selector.X509CertificateHolderSelector found in modules bcpkix-jdk15on-1.69.jar -> jetified-bcpkix-jdk15on-1.69 (org.bouncycastle:bcpkix-jdk15on:1.69) and bcpkix-jdk15to18-1.72.jar -> jetified-bcpkix-jdk15to18-1.72 (org.bouncycastle:bcpkix-jdk15to18:1.72)
     Duplicate class org.bouncycastle.cert.selector.jcajce.JcaSelectorConverter found in modules bcpkix-jdk15on-1.69.jar -> jetified-bcpkix-jdk15on-1.69 (org.bouncycastle:bcpkix-jdk15on:1.69) and bcpkix-jdk15to18-1.72.jar -> jetified-bcpkix-jdk15to18-1.72 (org.bouncycastle:bcpkix-jdk15to18:1.72)
     Duplicate class org.bouncycastle.cert.selector.jcajce.JcaX509CertSelectorConverter found in modules bcpkix-jdk15on-1.69.jar -> jetified-bcpkix-jdk15on-1.69 (org.bouncycastle:bcpkix-jdk15on:1.69) and bcpkix-jdk15to18-1.72.jar -> jetified-bcpkix-jdk15to18-1.72 (org.bouncycastle:bcpkix-jdk15to18:1.72)
     Duplicate class org.bouncycastle.cert.selector.jcajce.JcaX509CertificateHolderSelector found in modules bcpkix-jdk15on-1.69.jar -> jetified-bcpkix-jdk15on-1.69 (org.bouncycastle:bcpkix-jdk15on:1.69) and bcpkix-jdk15to18-1.72.jar -> jetified-bcpkix-jdk15to18-1.72 (org.bouncycastle:bcpkix-jdk15to18:1.72)
     Duplicate class org.bouncycastle.cmc.CMCException found in modules bcpkix-jdk15on-1.69.jar -> jetified-bcpkix-jdk15on-1.69 (org.bouncycastle:bcpkix-jdk15on:1.69) and bcpkix-jdk15to18-1.72.jar -> jetified-bcpkix-jdk15to18-1.72 (org.bouncycastle:bcpkix-jdk15to18:1.72)
     Duplicate class org.bouncycastle.cmc.SimplePKIResponse found in modules bcpkix-jdk15on-1.69.jar -> jetified-bcpkix-jdk15on-1.69 (org.bouncycastle:bcpkix-jdk15on:1.69) and bcpkix-jdk15to18-1.72.jar -> jetified-bcpkix-jdk15to18-1.72 (org.bouncycastle:bcpkix-jdk15to18:1.72)
     Duplicate class org.bouncycastle.cms.AuthAttributesProvider found in modules bcpkix-jdk15on-1.69.jar -> jetified-bcpkix-jdk15on-1.69 (org.bouncycastle:bcpkix-jdk15on:1.69) and bcpkix-jdk15to18-1.72.jar -> jetified-bcpkix-jdk15to18-1.72 (org.bouncycastle:bcpkix-jdk15to18:1.72)
     Duplicate class org.bouncycastle.cms.CMSAbsentContent found in modules bcpkix-jdk15on-1.69.jar -> jetified-bcpkix-jdk15on-1.69 (org.bouncycastle:bcpkix-jdk15on:1.69) and bcpkix-jdk15to18-1.72.jar -> jetified-bcpkix-jdk15to18-1.72 (org.bouncycastle:bcpkix-jdk15to18:1.72)
     Duplicate class org.bouncycastle.cms.CMSAlgorithm found in modules bcpkix-jdk15on-1.69.jar -> jetified-bcpkix-jdk15on-1.69 (org.bouncycastle:bcpkix-jdk15on:1.69) and bcpkix-jdk15to18-1.72.jar -> jetified-bcpkix-jdk15to18-1.72 (org.bouncycastle:bcpkix-jdk15to18:1.72)
     Duplicate class org.bouncycastle.cms.CMSAttributeTableGenerationException found in modules bcpkix-jdk15on-1.69.jar -> jetified-bcpkix-jdk15on-1.69 (org.bouncycastle:bcpkix-jdk15on:1.69) and bcpkix-jdk15to18-1.72.jar -> jetified-bcpkix-jdk15to18-1.72 (org.bouncycastle:bcpkix-jdk15to18:1.72)
     Duplicate class org.bouncycastle.cms.CMSAttributeTableGenerator found in modules bcpkix-jdk15on-1.69.jar -> jetified-bcpkix-jdk15on-1.69 (org.bouncycastle:bcpkix-jdk15on:1.69) and bcpkix-jdk15to18-1.72.jar -> jetified-bcpkix-jdk15to18-1.72 (org.bouncycastle:bcpkix-jdk15to18:1.72)
     Duplicate class org.bouncycastle.cms.CMSAuthEnvelopedData found in modules bcpkix-jdk15on-1.69.jar -> jetified-bcpkix-jdk15on-1.69 (org.bouncycastle:bcpkix-jdk15on:1.69) and bcpkix-jdk15to18-1.72.jar -> jetified-bcpkix-jdk15to18-1.72 (org.bouncycastle:bcpkix-jdk15to18:1.72)
     Duplicate class org.bouncycastle.cms.CMSAuthEnvelopedData$1 found in modules bcpkix-jdk15on-1.69.jar -> jetified-bcpkix-jdk15on-1.69 (org.bouncycastle:bcpkix-jdk15on:1.69) and bcpkix-jdk15to18-1.72.jar -> jetified-bcpkix-jdk15to18-1.72 (org.bouncycastle:bcpkix-jdk15to18:1.72)
     Duplicate class org.bouncycastle.cms.CMSAuthEnvelopedData$2 found in modules bcpkix-jdk15on-1.69.jar -> jetified-bcpkix-jdk15on-1.69 (org.bouncycastle:bcpkix-jdk15on:1.69) and bcpkix-jdk15to18-1.72.jar -> jetified-bcpkix-jdk15to18-1.72 (org.bouncycastle:bcpkix-jdk15to18:1.72)
     Duplicate class org.bouncycastle.cms.CMSAuthEnvelopedDataGenerator found in modules bcpkix-jdk15on-1.69.jar -> jetified-bcpkix-jdk15on-1.69 (org.bouncycastle:bcpkix-jdk15on:1.69) and bcpkix-jdk15to18-1.72.jar -> jetified-bcpkix-jdk15to18-1.72 (org.bouncycastle:bcpkix-jdk15to18:1.72)
     Duplicate class org.bouncycastle.cms.CMSAuthEnvelopedGenerator found in modules bcpkix-jdk15on-1.69.jar -> jetified-bcpkix-jdk15on-1.69 (org.bouncycastle:bcpkix-jdk15on:1.69) and bcpkix-jdk15to18-1.72.jar -> jetified-bcpkix-jdk15to18-1.72 (org.bouncycastle:bcpkix-jdk15to18:1.72)
     Duplicate class org.bouncycastle.cms.CMSAuthenticatedData found in modules bcpkix-jdk15on-1.69.jar -> jetified-bcpkix-jdk15on-1.69 (org.bouncycastle:bcpkix-jdk15on:1.69) and bcpkix-jdk15to18-1.72.jar -> jetified-bcpkix-jdk15to18-1.72 (org.bouncycastle:bcpkix-jdk15to18:1.72)
     Duplicate class org.bouncycastle.cms.CMSAuthenticatedData$1 found in modules bcpkix-jdk15on-1.69.jar -> jetified-bcpkix-jdk15on-1.69 (org.bouncycastle:bcpkix-jdk15on:1.69) and bcpkix-jdk15to18-1.72.jar -> jetified-bcpkix-jdk15to18-1.72 (org.bouncycastle:bcpkix-jdk15to18:1.72)
     Duplicate class org.bouncycastle.cms.CMSAuthenticatedDataGenerator found in modules bcpkix-jdk15on-1.69.jar -> jetified-bcpkix-jdk15on-1.69 (org.bouncycastle:bcpkix-jdk15on:1.69) and bcpkix-jdk15to18-1.72.jar -> jetified-bcpkix-jdk15to18-1.72 (org.bouncycastle:bcpkix-jdk15to18:1.72)
     Duplicate class org.bouncycastle.cms.CMSAuthenticatedDataGenerator$1 found in modules bcpkix-jdk15on-1.69.jar -> jetified-bcpkix-jdk15on-1.69 (org.bouncycastle:bcpkix-jdk15on:1.69) and bcpkix-jdk15to18-1.72.jar -> jetified-bcpkix-jdk15to18-1.72 (org.bouncycastle:bcpkix-jdk15to18:1.72)
     Duplicate class org.bouncycastle.cms.CMSAuthenticatedDataParser found in modules bcpkix-jdk15on-1.69.jar -> jetified-bcpkix-jdk15on-1.69 (org.bouncycastle:bcpkix-jdk15on:1.69) and bcpkix-jdk15to18-1.72.jar -> jetified-bcpkix-jdk15to18-1.72 (org.bouncycastle:bcpkix-jdk15to18:1.72)
     Duplicate class org.bouncycastle.cms.CMSAuthenticatedDataParser$1 found in modules bcpkix-jdk15on-1.69.jar -> jetified-bcpkix-jdk15on-1.69 (org.bouncycastle:bcpkix-jdk15on:1.69) and bcpkix-jdk15to18-1.72.jar -> jetified-bcpkix-jdk15to18-1.72 (org.bouncycastle:bcpkix-jdk15to18:1.72)
     Duplicate class org.bouncycastle.cms.CMSAuthenticatedDataStreamGenerator found in modules bcpkix-jdk15on-1.69.jar -> jetified-bcpkix-jdk15on-1.69 (org.bouncycastle:bcpkix-jdk15on:1.69) and bcpkix-jdk15to18-1.72.jar -> jetified-bcpkix-jdk15to18-1.72 (org.bouncycastle:bcpkix-jdk15to18:1.72)
     Duplicate class org.bouncycastle.cms.CMSAuthenticatedDataStreamGenerator$CmsAuthenticatedDataOutputStream found in modules bcpkix-jdk15on-1.69.jar -> jetified-bcpkix-jdk15on-1.69 (org.bouncycastle:bcpkix-jdk15on:1.69) and bcpkix-jdk15to18-1.72.jar -> jetified-bcpkix-jdk15to18-1.72 (org.bouncycastle:bcpkix-jdk15to18:1.72)
     Duplicate class org.bouncycastle.cms.CMSAuthenticatedGenerator found in modules bcpkix-jdk15on-1.69.jar -> jetified-bcpkix-jdk15on-1.69 (org.bouncycastle:bcpkix-jdk15on:1.69) and bcpkix-jdk15to18-1.72.jar -> jetified-bcpkix-jdk15to18-1.72 (org.bouncycastle:bcpkix-jdk15to18:1.72)
     Duplicate class org.bouncycastle.cms.CMSCompressedData found in modules bcpkix-jdk15on-1.69.jar -> jetified-bcpkix-jdk15on-1.69 (org.bouncycastle:bcpkix-jdk15on:1.69) and bcpkix-jdk15to18-1.72.jar -> jetified-bcpkix-jdk15to18-1.72 (org.bouncycastle:bcpkix-jdk15to18:1.72)
     Duplicate class org.bouncycastle.cms.CMSCompressedDataGenerator found in modules bcpkix-jdk15on-1.69.jar -> jetified-bcpkix-jdk15on-1.69 (org.bouncycastle:bcpkix-jdk15on:1.69) and bcpkix-jdk15to18-1.72.jar -> jetified-bcpkix-jdk15to18-1.72 (org.bouncycastle:bcpkix-jdk15to18:1.72)
     Duplicate class org.bouncycastle.cms.CMSCompressedDataParser found in modules bcpkix-jdk15on-1.69.jar -> jetified-bcpkix-jdk15on-1.69 (org.bouncycastle:bcpkix-jdk15on:1.69) and bcpkix-jdk15to18-1.72.jar -> jetified-bcpkix-jdk15to18-1.72 (org.bouncycastle:bcpkix-jdk15to18:1.72)
     Duplicate class org.bouncycastle.cms.CMSCompressedDataStreamGenerator found in modules bcpkix-jdk15on-1.69.jar -> jetified-bcpkix-jdk15on-1.69 (org.bouncycastle:bcpkix-jdk15on:1.69) and bcpkix-jdk15to18-1.72.jar -> jetified-bcpkix-jdk15to18-1.72 (org.bouncycastle:bcpkix-jdk15to18:1.72)
     Duplicate class org.bouncycastle.cms.CMSCompressedDataStreamGenerator$CmsCompressedOutputStream found in modules bcpkix-jdk15on-1.69.jar -> jetified-bcpkix-jdk15on-1.69 (org.bouncycastle:bcpkix-jdk15on:1.69) and bcpkix-jdk15to18-1.72.jar -> jetified-bcpkix-jdk15to18-1.72 (org.bouncycastle:bcpkix-jdk15to18:1.72)
     Duplicate class org.bouncycastle.cms.CMSConfig found in modules bcpkix-jdk15on-1.69.jar -> jetified-bcpkix-jdk15on-1.69 (org.bouncycastle:bcpkix-jdk15on:1.69) and bcpkix-jdk15to18-1.72.jar -> jetified-bcpkix-jdk15to18-1.72 (org.bouncycastle:bcpkix-jdk15to18:1.72)
     Duplicate class org.bouncycastle.cms.CMSContentInfoParser found in modules bcpkix-jdk15on-1.69.jar -> jetified-bcpkix-jdk15on-1.69 (org.bouncycastle:bcpkix-jdk15on:1.69) and bcpkix-jdk15to18-1.72.jar -> jetified-bcpkix-jdk15to18-1.72 (org.bouncycastle:bcpkix-jdk15to18:1.72)
     Duplicate class org.bouncycastle.cms.CMSDigestedData found in modules bcpkix-jdk15on-1.69.jar -> jetified-bcpkix-jdk15on-1.69 (org.bouncycastle:bcpkix-jdk15on:1.69) and bcpkix-jdk15to18-1.72.jar -> jetified-bcpkix-jdk15to18-1.72 (org.bouncycastle:bcpkix-jdk15to18:1.72)
     Duplicate class org.bouncycastle.cms.CMSEncryptedData found in modules bcpkix-jdk15on-1.69.jar -> jetified-bcpkix-jdk15on-1.69 (org.bouncycastle:bcpkix-jdk15on:1.69) and bcpkix-jdk15to18-1.72.jar -> jetified-bcpkix-jdk15to18-1.72 (org.bouncycastle:bcpkix-jdk15to18:1.72)
     Duplicate class org.bouncycastle.cms.CMSEncryptedDataGenerator found in modules bcpkix-jdk15on-1.69.jar -> jetified-bcpkix-jdk15on-1.69 (org.bouncycastle:bcpkix-jdk15on:1.69) and bcpkix-jdk15to18-1.72.jar -> jetified-bcpkix-jdk15to18-1.72 (org.bouncycastle:bcpkix-jdk15to18:1.72)
     Duplicate class org.bouncycastle.cms.CMSEncryptedGenerator found in modules bcpkix-jdk15on-1.69.jar -> jetified-bcpkix-jdk15on-1.69 (org.bouncycastle:bcpkix-jdk15on:1.69) and bcpkix-jdk15to18-1.72.jar -> jetified-bcpkix-jdk15to18-1.72 (org.bouncycastle:bcpkix-jdk15to18:1.72)
     Duplicate class org.bouncycastle.cms.CMSEnvelopedData found in modules bcpkix-jdk15on-1.69.jar -> jetified-bcpkix-jdk15on-1.69 (org.bouncycastle:bcpkix-jdk15on:1.69) and bcpkix-jdk15to18-1.72.jar -> jetified-bcpkix-jdk15to18-1.72 (org.bouncycastle:bcpkix-jdk15to18:1.72)
     Duplicate class org.bouncycastle.cms.CMSEnvelopedDataGenerator found in modules bcpkix-jdk15on-1.69.jar -> jetified-bcpkix-jdk15on-1.69 (org.bouncycastle:bcpkix-jdk15on:1.69) and bcpkix-jdk15to18-1.72.jar -> jetified-bcpkix-jdk15to18-1.72 (org.bouncycastle:bcpkix-jdk15to18:1.72)
     Duplicate class org.bouncycastle.cms.CMSEnvelopedDataParser found in modules bcpkix-jdk15on-1.69.jar -> jetified-bcpkix-jdk15on-1.69 (org.bouncycastle:bcpkix-jdk15on:1.69) and bcpkix-jdk15to18-1.72.jar -> jetified-bcpkix-jdk15to18-1.72 (org.bouncycastle:bcpkix-jdk15to18:1.72)
     Duplicate class org.bouncycastle.cms.CMSEnvelopedDataStreamGenerator found in modules bcpkix-jdk15on-1.69.jar -> jetified-bcpkix-jdk15on-1.69 (org.bouncycastle:bcpkix-jdk15on:1.69) and bcpkix-jdk15to18-1.72.jar -> jetified-bcpkix-jdk15to18-1.72 (org.bouncycastle:bcpkix-jdk15to18:1.72)
     Duplicate class org.bouncycastle.cms.CMSEnvelopedDataStreamGenerator$CmsEnvelopedDataOutputStream found in modules bcpkix-jdk15on-1.69.jar -> jetified-bcpkix-jdk15on-1.69 (org.bouncycastle:bcpkix-jdk15on:1.69) and bcpkix-jdk15to18-1.72.jar -> jetified-bcpkix-jdk15to18-1.72 (org.bouncycastle:bcpkix-jdk15to18:1.72)
     Duplicate class org.bouncycastle.cms.CMSEnvelopedGenerator found in modules bcpkix-jdk15on-1.69.jar -> jetified-bcpkix-jdk15on-1.69 (org.bouncycastle:bcpkix-jdk15on:1.69) and bcpkix-jdk15to18-1.72.jar -> jetified-bcpkix-jdk15to18-1.72 (org.bouncycastle:bcpkix-jdk15to18:1.72)
     Duplicate class org.bouncycastle.cms.CMSEnvelopedHelper found in modules bcpkix-jdk15on-1.69.jar -> jetified-bcpkix-jdk15on-1.69 (org.bouncycastle:bcpkix-jdk15on:1.69) and bcpkix-jdk15to18-1.72.jar -> jetified-bcpkix-jdk15to18-1.72 (org.bouncycastle:bcpkix-jdk15to18:1.72)
     Duplicate class org.bouncycastle.cms.CMSEnvelopedHelper$CMSAuthenticatedSecureReadable found in modules bcpkix-jdk15on-1.69.jar -> jetified-bcpkix-jdk15on-1.69 (org.bouncycastle:bcpkix-jdk15on:1.69) and bcpkix-jdk15to18-1.72.jar -> jetified-bcpkix-jdk15to18-1.72 (org.bouncycastle:bcpkix-jdk15to18:1.72)
     Duplicate class org.bouncycastle.cms.CMSEnvelopedHelper$CMSDigestAuthenticatedSecureReadable found in modules bcpkix-jdk15on-1.69.jar -> jetified-bcpkix-jdk15on-1.69 (org.bouncycastle:bcpkix-jdk15on:1.69) and bcpkix-jdk15to18-1.72.jar -> jetified-bcpkix-jdk15to18-1.72 (org.bouncycastle:bcpkix-jdk15to18:1.72)
     Duplicate class org.bouncycastle.cms.CMSEnvelopedHelper$CMSDigestAuthenticatedSecureReadable$1 found in modules bcpkix-jdk15on-1.69.jar -> jetified-bcpkix-jdk15on-1.69 (org.bouncycastle:bcpkix-jdk15on:1.69) and bcpkix-jdk15to18-1.72.jar -> jetified-bcpkix-jdk15to18-1.72 (org.bouncycastle:bcpkix-jdk15to18:1.72)
     Duplicate class org.bouncycastle.cms.CMSEnvelopedHelper$CMSEnvelopedSecureReadable found in modules bcpkix-jdk15on-1.69.jar -> jetified-bcpkix-jdk15on-1.69 (org.bouncycastle:bcpkix-jdk15on:1.69) and bcpkix-jdk15to18-1.72.jar -> jetified-bcpkix-jdk15to18-1.72 (org.bouncycastle:bcpkix-jdk15to18:1.72)
     Duplicate class org.bouncycastle.cms.CMSException found in modules bcpkix-jdk15on-1.69.jar -> jetified-bcpkix-jdk15on-1.69 (org.bouncycastle:bcpkix-jdk15on:1.69) and bcpkix-jdk15to18-1.72.jar -> jetified-bcpkix-jdk15to18-1.72 (org.bouncycastle:bcpkix-jdk15to18:1.72)
     Duplicate class org.bouncycastle.cms.CMSPatchKit found in modules bcpkix-jdk15on-1.69.jar -> jetified-bcpkix-jdk15on-1.69 (org.bouncycastle:bcpkix-jdk15on:1.69) and bcpkix-jdk15to18-1.72.jar -> jetified-bcpkix-jdk15to18-1.72 (org.bouncycastle:bcpkix-jdk15to18:1.72)
     Duplicate class org.bouncycastle.cms.CMSPatchKit$DLSignerInformation found in modules bcpkix-jdk15on-1.69.jar -> jetified-bcpkix-jdk15on-1.69 (org.bouncycastle:bcpkix-jdk15on:1.69) and bcpkix-jdk15to18-1.72.jar -> jetified-bcpkix-jdk15to18-1.72 (org.bouncycastle:bcpkix-jdk15to18:1.72)
     Duplicate class org.bouncycastle.cms.CMSPatchKit$ModEncAlgSignerInformation found in modules bcpkix-jdk15on-1.69.jar -> jetified-bcpkix-jdk15on-1.69 (org.bouncycastle:bcpkix-jdk15on:1.69) and bcpkix-jdk15to18-1.72.jar -> jetified-bcpkix-jdk15to18-1.72 (org.bouncycastle:bcpkix-jdk15to18:1.72)
     Duplicate class org.bouncycastle.cms.CMSProcessable found in modules bcpkix-jdk15on-1.69.jar -> jetified-bcpkix-jdk15on-1.69 (org.bouncycastle:bcpkix-jdk15on:1.69) and bcpkix-jdk15to18-1.72.jar -> jetified-bcpkix-jdk15to18-1.72 (org.bouncycastle:bcpkix-jdk15to18:1.72)
     Duplicate class org.bouncycastle.cms.CMSProcessableByteArray found in modules bcpkix-jdk15on-1.69.jar -> jetified-bcpkix-jdk15on-1.69 (org.bouncycastle:bcpkix-jdk15on:1.69) and bcpkix-jdk15to18-1.72.jar -> jetified-bcpkix-jdk15to18-1.72 (org.bouncycastle:bcpkix-jdk15to18:1.72)
     Duplicate class org.bouncycastle.cms.CMSProcessableFile found in modules bcpkix-jdk15on-1.69.jar -> jetified-bcpkix-jdk15on-1.69 (org.bouncycastle:bcpkix-jdk15on:1.69) and bcpkix-jdk15to18-1.72.jar -> jetified-bcpkix-jdk15to18-1.72 (org.bouncycastle:bcpkix-jdk15to18:1.72)
     Duplicate class org.bouncycastle.cms.CMSProcessableInputStream found in modules bcpkix-jdk15on-1.69.jar -> jetified-bcpkix-jdk15on-1.69 (org.bouncycastle:bcpkix-jdk15on:1.69) and bcpkix-jdk15to18-1.72.jar -> jetified-bcpkix-jdk15to18-1.72 (org.bouncycastle:bcpkix-jdk15to18:1.72)
     Duplicate class org.bouncycastle.cms.CMSReadable found in modules bcpkix-jdk15on-1.69.jar -> jetified-bcpkix-jdk15on-1.69 (org.bouncycastle:bcpkix-jdk15on:1.69) and bcpkix-jdk15to18-1.72.jar -> jetified-bcpkix-jdk15to18-1.72 (org.bouncycastle:bcpkix-jdk15to18:1.72)
     Duplicate class org.bouncycastle.cms.CMSRuntimeException found in modules bcpkix-jdk15on-1.69.jar -> jetified-bcpkix-jdk15on-1.69 (org.bouncycastle:bcpkix-jdk15on:1.69) and bcpkix-jdk15to18-1.72.jar -> jetified-bcpkix-jdk15to18-1.72 (org.bouncycastle:bcpkix-jdk15to18:1.72)
     Duplicate class org.bouncycastle.cms.CMSSecureReadable found in modules bcpkix-jdk15on-1.69.jar -> jetified-bcpkix-jdk15on-1.69 (org.bouncycastle:bcpkix-jdk15on:1.69) and bcpkix-jdk15to18-1.72.jar -> jetified-bcpkix-jdk15to18-1.72 (org.bouncycastle:bcpkix-jdk15to18:1.72)
     Duplicate class org.bouncycastle.cms.CMSSignatureAlgorithmNameGenerator found in modules bcpkix-jdk15on-1.69.jar -> jetified-bcpkix-jdk15on-1.69 (org.bouncycastle:bcpkix-jdk15on:1.69) and bcpkix-jdk15to18-1.72.jar -> jetified-bcpkix-jdk15to18-1.72 (org.bouncycastle:bcpkix-jdk15to18:1.72)
     Duplicate class org.bouncycastle.cms.CMSSignatureEncryptionAlgorithmFinder found in modules bcpkix-jdk15on-1.69.jar -> jetified-bcpkix-jdk15on-1.69 (org.bouncycastle:bcpkix-jdk15on:1.69) and bcpkix-jdk15to18-1.72.jar -> jetified-bcpkix-jdk15to18-1.72 (org.bouncycastle:bcpkix-jdk15to18:1.72)
     Duplicate class org.bouncycastle.cms.CMSSignedData found in modules bcpkix-jdk15on-1.69.jar -> jetified-bcpkix-jdk15on-1.69 (org.bouncycastle:bcpkix-jdk15on:1.69) and bcpkix-jdk15to18-1.72.jar -> jetified-bcpkix-jdk15to18-1.72 (org.bouncycastle:bcpkix-jdk15to18:1.72)
     Duplicate class org.bouncycastle.cms.CMSSignedData$1 found in modules bcpkix-jdk15on-1.69.jar -> jetified-bcpkix-jdk15on-1.69 (org.bouncycastle:bcpkix-jdk15on:1.69) and bcpkix-jdk15to18-1.72.jar -> jetified-bcpkix-jdk15to18-1.72 (org.bouncycastle:bcpkix-jdk15to18:1.72)
     Duplicate class org.bouncycastle.cms.CMSSignedDataGenerator found in modules bcpkix-jdk15on-1.69.jar -> jetified-bcpkix-jdk15on-1.69 (org.bouncycastle:bcpkix-jdk15on:1.69) and bcpkix-jdk15to18-1.72.jar -> jetified-bcpkix-jdk15to18-1.72 (org.bouncycastle:bcpkix-jdk15to18:1.72)
     Duplicate class org.bouncycastle.cms.CMSSignedDataParser found in modules bcpkix-jdk15on-1.69.jar -> jetified-bcpkix-jdk15on-1.69 (org.bouncycastle:bcpkix-jdk15on:1.69) and bcpkix-jdk15to18-1.72.jar -> jetified-bcpkix-jdk15to18-1.72 (org.bouncycastle:bcpkix-jdk15to18:1.72)
     Duplicate class org.bouncycastle.cms.CMSSignedDataStreamGenerator found in modules bcpkix-jdk15on-1.69.jar -> jetified-bcpkix-jdk15on-1.69 (org.bouncycastle:bcpkix-jdk15on:1.69) and bcpkix-jdk15to18-1.72.jar -> jetified-bcpkix-jdk15to18-1.72 (org.bouncycastle:bcpkix-jdk15to18:1.72)
     Duplicate class org.bouncycastle.cms.CMSSignedDataStreamGenerator$CmsSignedDataOutputStream found in modules bcpkix-jdk15on-1.69.jar -> jetified-bcpkix-jdk15on-1.69 (org.bouncycastle:bcpkix-jdk15on:1.69) and bcpkix-jdk15to18-1.72.jar -> jetified-bcpkix-jdk15to18-1.72 (org.bouncycastle:bcpkix-jdk15to18:1.72)
     Duplicate class org.bouncycastle.cms.CMSSignedGenerator found in modules bcpkix-jdk15on-1.69.jar -> jetified-bcpkix-jdk15on-1.69 (org.bouncycastle:bcpkix-jdk15on:1.69) and bcpkix-jdk15to18-1.72.jar -> jetified-bcpkix-jdk15to18-1.72 (org.bouncycastle:bcpkix-jdk15to18:1.72)
     Duplicate class org.bouncycastle.cms.CMSSignedHelper found in modules bcpkix-jdk15on-1.69.jar -> jetified-bcpkix-jdk15on-1.69 (org.bouncycastle:bcpkix-jdk15on:1.69) and bcpkix-jdk15to18-1.72.jar -> jetified-bcpkix-jdk15to18-1.72 (org.bouncycastle:bcpkix-jdk15to18:1.72)
     Duplicate class org.bouncycastle.cms.CMSSignerDigestMismatchException found in modules bcpkix-jdk15on-1.69.jar -> jetified-bcpkix-jdk15on-1.69 (org.bouncycastle:bcpkix-jdk15on:1.69) and bcpkix-jdk15to18-1.72.jar -> jetified-bcpkix-jdk15to18-1.72 (org.bouncycastle:bcpkix-jdk15to18:1.72)
     Duplicate class org.bouncycastle.cms.CMSStreamException found in modules bcpkix-jdk15on-1.69.jar -> jetified-bcpkix-jdk15on-1.69 (org.bouncycastle:bcpkix-jdk15on:1.69) and bcpkix-jdk15to18-1.72.jar -> jetified-bcpkix-jdk15to18-1.72 (org.bouncycastle:bcpkix-jdk15to18:1.72)
     Duplicate class org.bouncycastle.cms.CMSTypedData found in modules bcpkix-jdk15on-1.69.jar -> jetified-bcpkix-jdk15on-1.69 (org.bouncycastle:bcpkix-jdk15on:1.69) and bcpkix-jdk15to18-1.72.jar -> jetified-bcpkix-jdk15to18-1.72 (org.bouncycastle:bcpkix-jdk15to18:1.72)
     Duplicate class org.bouncycastle.cms.CMSTypedStream found in modules bcpkix-jdk15on-1.69.jar -> jetified-bcpkix-jdk15on-1.69 (org.bouncycastle:bcpkix-jdk15on:1.69) and bcpkix-jdk15to18-1.72.jar -> jetified-bcpkix-jdk15to18-1.72 (org.bouncycastle:bcpkix-jdk15to18:1.72)
     Duplicate class org.bouncycastle.cms.CMSTypedStream$FullReaderStream found in modules bcpkix-jdk15on-1.69.jar -> jetified-bcpkix-jdk15on-1.69 (org.bouncycastle:bcpkix-jdk15on:1.69) and bcpkix-jdk15to18-1.72.jar -> jetified-bcpkix-jdk15to18-1.72 (org.bouncycastle:bcpkix-jdk15to18:1.72)
     Duplicate class org.bouncycastle.cms.CMSUtils found in modules bcpkix-jdk15on-1.69.jar -> jetified-bcpkix-jdk15on-1.69 (org.bouncycastle:bcpkix-jdk15on:1.69) and bcpkix-jdk15to18-1.72.jar -> jetified-bcpkix-jdk15to18-1.72 (org.bouncycastle:bcpkix-jdk15to18:1.72)
     Duplicate class org.bouncycastle.cms.CMSVerifierCertificateNotValidException found in modules bcpkix-jdk15on-1.69.jar -> jetified-bcpkix-jdk15on-1.69 (org.bouncycastle:bcpkix-jdk15on:1.69) and bcpkix-jdk15to18-1.72.jar -> jetified-bcpkix-jdk15to18-1.72 (org.bouncycastle:bcpkix-jdk15to18:1.72)
     Duplicate class org.bouncycastle.cms.DefaultAuthenticatedAttributeTableGenerator found in modules bcpkix-jdk15on-1.69.jar -> jetified-bcpkix-jdk15on-1.69 (org.bouncycastle:bcpkix-jdk15on:1.69) and bcpkix-jdk15to18-1.72.jar -> jetified-bcpkix-jdk15to18-1.72 (org.bouncycastle:bcpkix-jdk15to18:1.72)
     Duplicate class org.bouncycastle.cms.DefaultCMSSignatureAlgorithmNameGenerator found in modules bcpkix-jdk15on-1.69.jar -> jetified-bcpkix-jdk15on-1.69 (org.bouncycastle:bcpkix-jdk15on:1.69) and bcpkix-jdk15to18-1.72.jar -> jetified-bcpkix-jdk15to18-1.72 (org.bouncycastle:bcpkix-jdk15to18:1.72)
     Duplicate class org.bouncycastle.cms.DefaultCMSSignatureEncryptionAlgorithmFinder found in modules bcpkix-jdk15on-1.69.jar -> jetified-bcpkix-jdk15on-1.69 (org.bouncycastle:bcpkix-jdk15on:1.69) and bcpkix-jdk15to18-1.72.jar -> jetified-bcpkix-jdk15to18-1.72 (org.bouncycastle:bcpkix-jdk15to18:1.72)
     Duplicate class org.bouncycastle.cms.DefaultSignedAttributeTableGenerator found in modules bcpkix-jdk15on-1.69.jar -> jetified-bcpkix-jdk15on-1.69 (org.bouncycastle:bcpkix-jdk15on:1.69) and bcpkix-jdk15to18-1.72.jar -> jetified-bcpkix-jdk15to18-1.72 (org.bouncycastle:bcpkix-jdk15to18:1.72)
     Duplicate class org.bouncycastle.cms.KEKRecipient found in modules bcpkix-jdk15on-1.69.jar -> jetified-bcpkix-jdk15on-1.69 (org.bouncycastle:bcpkix-jdk15on:1.69) and bcpkix-jdk15to18-1.72.jar -> jetified-bcpkix-jdk15to18-1.72 (org.bouncycastle:bcpkix-jdk15to18:1.72)
     Duplicate class org.bouncycastle.cms.KEKRecipientId found in modules bcpkix-jdk15on-1.69.jar -> jetified-bcpkix-jdk15on-1.69 (org.bouncycastle:bcpkix-jdk15on:1.69) and bcpkix-jdk15to18-1.72.jar -> jetified-bcpkix-jdk15to18-1.72 (org.bouncycastle:bcpkix-jdk15to18:1.72)
     Duplicate class org.bouncycastle.cms.KEKRecipientInfoGenerator found in modules bcpkix-jdk15on-1.69.jar -> jetified-bcpkix-jdk15on-1.69 (org.bouncycastle:bcpkix-jdk15on:1.69) and bcpkix-jdk15to18-1.72.jar -> jetified-bcpkix-jdk15to18-1.72 (org.bouncycastle:bcpkix-jdk15to18:1.72)
     Duplicate class org.bouncycastle.cms.KEKRecipientInformation found in modules bcpkix-jdk15on-1.69.jar -> jetified-bcpkix-jdk15on-1.69 (org.bouncycastle:bcpkix-jdk15on:1.69) and bcpkix-jdk15to18-1.72.jar -> jetified-bcpkix-jdk15to18-1.72 (org.bouncycastle:bcpkix-jdk15to18:1.72)
     Duplicate class org.bouncycastle.cms.KeyAgreeRecipient found in modules bcpkix-jdk15on-1.69.jar -> jetified-bcpkix-jdk15on-1.69 (org.bouncycastle:bcpkix-jdk15on:1.69) and bcpkix-jdk15to18-1.72.jar -> jetified-bcpkix-jdk15to18-1.72 (org.bouncycastle:bcpkix-jdk15to18:1.72)
     Duplicate class org.bouncycastle.cms.KeyAgreeRecipientId found in modules bcpkix-jdk15on-1.69.jar -> jetified-bcpkix-jdk15on-1.69 (org.bouncycastle:bcpkix-jdk15on:1.69) and bcpkix-jdk15to18-1.72.jar -> jetified-bcpkix-jdk15to18-1.72 (org.bouncycastle:bcpkix-jdk15to18:1.72)
     Duplicate class org.bouncycastle.cms.KeyAgreeRecipientInfoGenerator found in modules bcpkix-jdk15on-1.69.jar -> jetified-bcpkix-jdk15on-1.69 (org.bouncycastle:bcpkix-jdk15on:1.69) and bcpkix-jdk15to18-1.72.jar -> jetified-bcpkix-jdk15to18-1.72 (org.bouncycastle:bcpkix-jdk15to18:1.72)
     Duplicate class org.bouncycastle.cms.KeyAgreeRecipientInformation found in modules bcpkix-jdk15on-1.69.jar -> jetified-bcpkix-jdk15on-1.69 (org.bouncycastle:bcpkix-jdk15on:1.69) and bcpkix-jdk15to18-1.72.jar -> jetified-bcpkix-jdk15to18-1.72 (org.bouncycastle:bcpkix-jdk15to18:1.72)
     Duplicate class org.bouncycastle.cms.KeyTransRecipient found in modules bcpkix-jdk15on-1.69.jar -> jetified-bcpkix-jdk15on-1.69 (org.bouncycastle:bcpkix-jdk15on:1.69) and bcpkix-jdk15to18-1.72.jar -> jetified-bcpkix-jdk15to18-1.72 (org.bouncycastle:bcpkix-jdk15to18:1.72)
     Duplicate class org.bouncycastle.cms.KeyTransRecipientId found in modules bcpkix-jdk15on-1.69.jar -> jetified-bcpkix-jdk15on-1.69 (org.bouncycastle:bcpkix-jdk15on:1.69) and bcpkix-jdk15to18-1.72.jar -> jetified-bcpkix-jdk15to18-1.72 (org.bouncycastle:bcpkix-jdk15to18:1.72)
     Duplicate class org.bouncycastle.cms.KeyTransRecipientInfoGenerator found in modules bcpkix-jdk15on-1.69.jar -> jetified-bcpkix-jdk15on-1.69 (org.bouncycastle:bcpkix-jdk15on:1.69) and bcpkix-jdk15to18-1.72.jar -> jetified-bcpkix-jdk15to18-1.72 (org.bouncycastle:bcpkix-jdk15to18:1.72)
     Duplicate class org.bouncycastle.cms.KeyTransRecipientInformation found in modules bcpkix-jdk15on-1.69.jar -> jetified-bcpkix-jdk15on-1.69 (org.bouncycastle:bcpkix-jdk15on:1.69) and bcpkix-jdk15to18-1.72.jar -> jetified-bcpkix-jdk15to18-1.72 (org.bouncycastle:bcpkix-jdk15to18:1.72)
     Duplicate class org.bouncycastle.cms.NullOutputStream found in modules bcpkix-jdk15on-1.69.jar -> jetified-bcpkix-jdk15on-1.69 (org.bouncycastle:bcpkix-jdk15on:1.69) and bcpkix-jdk15to18-1.72.jar -> jetified-bcpkix-jdk15to18-1.72 (org.bouncycastle:bcpkix-jdk15to18:1.72)
     Duplicate class org.bouncycastle.cms.OriginatorId found in modules bcpkix-jdk15on-1.69.jar -> jetified-bcpkix-jdk15on-1.69 (org.bouncycastle:bcpkix-jdk15on:1.69) and bcpkix-jdk15to18-1.72.jar -> jetified-bcpkix-jdk15to18-1.72 (org.bouncycastle:bcpkix-jdk15to18:1.72)
     Duplicate class org.bouncycastle.cms.OriginatorInfoGenerator found in modules bcpkix-jdk15on-1.69.jar -> jetified-bcpkix-jdk15on-1.69 (org.bouncycastle:bcpkix-jdk15on:1.69) and bcpkix-jdk15to18-1.72.jar -> jetified-bcpkix-jdk15to18-1.72 (org.bouncycastle:bcpkix-jdk15to18:1.72)
     Duplicate class org.bouncycastle.cms.OriginatorInformation found in modules bcpkix-jdk15on-1.69.jar -> jetified-bcpkix-jdk15on-1.69 (org.bouncycastle:bcpkix-jdk15on:1.69) and bcpkix-jdk15to18-1.72.jar -> jetified-bcpkix-jdk15to18-1.72 (org.bouncycastle:bcpkix-jdk15to18:1.72)
     Duplicate class org.bouncycastle.cms.PKCS7ProcessableObject found in modules bcpkix-jdk15on-1.69.jar -> jetified-bcpkix-jdk15on-1.69 (org.bouncycastle:bcpkix-jdk15on:1.69) and bcpkix-jdk15to18-1.72.jar -> jetified-bcpkix-jdk15to18-1.72 (org.bouncycastle:bcpkix-jdk15to18:1.72)
     Duplicate class org.bouncycastle.cms.PKCS7TypedStream found in modules bcpkix-jdk15on-1.69.jar -> jetified-bcpkix-jdk15on-1.69 (org.bouncycastle:bcpkix-jdk15on:1.69) and bcpkix-jdk15to18-1.72.jar -> jetified-bcpkix-jdk15to18-1.72 (org.bouncycastle:bcpkix-jdk15to18:1.72)
     Duplicate class org.bouncycastle.cms.PasswordRecipient found in modules bcpkix-jdk15on-1.69.jar -> jetified-bcpkix-jdk15on-1.69 (org.bouncycastle:bcpkix-jdk15on:1.69) and bcpkix-jdk15to18-1.72.jar -> jetified-bcpkix-jdk15to18-1.72 (org.bouncycastle:bcpkix-jdk15to18:1.72)
     Duplicate class org.bouncycastle.cms.PasswordRecipient$PRF found in modules bcpkix-jdk15on-1.69.jar -> jetified-bcpkix-jdk15on-1.69 (org.bouncycastle:bcpkix-jdk15on:1.69) and bcpkix-jdk15to18-1.72.jar -> jetified-bcpkix-jdk15to18-1.72 (org.bouncycastle:bcpkix-jdk15to18:1.72)
     Duplicate class org.bouncycastle.cms.PasswordRecipientId found in modules bcpkix-jdk15on-1.69.jar -> jetified-bcpkix-jdk15on-1.69 (org.bouncycastle:bcpkix-jdk15on:1.69) and bcpkix-jdk15to18-1.72.jar -> jetified-bcpkix-jdk15to18-1.72 (org.bouncycastle:bcpkix-jdk15to18:1.72)
     Duplicate class org.bouncycastle.cms.PasswordRecipientInfoGenerator found in modules bcpkix-jdk15on-1.69.jar -> jetified-bcpkix-jdk15on-1.69 (org.bouncycastle:bcpkix-jdk15on:1.69) and bcpkix-jdk15to18-1.72.jar -> jetified-bcpkix-jdk15to18-1.72 (org.bouncycastle:bcpkix-jdk15to18:1.72)
     Duplicate class org.bouncycastle.cms.PasswordRecipientInformation found in modules bcpkix-jdk15on-1.69.jar -> jetified-bcpkix-jdk15on-1.69 (org.bouncycastle:bcpkix-jdk15on:1.69) and bcpkix-jdk15to18-1.72.jar -> jetified-bcpkix-jdk15to18-1.72 (org.bouncycastle:bcpkix-jdk15to18:1.72)
     Duplicate class org.bouncycastle.cms.Recipient found in modules bcpkix-jdk15on-1.69.jar -> jetified-bcpkix-jdk15on-1.69 (org.bouncycastle:bcpkix-jdk15on:1.69) and bcpkix-jdk15to18-1.72.jar -> jetified-bcpkix-jdk15to18-1.72 (org.bouncycastle:bcpkix-jdk15to18:1.72)
     Duplicate class org.bouncycastle.cms.RecipientId found in modules bcpkix-jdk15on-1.69.jar -> jetified-bcpkix-jdk15on-1.69 (org.bouncycastle:bcpkix-jdk15on:1.69) and bcpkix-jdk15to18-1.72.jar -> jetified-bcpkix-jdk15to18-1.72 (org.bouncycastle:bcpkix-jdk15to18:1.72)
     Duplicate class org.bouncycastle.cms.RecipientInfoGenerator found in modules bcpkix-jdk15on-1.69.jar -> jetified-bcpkix-jdk15on-1.69 (org.bouncycastle:bcpkix-jdk15on:1.69) and bcpkix-jdk15to18-1.72.jar -> jetified-bcpkix-jdk15to18-1.72 (org.bouncycastle:bcpkix-jdk15to18:1.72)
     Duplicate class org.bouncycastle.cms.RecipientInformation found in modules bcpkix-jdk15on-1.69.jar -> jetified-bcpkix-jdk15on-1.69 (org.bouncycastle:bcpkix-jdk15on:1.69) and bcpkix-jdk15to18-1.72.jar -> jetified-bcpkix-jdk15to18-1.72 (org.bouncycastle:bcpkix-jdk15to18:1.72)
     Duplicate class org.bouncycastle.cms.RecipientInformationStore found in modules bcpkix-jdk15on-1.69.jar -> jetified-bcpkix-jdk15on-1.69 (org.bouncycastle:bcpkix-jdk15on:1.69) and bcpkix-jdk15to18-1.72.jar -> jetified-bcpkix-jdk15to18-1.72 (org.bouncycastle:bcpkix-jdk15to18:1.72)
     Duplicate class org.bouncycastle.cms.RecipientOperator found in modules bcpkix-jdk15on-1.69.jar -> jetified-bcpkix-jdk15on-1.69 (org.bouncycastle:bcpkix-jdk15on:1.69) and bcpkix-jdk15to18-1.72.jar -> jetified-bcpkix-jdk15to18-1.72 (org.bouncycastle:bcpkix-jdk15to18:1.72)
     Duplicate class org.bouncycastle.cms.SignerId found in modules bcpkix-jdk15on-1.69.jar -> jetified-bcpkix-jdk15on-1.69 (org.bouncycastle:bcpkix-jdk15on:1.69) and bcpkix-jdk15to18-1.72.jar -> jetified-bcpkix-jdk15to18-1.72 (org.bouncycastle:bcpkix-jdk15to18:1.72)
     Duplicate class org.bouncycastle.cms.SignerInfoGenerator found in modules bcpkix-jdk15on-1.69.jar -> jetified-bcpkix-jdk15on-1.69 (org.bouncycastle:bcpkix-jdk15on:1.69) and bcpkix-jdk15to18-1.72.jar -> jetified-bcpkix-jdk15to18-1.72 (org.bouncycastle:bcpkix-jdk15to18:1.72)
     Duplicate class org.bouncycastle.cms.SignerInfoGeneratorBuilder found in modules bcpkix-jdk15on-1.69.jar -> jetified-bcpkix-jdk15on-1.69 (org.bouncycastle:bcpkix-jdk15on:1.69) and bcpkix-jdk15to18-1.72.jar -> jetified-bcpkix-jdk15to18-1.72 (org.bouncycastle:bcpkix-jdk15to18:1.72)
     Duplicate class org.bouncycastle.cms.SignerInformation found in modules bcpkix-jdk15on-1.69.jar -> jetified-bcpkix-jdk15on-1.69 (org.bouncycastle:bcpkix-jdk15on:1.69) and bcpkix-jdk15to18-1.72.jar -> jetified-bcpkix-jdk15to18-1.72 (org.bouncycastle:bcpkix-jdk15to18:1.72)
     Duplicate class org.bouncycastle.cms.SignerInformationStore found in modules bcpkix-jdk15on-1.69.jar -> jetified-bcpkix-jdk15on-1.69 (org.bouncycastle:bcpkix-jdk15on:1.69) and bcpkix-jdk15to18-1.72.jar -> jetified-bcpkix-jdk15to18-1.72 (org.bouncycastle:bcpkix-jdk15to18:1.72)
     Duplicate class org.bouncycastle.cms.SignerInformationVerifier found in modules bcpkix-jdk15on-1.69.jar -> jetified-bcpkix-jdk15on-1.69 (org.bouncycastle:bcpkix-jdk15on:1.69) and bcpkix-jdk15to18-1.72.jar -> jetified-bcpkix-jdk15to18-1.72 (org.bouncycastle:bcpkix-jdk15to18:1.72)
     Duplicate class org.bouncycastle.cms.SignerInformationVerifierProvider found in modules bcpkix-jdk15on-1.69.jar -> jetified-bcpkix-jdk15on-1.69 (org.bouncycastle:bcpkix-jdk15on:1.69) and bcpkix-jdk15to18-1.72.jar -> jetified-bcpkix-jdk15to18-1.72 (org.bouncycastle:bcpkix-jdk15to18:1.72)
     Duplicate class org.bouncycastle.cms.SimpleAttributeTableGenerator found in modules bcpkix-jdk15on-1.69.jar -> jetified-bcpkix-jdk15on-1.69 (org.bouncycastle:bcpkix-jdk15on:1.69) and bcpkix-jdk15to18-1.72.jar -> jetified-bcpkix-jdk15to18-1.72 (org.bouncycastle:bcpkix-jdk15to18:1.72)
     Duplicate class org.bouncycastle.cms.bc.BcCMSContentEncryptorBuilder found in modules bcpkix-jdk15on-1.69.jar -> jetified-bcpkix-jdk15on-1.69 (org.bouncycastle:bcpkix-jdk15on:1.69) and bcpkix-jdk15to18-1.72.jar -> jetified-bcpkix-jdk15to18-1.72 (org.bouncycastle:bcpkix-jdk15to18:1.72)
     Duplicate class org.bouncycastle.cms.bc.BcCMSContentEncryptorBuilder$AADStream found in modules bcpkix-jdk15on-1.69.jar -> jetified-bcpkix-jdk15on-1.69 (org.bouncycastle:bcpkix-jdk15on:1.69) and bcpkix-jdk15to18-1.72.jar -> jetified-bcpkix-jdk15to18-1.72 (org.bouncycastle:bcpkix-jdk15to18:1.72)
     Duplicate class org.bouncycastle.cms.bc.BcCMSContentEncryptorBuilder$CMSAuthOutputEncryptor found in modules bcpkix-jdk15on-1.69.jar -> jetified-bcpkix-jdk15on-1.69 (org.bouncycastle:bcpkix-jdk15on:1.69) and bcpkix-jdk15to18-1.72.jar -> jetified-bcpkix-jdk15to18-1.72 (org.bouncycastle:bcpkix-jdk15to18:1.72)
     Duplicate class org.bouncycastle.cms.bc.BcCMSContentEncryptorBuilder$CMSOutputEncryptor found in modules bcpkix-jdk15on-1.69.jar -> jetified-bcpkix-jdk15on-1.69 (org.bouncycastle:bcpkix-jdk15on:1.69) and bcpkix-jdk15to18-1.72.jar -> jetified-bcpkix-jdk15to18-1.72 (org.bouncycastle:bcpkix-jdk15to18:1.72)
     Duplicate class org.bouncycastle.cms.bc.BcKEKEnvelopedRecipient found in modules bcpkix-jdk15on-1.69.jar -> jetified-bcpkix-jdk15on-1.69 (org.bouncycastle:bcpkix-jdk15on:1.69) and bcpkix-jdk15to18-1.72.jar -> jetified-bcpkix-jdk15to18-1.72 (org.bouncycastle:bcpkix-jdk15to18:1.72)
     Duplicate class org.bouncycastle.cms.bc.BcKEKEnvelopedRecipient$1 found in modules bcpkix-jdk15on-1.69.jar -> jetified-bcpkix-jdk15on-1.69 (org.bouncycastle:bcpkix-jdk15on:1.69) and bcpkix-jdk15to18-1.72.jar -> jetified-bcpkix-jdk15to18-1.72 (org.bouncycastle:bcpkix-jdk15to18:1.72)
     Duplicate class org.bouncycastle.cms.bc.BcKEKRecipient found in modules bcpkix-jdk15on-1.69.jar -> jetified-bcpkix-jdk15on-1.69 (org.bouncycastle:bcpkix-jdk15on:1.69) and bcpkix-jdk15to18-1.72.jar -> jetified-bcpkix-jdk15to18-1.72 (org.bouncycastle:bcpkix-jdk15to18:1.72)
     Duplicate class org.bouncycastle.cms.bc.BcKEKRecipientInfoGenerator found in modules bcpkix-jdk15on-1.69.jar -> jetified-bcpkix-jdk15on-1.69 (org.bouncycastle:bcpkix-jdk15on:1.69) and bcpkix-jdk15to18-1.72.jar -> jetified-bcpkix-jdk15to18-1.72 (org.bouncycastle:bcpkix-jdk15to18:1.72)
     Duplicate class org.bouncycastle.cms.bc.BcKeyTransRecipient found in modules bcpkix-jdk15on-1.69.jar -> jetified-bcpkix-jdk15on-1.69 (org.bouncycastle:bcpkix-jdk15on:1.69) and bcpkix-jdk15to18-1.72.jar -> jetified-bcpkix-jdk15to18-1.72 (org.bouncycastle:bcpkix-jdk15to18:1.72)
     Duplicate class org.bouncycastle.cms.bc.BcKeyTransRecipientInfoGenerator found in modules bcpkix-jdk15on-1.69.jar -> jetified-bcpkix-jdk15on-1.69 (org.bouncycastle:bcpkix-jdk15on:1.69) and bcpkix-jdk15to18-1.72.jar -> jetified-bcpkix-jdk15to18-1.72 (org.bouncycastle:bcpkix-jdk15to18:1.72)
     Duplicate class org.bouncycastle.cms.bc.BcPasswordEnvelopedRecipient found in modules bcpkix-jdk15on-1.69.jar -> jetified-bcpkix-jdk15on-1.69 (org.bouncycastle:bcpkix-jdk15on:1.69) and bcpkix-jdk15to18-1.72.jar -> jetified-bcpkix-jdk15to18-1.72 (org.bouncycastle:bcpkix-jdk15to18:1.72)
     Duplicate class org.bouncycastle.cms.bc.BcPasswordEnvelopedRecipient$1 found in modules bcpkix-jdk15on-1.69.jar -> jetified-bcpkix-jdk15on-1.69 (org.bouncycastle:bcpkix-jdk15on:1.69) and bcpkix-jdk15to18-1.72.jar -> jetified-bcpkix-jdk15to18-1.72 (org.bouncycastle:bcpkix-jdk15to18:1.72)
     Duplicate class org.bouncycastle.cms.bc.BcPasswordRecipient found in modules bcpkix-jdk15on-1.69.jar -> jetified-bcpkix-jdk15on-1.69 (org.bouncycastle:bcpkix-jdk15on:1.69) and bcpkix-jdk15to18-1.72.jar -> jetified-bcpkix-jdk15to18-1.72 (org.bouncycastle:bcpkix-jdk15to18:1.72)
     Duplicate class org.bouncycastle.cms.bc.BcPasswordRecipientInfoGenerator found in modules bcpkix-jdk15on-1.69.jar -> jetified-bcpkix-jdk15on-1.69 (org.bouncycastle:bcpkix-jdk15on:1.69) and bcpkix-jdk15to18-1.72.jar -> jetified-bcpkix-jdk15to18-1.72 (org.bouncycastle:bcpkix-jdk15to18:1.72)
     Duplicate class org.bouncycastle.cms.bc.BcRSAKeyTransEnvelopedRecipient found in modules bcpkix-jdk15on-1.69.jar -> jetified-bcpkix-jdk15on-1.69 (org.bouncycastle:bcpkix-jdk15on:1.69) and bcpkix-jdk15to18-1.72.jar -> jetified-bcpkix-jdk15to18-1.72 (org.bouncycastle:bcpkix-jdk15to18:1.72)
     Duplicate class org.bouncycastle.cms.bc.BcRSAKeyTransEnvelopedRecipient$1 found in modules bcpkix-jdk15on-1.69.jar -> jetified-bcpkix-jdk15on-1.69 (org.bouncycastle:bcpkix-jdk15on:1.69) and bcpkix-jdk15to18-1.72.jar -> jetified-bcpkix-jdk15to18-1.72 (org.bouncycastle:bcpkix-jdk15to18:1.72)
     Duplicate class org.bouncycastle.cms.bc.BcRSAKeyTransRecipientInfoGenerator found in modules bcpkix-jdk15on-1.69.jar -> jetified-bcpkix-jdk15on-1.69 (org.bouncycastle:bcpkix-jdk15on:1.69) and bcpkix-jdk15to18-1.72.jar -> jetified-bcpkix-jdk15to18-1.72 (org.bouncycastle:bcpkix-jdk15to18:1.72)
     Duplicate class org.bouncycastle.cms.bc.BcRSASignerInfoVerifierBuilder found in modules bcpkix-jdk15on-1.69.jar -> jetified-bcpkix-jdk15on-1.69 (org.bouncycastle:bcpkix-jdk15on:1.69) and bcpkix-jdk15to18-1.72.jar -> jetified-bcpkix-jdk15to18-1.72 (org.bouncycastle:bcpkix-jdk15to18:1.72)
     Duplicate class org.bouncycastle.cms.bc.CMSUtils found in modules bcpkix-jdk15on-1.69.jar -> jetified-bcpkix-jdk15on-1.69 (org.bouncycastle:bcpkix-jdk15on:1.69) and bcpkix-jdk15to18-1.72.jar -> jetified-bcpkix-jdk15to18-1.72 (org.bouncycastle:bcpkix-jdk15to18:1.72)
     Duplicate class org.bouncycastle.cms.bc.EnvelopedDataHelper found in modules bcpkix-jdk15on-1.69.jar -> jetified-bcpkix-jdk15on-1.69 (org.bouncycastle:bcpkix-jdk15on:1.69) and bcpkix-jdk15to18-1.72.jar -> jetified-bcpkix-jdk15to18-1.72 (org.bouncycastle:bcpkix-jdk15to18:1.72)
     Duplicate class org.bouncycastle.cms.bc.EnvelopedDataHelper$1 found in modules bcpkix-jdk15on-1.69.jar -> jetified-bcpkix-jdk15on-1.69 (org.bouncycastle:bcpkix-jdk15on:1.69) and bcpkix-jdk15to18-1.72.jar -> jetified-bcpkix-jdk15to18-1.72 (org.bouncycastle:bcpkix-jdk15to18:1.72)
     Duplicate class org.bouncycastle.cms.bc.EnvelopedDataHelper$2 found in modules bcpkix-jdk15on-1.69.jar -> jetified-bcpkix-jdk15on-1.69 (org.bouncycastle:bcpkix-jdk15on:1.69) and bcpkix-jdk15to18-1.72.jar -> jetified-bcpkix-jdk15to18-1.72 (org.bouncycastle:bcpkix-jdk15to18:1.72)
     Duplicate class org.bouncycastle.cms.bc.EnvelopedDataHelper$3 found in modules bcpkix-jdk15on-1.69.jar -> jetified-bcpkix-jdk15on-1.69 (org.bouncycastle:bcpkix-jdk15on:1.69) and bcpkix-jdk15to18-1.72.jar -> jetified-bcpkix-jdk15to18-1.72 (org.bouncycastle:bcpkix-jdk15to18:1.72)
     Duplicate class org.bouncycastle.cms.bc.EnvelopedDataHelper$4 found in modules bcpkix-jdk15on-1.69.jar -> jetified-bcpkix-jdk15on-1.69 (org.bouncycastle:bcpkix-jdk15on:1.69) and bcpkix-jdk15to18-1.72.jar -> jetified-bcpkix-jdk15to18-1.72 (org.bouncycastle:bcpkix-jdk15to18:1.72)
     Duplicate class org.bouncycastle.cms.bc.EnvelopedDataHelper$5 found in modules bcpkix-jdk15on-1.69.jar -> jetified-bcpkix-jdk15on-1.69 (org.bouncycastle:bcpkix-jdk15on:1.69) and bcpkix-jdk15to18-1.72.jar -> jetified-bcpkix-jdk15to18-1.72 (org.bouncycastle:bcpkix-jdk15to18:1.72)
     Duplicate class org.bouncycastle.cms.jcajce.CMSUtils found in modules bcpkix-jdk15on-1.69.jar -> jetified-bcpkix-jdk15on-1.69 (org.bouncycastle:bcpkix-jdk15on:1.69) and bcpkix-jdk15to18-1.72.jar -> jetified-bcpkix-jdk15to18-1.72 (org.bouncycastle:bcpkix-jdk15to18:1.72)
     Duplicate class org.bouncycastle.cms.jcajce.DefaultJcaJceExtHelper found in modules bcpkix-jdk15on-1.69.jar -> jetified-bcpkix-jdk15on-1.69 (org.bouncycastle:bcpkix-jdk15on:1.69) and bcpkix-jdk15to18-1.72.jar -> jetified-bcpkix-jdk15to18-1.72 (org.bouncycastle:bcpkix-jdk15to18:1.72)
     Duplicate class org.bouncycastle.cms.jcajce.EnvelopedDataHelper found in modules bcpkix-jdk15on-1.69.jar -> jetified-bcpkix-jdk15on-1.69 (org.bouncycastle:bcpkix-jdk15on:1.69) and bcpkix-jdk15to18-1.72.jar -> jetified-bcpkix-jdk15to18-1.72 (org.bouncycastle:bcpkix-jdk15to18:1.72)
     Duplicate class org.bouncycastle.cms.jcajce.EnvelopedDataHelper$1 found in modules bcpkix-jdk15on-1.69.jar -> jetified-bcpkix-jdk15on-1.69 (org.bouncycastle:bcpkix-jdk15on:1.69) and bcpkix-jdk15to18-1.72.jar -> jetified-bcpkix-jdk15to18-1.72 (org.bouncycastle:bcpkix-jdk15to18:1.72)
     Duplicate class org.bouncycastle.cms.jcajce.EnvelopedDataHelper$2 found in modules bcpkix-jdk15on-1.69.jar -> jetified-bcpkix-jdk15on-1.69 (org.bouncycastle:bcpkix-jdk15on:1.69) and bcpkix-jdk15to18-1.72.jar -> jetified-bcpkix-jdk15to18-1.72 (org.bouncycastle:bcpkix-jdk15to18:1.72)
     Duplicate class org.bouncycastle.cms.jcajce.EnvelopedDataHelper$JCECallback found in modules bcpkix-jdk15on-1.69.jar -> jetified-bcpkix-jdk15on-1.69 (org.bouncycastle:bcpkix-jdk15on:1.69) and bcpkix-jdk15to18-1.72.jar -> jetified-bcpkix-jdk15to18-1.72 (org.bouncycastle:bcpkix-jdk15to18:1.72)
     Duplicate class org.bouncycastle.cms.jcajce.JcaJceExtHelper found in modules bcpkix-jdk15on-1.69.jar -> jetified-bcpkix-jdk15on-1.69 (org.bouncycastle:bcpkix-jdk15on:1.69) and bcpkix-jdk15to18-1.72.jar -> jetified-bcpkix-jdk15to18-1.72 (org.bouncycastle:bcpkix-jdk15to18:1.72)
     Duplicate class org.bouncycastle.cms.jcajce.JcaSelectorConverter found in modules bcpkix-jdk15on-1.69.jar -> jetified-bcpkix-jdk15on-1.69 (org.bouncycastle:bcpkix-jdk15on:1.69) and bcpkix-jdk15to18-1.72.jar -> jetified-bcpkix-jdk15to18-1.72 (org.bouncycastle:bcpkix-jdk15to18:1.72)
     Duplicate class org.bouncycastle.cms.jcajce.JcaSignerId found in modules bcpkix-jdk15on-1.69.jar -> jetified-bcpkix-jdk15on-1.69 (org.bouncycastle:bcpkix-jdk15on:1.69) and bcpkix-jdk15to18-1.72.jar -> jetified-bcpkix-jdk15to18-1.72 (org.bouncycastle:bcpkix-jdk15to18:1.72)
     Duplicate class org.bouncycastle.cms.jcajce.JcaSignerInfoGeneratorBuilder found in modules bcpkix-jdk15on-1.69.jar -> jetified-bcpkix-jdk15on-1.69 (org.bouncycastle:bcpkix-jdk15on:1.69) and bcpkix-jdk15to18-1.72.jar -> jetified-bcpkix-jdk15to18-1.72 (org.bouncycastle:bcpkix-jdk15to18:1.72)
     Duplicate class org.bouncycastle.cms.jcajce.JcaSignerInfoVerifierBuilder found in modules bcpkix-jdk15on-1.69.jar -> jetified-bcpkix-jdk15on-1.69 (org.bouncycastle:bcpkix-jdk15on:1.69) and bcpkix-jdk15to18-1.72.jar -> jetified-bcpkix-jdk15to18-1.72 (org.bouncycastle:bcpkix-jdk15to18:1.72)
     Duplicate class org.bouncycastle.cms.jcajce.JcaSignerInfoVerifierBuilder$1 found in modules bcpkix-jdk15on-1.69.jar -> jetified-bcpkix-jdk15on-1.69 (org.bouncycastle:bcpkix-jdk15on:1.69) and bcpkix-jdk15to18-1.72.jar -> jetified-bcpkix-jdk15to18-1.72 (org.bouncycastle:bcpkix-jdk15to18:1.72)
     Duplicate class org.bouncycastle.cms.jcajce.JcaSignerInfoVerifierBuilder$Helper found in modules bcpkix-jdk15on-1.69.jar -> jetified-bcpkix-jdk15on-1.69 (org.bouncycastle:bcpkix-jdk15on:1.69) and bcpkix-jdk15to18-1.72.jar -> jetified-bcpkix-jdk15to18-1.72 (org.bouncycastle:bcpkix-jdk15to18:1.72)
     Duplicate class org.bouncycastle.cms.jcajce.JcaSignerInfoVerifierBuilder$NamedHelper found in modules bcpkix-jdk15on-1.69.jar -> jetified-bcpkix-jdk15on-1.69 (org.bouncycastle:bcpkix-jdk15on:1.69) and bcpkix-jdk15to18-1.72.jar -> jetified-bcpkix-jdk15to18-1.72 (org.bouncycastle:bcpkix-jdk15to18:1.72)
     Duplicate class org.bouncycastle.cms.jcajce.JcaSignerInfoVerifierBuilder$ProviderHelper found in modules bcpkix-jdk15on-1.69.jar -> jetified-bcpkix-jdk15on-1.69 (org.bouncycastle:bcpkix-jdk15on:1.69) and bcpkix-jdk15to18-1.72.jar -> jetified-bcpkix-jdk15to18-1.72 (org.bouncycastle:bcpkix-jdk15to18:1.72)
     Duplicate class org.bouncycastle.cms.jcajce.JcaSimpleSignerInfoGeneratorBuilder found in modules bcpkix-jdk15on-1.69.jar -> jetified-bcpkix-jdk15on-1.69 (org.bouncycastle:bcpkix-jdk15on:1.69) and bcpkix-jdk15to18-1.72.jar -> jetified-bcpkix-jdk15to18-1.72 (org.bouncycastle:bcpkix-jdk15to18:1.72)
     Duplicate class org.bouncycastle.cms.jcajce.JcaSimpleSignerInfoGeneratorBuilder$1 found in modules bcpkix-jdk15on-1.69.jar -> jetified-bcpkix-jdk15on-1.69 (org.bouncycastle:bcpkix-jdk15on:1.69) and bcpkix-jdk15to18-1.72.jar -> jetified-bcpkix-jdk15to18-1.72 (org.bouncycastle:bcpkix-jdk15to18:1.72)
     Duplicate class org.bouncycastle.cms.jcajce.JcaSimpleSignerInfoGeneratorBuilder$Helper found in modules bcpkix-jdk15on-1.69.jar -> jetified-bcpkix-jdk15on-1.69 (org.bouncycastle:bcpkix-jdk15on:1.69) and bcpkix-jdk15to18-1.72.jar -> jetified-bcpkix-jdk15to18-1.72 (org.bouncycastle:bcpkix-jdk15to18:1.72)
     Duplicate class org.bouncycastle.cms.jcajce.JcaSimpleSignerInfoGeneratorBuilder$NamedHelper found in modules bcpkix-jdk15on-1.69.jar -> jetified-bcpkix-jdk15on-1.69 (org.bouncycastle:bcpkix-jdk15on:1.69) and bcpkix-jdk15to18-1.72.jar -> jetified-bcpkix-jdk15to18-1.72 (org.bouncycastle:bcpkix-jdk15to18:1.72)
     Duplicate class org.bouncycastle.cms.jcajce.JcaSimpleSignerInfoGeneratorBuilder$ProviderHelper found in modules bcpkix-jdk15on-1.69.jar -> jetified-bcpkix-jdk15on-1.69 (org.bouncycastle:bcpkix-jdk15on:1.69) and bcpkix-jdk15to18-1.72.jar -> jetified-bcpkix-jdk15to18-1.72 (org.bouncycastle:bcpkix-jdk15to18:1.72)
     Duplicate class org.bouncycastle.cms.jcajce.JcaSimpleSignerInfoVerifierBuilder found in modules bcpkix-jdk15on-1.69.jar -> jetified-bcpkix-jdk15on-1.69 (org.bouncycastle:bcpkix-jdk15on:1.69) and bcpkix-jdk15to18-1.72.jar -> jetified-bcpkix-jdk15to18-1.72 (org.bouncycastle:bcpkix-jdk15to18:1.72)
     Duplicate class org.bouncycastle.cms.jcajce.JcaSimpleSignerInfoVerifierBuilder$1 found in modules bcpkix-jdk15on-1.69.jar -> jetified-bcpkix-jdk15on-1.69 (org.bouncycastle:bcpkix-jdk15on:1.69) and bcpkix-jdk15to18-1.72.jar -> jetified-bcpkix-jdk15to18-1.72 (org.bouncycastle:bcpkix-jdk15to18:1.72)
     Duplicate class org.bouncycastle.cms.jcajce.JcaSimpleSignerInfoVerifierBuilder$Helper found in modules bcpkix-jdk15on-1.69.jar -> jetified-bcpkix-jdk15on-1.69 (org.bouncycastle:bcpkix-jdk15on:1.69) and bcpkix-jdk15to18-1.72.jar -> jetified-bcpkix-jdk15to18-1.72 (org.bouncycastle:bcpkix-jdk15to18:1.72)
     Duplicate class org.bouncycastle.cms.jcajce.JcaSimpleSignerInfoVerifierBuilder$NamedHelper found in modules bcpkix-jdk15on-1.69.jar -> jetified-bcpkix-jdk15on-1.69 (org.bouncycastle:bcpkix-jdk15on:1.69) and bcpkix-jdk15to18-1.72.jar -> jetified-bcpkix-jdk15to18-1.72 (org.bouncycastle:bcpkix-jdk15to18:1.72)
     Duplicate class org.bouncycastle.cms.jcajce.JcaSimpleSignerInfoVerifierBuilder$ProviderHelper found in modules bcpkix-jdk15on-1.69.jar -> jetified-bcpkix-jdk15on-1.69 (org.bouncycastle:bcpkix-jdk15on:1.69) and bcpkix-jdk15to18-1.72.jar -> jetified-bcpkix-jdk15to18-1.72 (org.bouncycastle:bcpkix-jdk15to18:1.72)
     Duplicate class org.bouncycastle.cms.jcajce.JcaX509CertSelectorConverter found in modules bcpkix-jdk15on-1.69.jar -> jetified-bcpkix-jdk15on-1.69 (org.bouncycastle:bcpkix-jdk15on:1.69) and bcpkix-jdk15to18-1.72.jar -> jetified-bcpkix-jdk15to18-1.72 (org.bouncycastle:bcpkix-jdk15to18:1.72)
     Duplicate class org.bouncycastle.cms.jcajce.JceAADStream found in modules bcpkix-jdk15on-1.69.jar -> jetified-bcpkix-jdk15on-1.69 (org.bouncycastle:bcpkix-jdk15on:1.69) and bcpkix-jdk15to18-1.72.jar -> jetified-bcpkix-jdk15to18-1.72 (org.bouncycastle:bcpkix-jdk15to18:1.72)
     Duplicate class org.bouncycastle.cms.jcajce.JceAlgorithmIdentifierConverter found in modules bcpkix-jdk15on-1.69.jar -> jetified-bcpkix-jdk15on-1.69 (org.bouncycastle:bcpkix-jdk15on:1.69) and bcpkix-jdk15to18-1.72.jar -> jetified-bcpkix-jdk15to18-1.72 (org.bouncycastle:bcpkix-jdk15to18:1.72)
     Duplicate class org.bouncycastle.cms.jcajce.JceCMSContentEncryptorBuilder found in modules bcpkix-jdk15on-1.69.jar -> jetified-bcpkix-jdk15on-1.69 (org.bouncycastle:bcpkix-jdk15on:1.69) and bcpkix-jdk15to18-1.72.jar -> jetified-bcpkix-jdk15to18-1.72 (org.bouncycastle:bcpkix-jdk15to18:1.72)
     Duplicate class org.bouncycastle.cms.jcajce.JceCMSContentEncryptorBuilder$1 found in modules bcpkix-jdk15on-1.69.jar -> jetified-bcpkix-jdk15on-1.69 (org.bouncycastle:bcpkix-jdk15on:1.69) and bcpkix-jdk15to18-1.72.jar -> jetified-bcpkix-jdk15to18-1.72 (org.bouncycastle:bcpkix-jdk15to18:1.72)
     Duplicate class org.bouncycastle.cms.jcajce.JceCMSContentEncryptorBuilder$CMSAuthOutputEncryptor found in modules bcpkix-jdk15on-1.69.jar -> jetified-bcpkix-jdk15on-1.69 (org.bouncycastle:bcpkix-jdk15on:1.69) and bcpkix-jdk15to18-1.72.jar -> jetified-bcpkix-jdk15to18-1.72 (org.bouncycastle:bcpkix-jdk15to18:1.72)
     Duplicate class org.bouncycastle.cms.jcajce.JceCMSContentEncryptorBuilder$CMSOutputEncryptor found in modules bcpkix-jdk15on-1.69.jar -> jetified-bcpkix-jdk15on-1.69 (org.bouncycastle:bcpkix-jdk15on:1.69) and bcpkix-jdk15to18-1.72.jar -> jetified-bcpkix-jdk15to18-1.72 (org.bouncycastle:bcpkix-jdk15to18:1.72)
     Duplicate class org.bouncycastle.cms.jcajce.JceCMSMacCalculatorBuilder found in modules bcpkix-jdk15on-1.69.jar -> jetified-bcpkix-jdk15on-1.69 (org.bouncycastle:bcpkix-jdk15on:1.69) and bcpkix-jdk15to18-1.72.jar -> jetified-bcpkix-jdk15to18-1.72 (org.bouncycastle:bcpkix-jdk15to18:1.72)
     Duplicate class org.bouncycastle.cms.jcajce.JceCMSMacCalculatorBuilder$CMSMacCalculator found in modules bcpkix-jdk15on-1.69.jar -> jetified-bcpkix-jdk15on-1.69 (org.bouncycastle:bcpkix-jdk15on:1.69) and bcpkix-jdk15to18-1.72.jar -> jetified-bcpkix-jdk15to18-1.72 (org.bouncycastle:bcpkix-jdk15to18:1.72)
     Duplicate class org.bouncycastle.cms.jcajce.JceKEKAuthenticatedRecipient found in modules bcpkix-jdk15on-1.69.jar -> jetified-bcpkix-jdk15on-1.69 (org.bouncycastle:bcpkix-jdk15on:1.69) and bcpkix-jdk15to18-1.72.jar -> jetified-bcpkix-jdk15to18-1.72 (org.bouncycastle:bcpkix-jdk15to18:1.72)
     Duplicate class org.bouncycastle.cms.jcajce.JceKEKAuthenticatedRecipient$1 found in modules bcpkix-jdk15on-1.69.jar -> jetified-bcpkix-jdk15on-1.69 (org.bouncycastle:bcpkix-jdk15on:1.69) and bcpkix-jdk15to18-1.72.jar -> jetified-bcpkix-jdk15to18-1.72 (org.bouncycastle:bcpkix-jdk15to18:1.72)
     Duplicate class org.bouncycastle.cms.jcajce.JceKEKEnvelopedRecipient found in modules bcpkix-jdk15on-1.69.jar -> jetified-bcpkix-jdk15on-1.69 (org.bouncycastle:bcpkix-jdk15on:1.69) and bcpkix-jdk15to18-1.72.jar -> jetified-bcpkix-jdk15to18-1.72 (org.bouncycastle:bcpkix-jdk15to18:1.72)
     Duplicate class org.bouncycastle.cms.jcajce.JceKEKEnvelopedRecipient$1 found in modules bcpkix-jdk15on-1.69.jar -> jetified-bcpkix-jdk15on-1.69 (org.bouncycastle:bcpkix-jdk15on:1.69) and bcpkix-jdk15to18-1.72.jar -> jetified-bcpkix-jdk15to18-1.72 (org.bouncycastle:bcpkix-jdk15to18:1.72)
     Duplicate class org.bouncycastle.cms.jcajce.JceKEKRecipient found in modules bcpkix-jdk15on-1.69.jar -> jetified-bcpkix-jdk15on-1.69 (org.bouncycastle:bcpkix-jdk15on:1.69) and bcpkix-jdk15to18-1.72.jar -> jetified-bcpkix-jdk15to18-1.72 (org.bouncycastle:bcpkix-jdk15to18:1.72)
     Duplicate class org.bouncycastle.cms.jcajce.JceKEKRecipientInfoGenerator found in modules bcpkix-jdk15on-1.69.jar -> jetified-bcpkix-jdk15on-1.69 (org.bouncycastle:bcpkix-jdk15on:1.69) and bcpkix-jdk15to18-1.72.jar -> jetified-bcpkix-jdk15to18-1.72 (org.bouncycastle:bcpkix-jdk15to18:1.72)
     Duplicate class org.bouncycastle.cms.jcajce.JceKTSKeyTransAuthenticatedRecipient found in modules bcpkix-jdk15on-1.69.jar -> jetified-bcpkix-jdk15on-1.69 (org.bouncycastle:bcpkix-jdk15on:1.69) and bcpkix-jdk15to18-1.72.jar -> jetified-bcpkix-jdk15to18-1.72 (org.bouncycastle:bcpkix-jdk15to18:1.72)
     Duplicate class org.bouncycastle.cms.jcajce.JceKTSKeyTransAuthenticatedRecipient$1 found in modules bcpkix-jdk15on-1.69.jar -> jetified-bcpkix-jdk15on-1.69 (org.bouncycastle:bcpkix-jdk15on:1.69) and bcpkix-jdk15to18-1.72.jar -> jetified-bcpkix-jdk15to18-1.72 (org.bouncycastle:bcpkix-jdk15to18:1.72)
     Duplicate class org.bouncycastle.cms.jcajce.JceKTSKeyTransEnvelopedRecipient found in modules bcpkix-jdk15on-1.69.jar -> jetified-bcpkix-jdk15on-1.69 (org.bouncycastle:bcpkix-jdk15on:1.69) and bcpkix-jdk15to18-1.72.jar -> jetified-bcpkix-jdk15to18-1.72 (org.bouncycastle:bcpkix-jdk15to18:1.72)
     Duplicate class org.bouncycastle.cms.jcajce.JceKTSKeyTransEnvelopedRecipient$1 found in modules bcpkix-jdk15on-1.69.jar -> jetified-bcpkix-jdk15on-1.69 (org.bouncycastle:bcpkix-jdk15on:1.69) and bcpkix-jdk15to18-1.72.jar -> jetified-bcpkix-jdk15to18-1.72 (org.bouncycastle:bcpkix-jdk15to18:1.72)
     Duplicate class org.bouncycastle.cms.jcajce.JceKTSKeyTransRecipient found in modules bcpkix-jdk15on-1.69.jar -> jetified-bcpkix-jdk15on-1.69 (org.bouncycastle:bcpkix-jdk15on:1.69) and bcpkix-jdk15to18-1.72.jar -> jetified-bcpkix-jdk15to18-1.72 (org.bouncycastle:bcpkix-jdk15to18:1.72)
     Duplicate class org.bouncycastle.cms.jcajce.JceKTSKeyTransRecipientInfoGenerator found in modules bcpkix-jdk15on-1.69.jar -> jetified-bcpkix-jdk15on-1.69 (org.bouncycastle:bcpkix-jdk15on:1.69) and bcpkix-jdk15to18-1.72.jar -> jetified-bcpkix-jdk15to18-1.72 (org.bouncycastle:bcpkix-jdk15to18:1.72)
     Duplicate class org.bouncycastle.cms.jcajce.JceKTSKeyTransRecipientInfoGenerator$1 found in modules bcpkix-jdk15on-1.69.jar -> jetified-bcpkix-jdk15on-1.69 (org.bouncycastle:bcpkix-jdk15on:1.69) and bcpkix-jdk15to18-1.72.jar -> jetified-bcpkix-jdk15to18-1.72 (org.bouncycastle:bcpkix-jdk15to18:1.72)
     Duplicate class org.bouncycastle.cms.jcajce.JceKTSKeyTransRecipientInfoGenerator$2 found in modules bcpkix-jdk15on-1.69.jar -> jetified-bcpkix-jdk15on-1.69 (org.bouncycastle:bcpkix-jdk15on:1.69) and bcpkix-jdk15to18-1.72.jar -> jetified-bcpkix-jdk15to18-1.72 (org.bouncycastle:bcpkix-jdk15to18:1.72)
     Duplicate class org.bouncycastle.cms.jcajce.JceKeyAgreeAuthenticatedRecipient found in modules bcpkix-jdk15on-1.69.jar -> jetified-bcpkix-jdk15on-1.69 (org.bouncycastle:bcpkix-jdk15on:1.69) and bcpkix-jdk15to18-1.72.jar -> jetified-bcpkix-jdk15to18-1.72 (org.bouncycastle:bcpkix-jdk15to18:1.72)
     Duplicate class org.bouncycastle.cms.jcajce.JceKeyAgreeAuthenticatedRecipient$1 found in modules bcpkix-jdk15on-1.69.jar -> jetified-bcpkix-jdk15on-1.69 (org.bouncycastle:bcpkix-jdk15on:1.69) and bcpkix-jdk15to18-1.72.jar -> jetified-bcpkix-jdk15to18-1.72 (org.bouncycastle:bcpkix-jdk15to18:1.72)
     Duplicate class org.bouncycastle.cms.jcajce.JceKeyAgreeEnvelopedRecipient found in modules bcpkix-jdk15on-1.69.jar -> jetified-bcpkix-jdk15on-1.69 (org.bouncycastle:bcpkix-jdk15on:1.69) and bcpkix-jdk15to18-1.72.jar -> jetified-bcpkix-jdk15to18-1.72 (org.bouncycastle:bcpkix-jdk15to18:1.72)
     Duplicate class org.bouncycastle.cms.jcajce.JceKeyAgreeEnvelopedRecipient$1 found in modules bcpkix-jdk15on-1.69.jar -> jetified-bcpkix-jdk15on-1.69 (org.bouncycastle:bcpkix-jdk15on:1.69) and bcpkix-jdk15to18-1.72.jar -> jetified-bcpkix-jdk15to18-1.72 (org.bouncycastle:bcpkix-jdk15to18:1.72)
     Duplicate class org.bouncycastle.cms.jcajce.JceKeyAgreeRecipient found in modules bcpkix-jdk15on-1.69.jar -> jetified-bcpkix-jdk15on-1.69 (org.bouncycastle:bcpkix-jdk15on:1.69) and bcpkix-jdk15to18-1.72.jar -> jetified-bcpkix-jdk15to18-1.72 (org.bouncycastle:bcpkix-jdk15to18:1.72)
     Duplicate class org.bouncycastle.cms.jcajce.JceKeyAgreeRecipient$1 found in modules bcpkix-jdk15on-1.69.jar -> jetified-bcpkix-jdk15on-1.69 (org.bouncycastle:bcpkix-jdk15on:1.69) and bcpkix-jdk15to18-1.72.jar -> jetified-bcpkix-jdk15to18-1.72 (org.bouncycastle:bcpkix-jdk15to18:1.72)
     Duplicate class org.bouncycastle.cms.jcajce.JceKeyAgreeRecipient$2 found in modules bcpkix-jdk15on-1.69.jar -> jetified-bcpkix-jdk15on-1.69 (org.bouncycastle:bcpkix-jdk15on:1.69) and bcpkix-jdk15to18-1.72.jar -> jetified-bcpkix-jdk15to18-1.72 (org.bouncycastle:bcpkix-jdk15to18:1.72)
     Duplicate class org.bouncycastle.cms.jcajce.JceKeyAgreeRecipientId found in modules bcpkix-jdk15on-1.69.jar -> jetified-bcpkix-jdk15on-1.69 (org.bouncycastle:bcpkix-jdk15on:1.69) and bcpkix-jdk15to18-1.72.jar -> jetified-bcpkix-jdk15to18-1.72 (org.bouncycastle:bcpkix-jdk15to18:1.72)
     Duplicate class org.bouncycastle.cms.jcajce.JceKeyAgreeRecipientInfoGenerator found in modules bcpkix-jdk15on-1.69.jar -> jetified-bcpkix-jdk15on-1.69 (org.bouncycastle:bcpkix-jdk15on:1.69) and bcpkix-jdk15to18-1.72.jar -> jetified-bcpkix-jdk15to18-1.72 (org.bouncycastle:bcpkix-jdk15to18:1.72)
     Duplicate class org.bouncycastle.cms.jcajce.JceKeyTransAuthEnvelopedRecipient found in modules bcpkix-jdk15on-1.69.jar -> jetified-bcpkix-jdk15on-1.69 (org.bouncycastle:bcpkix-jdk15on:1.69) and bcpkix-jdk15to18-1.72.jar -> jetified-bcpkix-jdk15to18-1.72 (org.bouncycastle:bcpkix-jdk15to18:1.72)
     Duplicate class org.bouncycastle.cms.jcajce.JceKeyTransAuthEnvelopedRecipient$1 found in modules bcpkix-jdk15on-1.69.jar -> jetified-bcpkix-jdk15on-1.69 (org.bouncycastle:bcpkix-jdk15on:1.69) and bcpkix-jdk15to18-1.72.jar -> jetified-bcpkix-jdk15to18-1.72 (org.bouncycastle:bcpkix-jdk15to18:1.72)
     Duplicate class org.bouncycastle.cms.jcajce.JceKeyTransAuthEnvelopedRecipient$AADStream found in modules bcpkix-jdk15on-1.69.jar -> jetified-bcpkix-jdk15on-1.69 (org.bouncycastle:bcpkix-jdk15on:1.69) and bcpkix-jdk15to18-1.72.jar -> jetified-bcpkix-jdk15to18-1.72 (org.bouncycastle:bcpkix-jdk15to18:1.72)
     Duplicate class org.bouncycastle.cms.jcajce.JceKeyTransAuthenticatedRecipient found in modules bcpkix-jdk15on-1.69.jar -> jetified-bcpkix-jdk15on-1.69 (org.bouncycastle:bcpkix-jdk15on:1.69) and bcpkix-jdk15to18-1.72.jar -> jetified-bcpkix-jdk15to18-1.72 (org.bouncycastle:bcpkix-jdk15to18:1.72)
     Duplicate class org.bouncycastle.cms.jcajce.JceKeyTransAuthenticatedRecipient$1 found in modules bcpkix-jdk15on-1.69.jar -> jetified-bcpkix-jdk15on-1.69 (org.bouncycastle:bcpkix-jdk15on:1.69) and bcpkix-jdk15to18-1.72.jar -> jetified-bcpkix-jdk15to18-1.72 (org.bouncycastle:bcpkix-jdk15to18:1.72)
     Duplicate class org.bouncycastle.cms.jcajce.JceKeyTransEnvelopedRecipient found in modules bcpkix-jdk15on-1.69.jar -> jetified-bcpkix-jdk15on-1.69 (org.bouncycastle:bcpkix-jdk15on:1.69) and bcpkix-jdk15to18-1.72.jar -> jetified-bcpkix-jdk15to18-1.72 (org.bouncycastle:bcpkix-jdk15to18:1.72)
     Duplicate class org.bouncycastle.cms.jcajce.JceKeyTransEnvelopedRecipient$1 found in modules bcpkix-jdk15on-1.69.jar -> jetified-bcpkix-jdk15on-1.69 (org.bouncycastle:bcpkix-jdk15on:1.69) and bcpkix-jdk15to18-1.72.jar -> jetified-bcpkix-jdk15to18-1.72 (org.bouncycastle:bcpkix-jdk15to18:1.72)
     Duplicate class org.bouncycastle.cms.jcajce.JceKeyTransRecipient found in modules bcpkix-jdk15on-1.69.jar -> jetified-bcpkix-jdk15on-1.69 (org.bouncycastle:bcpkix-jdk15on:1.69) and bcpkix-jdk15to18-1.72.jar -> jetified-bcpkix-jdk15to18-1.72 (org.bouncycastle:bcpkix-jdk15to18:1.72)
     Duplicate class org.bouncycastle.cms.jcajce.JceKeyTransRecipientId found in modules bcpkix-jdk15on-1.69.jar -> jetified-bcpkix-jdk15on-1.69 (org.bouncycastle:bcpkix-jdk15on:1.69) and bcpkix-jdk15to18-1.72.jar -> jetified-bcpkix-jdk15to18-1.72 (org.bouncycastle:bcpkix-jdk15to18:1.72)
     Duplicate class org.bouncycastle.cms.jcajce.JceKeyTransRecipientInfoGenerator found in modules bcpkix-jdk15on-1.69.jar -> jetified-bcpkix-jdk15on-1.69 (org.bouncycastle:bcpkix-jdk15on:1.69) and bcpkix-jdk15to18-1.72.jar -> jetified-bcpkix-jdk15to18-1.72 (org.bouncycastle:bcpkix-jdk15to18:1.72)
     Duplicate class org.bouncycastle.cms.jcajce.JcePasswordAuthenticatedRecipient found in modules bcpkix-jdk15on-1.69.jar -> jetified-bcpkix-jdk15on-1.69 (org.bouncycastle:bcpkix-jdk15on:1.69) and bcpkix-jdk15to18-1.72.jar -> jetified-bcpkix-jdk15to18-1.72 (org.bouncycastle:bcpkix-jdk15to18:1.72)
     Duplicate class org.bouncycastle.cms.jcajce.JcePasswordAuthenticatedRecipient$1 found in modules bcpkix-jdk15on-1.69.jar -> jetified-bcpkix-jdk15on-1.69 (org.bouncycastle:bcpkix-jdk15on:1.69) and bcpkix-jdk15to18-1.72.jar -> jetified-bcpkix-jdk15to18-1.72 (org.bouncycastle:bcpkix-jdk15to18:1.72)
     Duplicate class org.bouncycastle.cms.jcajce.JcePasswordEnvelopedRecipient found in modules bcpkix-jdk15on-1.69.jar -> jetified-bcpkix-jdk15on-1.69 (org.bouncycastle:bcpkix-jdk15on:1.69) and bcpkix-jdk15to18-1.72.jar -> jetified-bcpkix-jdk15to18-1.72 (org.bouncycastle:bcpkix-jdk15to18:1.72)
     Duplicate class org.bouncycastle.cms.jcajce.JcePasswordEnvelopedRecipient$1 found in modules bcpkix-jdk15on-1.69.jar -> jetified-bcpkix-jdk15on-1.69 (org.bouncycastle:bcpkix-jdk15on:1.69) and bcpkix-jdk15to18-1.72.jar -> jetified-bcpkix-jdk15to18-1.72 (org.bouncycastle:bcpkix-jdk15to18:1.72)
     Duplicate class org.bouncycastle.cms.jcajce.JcePasswordRecipient found in modules bcpkix-jdk15on-1.69.jar -> jetified-bcpkix-jdk15on-1.69 (org.bouncycastle:bcpkix-jdk15on:1.69) and bcpkix-jdk15to18-1.72.jar -> jetified-bcpkix-jdk15to18-1.72 (org.bouncycastle:bcpkix-jdk15to18:1.72)
     Duplicate class org.bouncycastle.cms.jcajce.JcePasswordRecipientInfoGenerator found in modules bcpkix-jdk15on-1.69.jar -> jetified-bcpkix-jdk15on-1.69 (org.bouncycastle:bcpkix-jdk15on:1.69) and bcpkix-jdk15to18-1.72.jar -> jetified-bcpkix-jdk15to18-1.72 (org.bouncycastle:bcpkix-jdk15to18:1.72)
     Duplicate class org.bouncycastle.cms.jcajce.KeyMaterialGenerator found in modules bcpkix-jdk15on-1.69.jar -> jetified-bcpkix-jdk15on-1.69 (org.bouncycastle:bcpkix-jdk15on:1.69) and bcpkix-jdk15to18-1.72.jar -> jetified-bcpkix-jdk15to18-1.72 (org.bouncycastle:bcpkix-jdk15to18:1.72)
     Duplicate class org.bouncycastle.cms.jcajce.NamedJcaJceExtHelper found in modules bcpkix-jdk15on-1.69.jar -> jetified-bcpkix-jdk15on-1.69 (org.bouncycastle:bcpkix-jdk15on:1.69) and bcpkix-jdk15to18-1.72.jar -> jetified-bcpkix-jdk15to18-1.72 (org.bouncycastle:bcpkix-jdk15to18:1.72)
     Duplicate class org.bouncycastle.cms.jcajce.ProviderJcaJceExtHelper found in modules bcpkix-jdk15on-1.69.jar -> jetified-bcpkix-jdk15on-1.69 (org.bouncycastle:bcpkix-jdk15on:1.69) and bcpkix-jdk15to18-1.72.jar -> jetified-bcpkix-jdk15to18-1.72 (org.bouncycastle:bcpkix-jdk15to18:1.72)
     Duplicate class org.bouncycastle.cms.jcajce.RFC5753KeyMaterialGenerator found in modules bcpkix-jdk15on-1.69.jar -> jetified-bcpkix-jdk15on-1.69 (org.bouncycastle:bcpkix-jdk15on:1.69) and bcpkix-jdk15to18-1.72.jar -> jetified-bcpkix-jdk15to18-1.72 (org.bouncycastle:bcpkix-jdk15to18:1.72)
     Duplicate class org.bouncycastle.cms.jcajce.ZlibCompressor found in modules bcpkix-jdk15on-1.69.jar -> jetified-bcpkix-jdk15on-1.69 (org.bouncycastle:bcpkix-jdk15on:1.69) and bcpkix-jdk15to18-1.72.jar -> jetified-bcpkix-jdk15to18-1.72 (org.bouncycastle:bcpkix-jdk15to18:1.72)
     Duplicate class org.bouncycastle.cms.jcajce.ZlibExpanderProvider found in modules bcpkix-jdk15on-1.69.jar -> jetified-bcpkix-jdk15on-1.69 (org.bouncycastle:bcpkix-jdk15on:1.69) and bcpkix-jdk15to18-1.72.jar -> jetified-bcpkix-jdk15to18-1.72 (org.bouncycastle:bcpkix-jdk15to18:1.72)
     Duplicate class org.bouncycastle.cms.jcajce.ZlibExpanderProvider$1 found in modules bcpkix-jdk15on-1.69.jar -> jetified-bcpkix-jdk15on-1.69 (org.bouncycastle:bcpkix-jdk15on:1.69) and bcpkix-jdk15to18-1.72.jar -> jetified-bcpkix-jdk15to18-1.72 (org.bouncycastle:bcpkix-jdk15to18:1.72)
     Duplicate class org.bouncycastle.cms.jcajce.ZlibExpanderProvider$LimitedInputStream found in modules bcpkix-jdk15on-1.69.jar -> jetified-bcpkix-jdk15on-1.69 (org.bouncycastle:bcpkix-jdk15on:1.69) and bcpkix-jdk15to18-1.72.jar -> jetified-bcpkix-jdk15to18-1.72 (org.bouncycastle:bcpkix-jdk15to18:1.72)
     Duplicate class org.bouncycastle.dvcs.CCPDRequestBuilder found in modules bcpkix-jdk15on-1.69.jar -> jetified-bcpkix-jdk15on-1.69 (org.bouncycastle:bcpkix-jdk15on:1.69) and bcpkix-jdk15to18-1.72.jar -> jetified-bcpkix-jdk15to18-1.72 (org.bouncycastle:bcpkix-jdk15to18:1.72)
     Duplicate class org.bouncycastle.dvcs.CCPDRequestData found in modules bcpkix-jdk15on-1.69.jar -> jetified-bcpkix-jdk15on-1.69 (org.bouncycastle:bcpkix-jdk15on:1.69) and bcpkix-jdk15to18-1.72.jar -> jetified-bcpkix-jdk15to18-1.72 (org.bouncycastle:bcpkix-jdk15to18:1.72)
     Duplicate class org.bouncycastle.dvcs.CPDRequestBuilder found in modules bcpkix-jdk15on-1.69.jar -> jetified-bcpkix-jdk15on-1.69 (org.bouncycastle:bcpkix-jdk15on:1.69) and bcpkix-jdk15to18-1.72.jar -> jetified-bcpkix-jdk15to18-1.72 (org.bouncycastle:bcpkix-jdk15to18:1.72)
     Duplicate class org.bouncycastle.dvcs.CPDRequestData found in modules bcpkix-jdk15on-1.69.jar -> jetified-bcpkix-jdk15on-1.69 (org.bouncycastle:bcpkix-jdk15on:1.69) and bcpkix-jdk15to18-1.72.jar -> jetified-bcpkix-jdk15to18-1.72 (org.bouncycastle:bcpkix-jdk15to18:1.72)
     Duplicate class org.bouncycastle.dvcs.DVCSConstructionException found in modules bcpkix-jdk15on-1.69.jar -> jetified-bcpkix-jdk15on-1.69 (org.bouncycastle:bcpkix-jdk15on:1.69) and bcpkix-jdk15to18-1.72.jar -> jetified-bcpkix-jdk15to18-1.72 (org.bouncycastle:bcpkix-jdk15to18:1.72)
     Duplicate class org.bouncycastle.dvcs.DVCSException found in modules bcpkix-jdk15on-1.69.jar -> jetified-bcpkix-jdk15on-1.69 (org.bouncycastle:bcpkix-jdk15on:1.69) and bcpkix-jdk15to18-1.72.jar -> jetified-bcpkix-jdk15to18-1.72 (org.bouncycastle:bcpkix-jdk15to18:1.72)
     Duplicate class org.bouncycastle.dvcs.DVCSMessage found in modules bcpkix-jdk15on-1.69.jar -> jetified-bcpkix-jdk15on-1.69 (org.bouncycastle:bcpkix-jdk15on:1.69) and bcpkix-jdk15to18-1.72.jar -> jetified-bcpkix-jdk15to18-1.72 (org.bouncycastle:bcpkix-jdk15to18:1.72)
     Duplicate class org.bouncycastle.dvcs.DVCSParsingException found in modules bcpkix-jdk15on-1.69.jar -> jetified-bcpkix-jdk15on-1.69 (org.bouncycastle:bcpkix-jdk15on:1.69) and bcpkix-jdk15to18-1.72.jar -> jetified-bcpkix-jdk15to18-1.72 (org.bouncycastle:bcpkix-jdk15to18:1.72)
     Duplicate class org.bouncycastle.dvcs.DVCSRequest found in modules bcpkix-jdk15on-1.69.jar -> jetified-bcpkix-jdk15on-1.69 (org.bouncycastle:bcpkix-jdk15on:1.69) and bcpkix-jdk15to18-1.72.jar -> jetified-bcpkix-jdk15to18-1.72 (org.bouncycastle:bcpkix-jdk15to18:1.72)
     Duplicate class org.bouncycastle.dvcs.DVCSRequestBuilder found in modules bcpkix-jdk15on-1.69.jar -> jetified-bcpkix-jdk15on-1.69 (org.bouncycastle:bcpkix-jdk15on:1.69) and bcpkix-jdk15to18-1.72.jar -> jetified-bcpkix-jdk15to18-1.72 (org.bouncycastle:bcpkix-jdk15to18:1.72)
     Duplicate class org.bouncycastle.dvcs.DVCSRequestData found in modules bcpkix-jdk15on-1.69.jar -> jetified-bcpkix-jdk15on-1.69 (org.bouncycastle:bcpkix-jdk15on:1.69) and bcpkix-jdk15to18-1.72.jar -> jetified-bcpkix-jdk15to18-1.72 (org.bouncycastle:bcpkix-jdk15to18:1.72)
     Duplicate class org.bouncycastle.dvcs.DVCSRequestInfo found in modules bcpkix-jdk15on-1.69.jar -> jetified-bcpkix-jdk15on-1.69 (org.bouncycastle:bcpkix-jdk15on:1.69) and bcpkix-jdk15to18-1.72.jar -> jetified-bcpkix-jdk15to18-1.72 (org.bouncycastle:bcpkix-jdk15to18:1.72)
     Duplicate class org.bouncycastle.dvcs.DVCSResponse found in modules bcpkix-jdk15on-1.69.jar -> jetified-bcpkix-jdk15on-1.69 (org.bouncycastle:bcpkix-jdk15on:1.69) and bcpkix-jdk15to18-1.72.jar -> jetified-bcpkix-jdk15to18-1.72 (org.bouncycastle:bcpkix-jdk15to18:1.72)
     Duplicate class org.bouncycastle.dvcs.MessageImprint found in modules bcpkix-jdk15on-1.69.jar -> jetified-bcpkix-jdk15on-1.69 (org.bouncycastle:bcpkix-jdk15on:1.69) and bcpkix-jdk15to18-1.72.jar -> jetified-bcpkix-jdk15to18-1.72 (org.bouncycastle:bcpkix-jdk15to18:1.72)
     Duplicate class org.bouncycastle.dvcs.MessageImprintBuilder found in modules bcpkix-jdk15on-1.69.jar -> jetified-bcpkix-jdk15on-1.69 (org.bouncycastle:bcpkix-jdk15on:1.69) and bcpkix-jdk15to18-1.72.jar -> jetified-bcpkix-jdk15to18-1.72 (org.bouncycastle:bcpkix-jdk15to18:1.72)
     Duplicate class org.bouncycastle.dvcs.SignedDVCSMessageGenerator found in modules bcpkix-jdk15on-1.69.jar -> jetified-bcpkix-jdk15on-1.69 (org.bouncycastle:bcpkix-jdk15on:1.69) and bcpkix-jdk15to18-1.72.jar -> jetified-bcpkix-jdk15to18-1.72 (org.bouncycastle:bcpkix-jdk15to18:1.72)
     Duplicate class org.bouncycastle.dvcs.TargetChain found in modules bcpkix-jdk15on-1.69.jar -> jetified-bcpkix-jdk15on-1.69 (org.bouncycastle:bcpkix-jdk15on:1.69) and bcpkix-jdk15to18-1.72.jar -> jetified-bcpkix-jdk15to18-1.72 (org.bouncycastle:bcpkix-jdk15to18:1.72)
     Duplicate class org.bouncycastle.dvcs.VPKCRequestBuilder found in modules bcpkix-jdk15on-1.69.jar -> jetified-bcpkix-jdk15on-1.69 (org.bouncycastle:bcpkix-jdk15on:1.69) and bcpkix-jdk15to18-1.72.jar -> jetified-bcpkix-jdk15to18-1.72 (org.bouncycastle:bcpkix-jdk15to18:1.72)
     Duplicate class org.bouncycastle.dvcs.VPKCRequestData found in modules bcpkix-jdk15on-1.69.jar -> jetified-bcpkix-jdk15on-1.69 (org.bouncycastle:bcpkix-jdk15on:1.69) and bcpkix-jdk15to18-1.72.jar -> jetified-bcpkix-jdk15to18-1.72 (org.bouncycastle:bcpkix-jdk15to18:1.72)
     Duplicate class org.bouncycastle.dvcs.VSDRequestBuilder found in modules bcpkix-jdk15on-1.69.jar -> jetified-bcpkix-jdk15on-1.69 (org.bouncycastle:bcpkix-jdk15on:1.69) and bcpkix-jdk15to18-1.72.jar -> jetified-bcpkix-jdk15to18-1.72 (org.bouncycastle:bcpkix-jdk15to18:1.72)
     Duplicate class org.bouncycastle.dvcs.VSDRequestData found in modules bcpkix-jdk15on-1.69.jar -> jetified-bcpkix-jdk15on-1.69 (org.bouncycastle:bcpkix-jdk15on:1.69) and bcpkix-jdk15to18-1.72.jar -> jetified-bcpkix-jdk15to18-1.72 (org.bouncycastle:bcpkix-jdk15to18:1.72)
     Duplicate class org.bouncycastle.eac.EACCertificateBuilder found in modules bcpkix-jdk15on-1.69.jar -> jetified-bcpkix-jdk15on-1.69 (org.bouncycastle:bcpkix-jdk15on:1.69) and bcpkix-jdk15to18-1.72.jar -> jetified-bcpkix-jdk15to18-1.72 (org.bouncycastle:bcpkix-jdk15to18:1.72)
     Duplicate class org.bouncycastle.eac.EACCertificateHolder found in modules bcpkix-jdk15on-1.69.jar -> jetified-bcpkix-jdk15on-1.69 (org.bouncycastle:bcpkix-jdk15on:1.69) and bcpkix-jdk15to18-1.72.jar -> jetified-bcpkix-jdk15to18-1.72 (org.bouncycastle:bcpkix-jdk15to18:1.72)
     Duplicate class org.bouncycastle.eac.EACCertificateRequestHolder found in modules bcpkix-jdk15on-1.69.jar -> jetified-bcpkix-jdk15on-1.69 (org.bouncycastle:bcpkix-jdk15on:1.69) and bcpkix-jdk15to18-1.72.jar -> jetified-bcpkix-jdk15to18-1.72 (org.bouncycastle:bcpkix-jdk15to18:1.72)
     Duplicate class org.bouncycastle.eac.EACException found in modules bcpkix-jdk15on-1.69.jar -> jetified-bcpkix-jdk15on-1.69 (org.bouncycastle:bcpkix-jdk15on:1.69) and bcpkix-jdk15to18-1.72.jar -> jetified-bcpkix-jdk15to18-1.72 (org.bouncycastle:bcpkix-jdk15to18:1.72)
     Duplicate class org.bouncycastle.eac.EACIOException found in modules bcpkix-jdk15on-1.69.jar -> jetified-bcpkix-jdk15on-1.69 (org.bouncycastle:bcpkix-jdk15on:1.69) and bcpkix-jdk15to18-1.72.jar -> jetified-bcpkix-jdk15to18-1.72 (org.bouncycastle:bcpkix-jdk15to18:1.72)
     Duplicate class org.bouncycastle.eac.jcajce.DefaultEACHelper found in modules bcpkix-jdk15on-1.69.jar -> jetified-bcpkix-jdk15on-1.69 (org.bouncycastle:bcpkix-jdk15on:1.69) and bcpkix-jdk15to18-1.72.jar -> jetified-bcpkix-jdk15to18-1.72 (org.bouncycastle:bcpkix-jdk15to18:1.72)
     Duplicate class org.bouncycastle.eac.jcajce.EACHelper found in modules bcpkix-jdk15on-1.69.jar -> jetified-bcpkix-jdk15on-1.69 (org.bouncycastle:bcpkix-jdk15on:1.69) and bcpkix-jdk15to18-1.72.jar -> jetified-bcpkix-jdk15to18-1.72 (org.bouncycastle:bcpkix-jdk15to18:1.72)
     Duplicate class org.bouncycastle.eac.jcajce.JcaPublicKeyConverter found in modules bcpkix-jdk15on-1.69.jar -> jetified-bcpkix-jdk15on-1.69 (org.bouncycastle:bcpkix-jdk15on:1.69) and bcpkix-jdk15to18-1.72.jar -> jetified-bcpkix-jdk15to18-1.72 (org.bouncycastle:bcpkix-jdk15to18:1.72)
     Duplicate class org.bouncycastle.eac.jcajce.NamedEACHelper found in modules bcpkix-jdk15on-1.69.jar -> jetified-bcpkix-jdk15on-1.69 (org.bouncycastle:bcpkix-jdk15on:1.69) and bcpkix-jdk15to18-1.72.jar -> jetified-bcpkix-jdk15to18-1.72 (org.bouncycastle:bcpkix-jdk15to18:1.72)
     Duplicate class org.bouncycastle.eac.jcajce.ProviderEACHelper found in modules bcpkix-jdk15on-1.69.jar -> jetified-bcpkix-jdk15on-1.69 (org.bouncycastle:bcpkix-jdk15on:1.69) and bcpkix-jdk15to18-1.72.jar -> jetified-bcpkix-jdk15to18-1.72 (org.bouncycastle:bcpkix-jdk15to18:1.72)
     Duplicate class org.bouncycastle.eac.operator.EACSignatureVerifier found in modules bcpkix-jdk15on-1.69.jar -> jetified-bcpkix-jdk15on-1.69 (org.bouncycastle:bcpkix-jdk15on:1.69) and bcpkix-jdk15to18-1.72.jar -> jetified-bcpkix-jdk15to18-1.72 (org.bouncycastle:bcpkix-jdk15to18:1.72)
     Duplicate class org.bouncycastle.eac.operator.EACSigner found in modules bcpkix-jdk15on-1.69.jar -> jetified-bcpkix-jdk15on-1.69 (org.bouncycastle:bcpkix-jdk15on:1.69) and bcpkix-jdk15to18-1.72.jar -> jetified-bcpkix-jdk15to18-1.72 (org.bouncycastle:bcpkix-jdk15to18:1.72)
     Duplicate class org.bouncycastle.eac.operator.jcajce.DefaultEACHelper found in modules bcpkix-jdk15on-1.69.jar -> jetified-bcpkix-jdk15on-1.69 (org.bouncycastle:bcpkix-jdk15on:1.69) and bcpkix-jdk15to18-1.72.jar -> jetified-bcpkix-jdk15to18-1.72 (org.bouncycastle:bcpkix-jdk15to18:1.72)
     Duplicate class org.bouncycastle.eac.operator.jcajce.EACHelper found in modules bcpkix-jdk15on-1.69.jar -> jetified-bcpkix-jdk15on-1.69 (org.bouncycastle:bcpkix-jdk15on:1.69) and bcpkix-jdk15to18-1.72.jar -> jetified-bcpkix-jdk15to18-1.72 (org.bouncycastle:bcpkix-jdk15to18:1.72)
     Duplicate class org.bouncycastle.eac.operator.jcajce.EACUtil found in modules bcpkix-jdk15on-1.69.jar -> jetified-bcpkix-jdk15on-1.69 (org.bouncycastle:bcpkix-jdk15on:1.69) and bcpkix-jdk15to18-1.72.jar -> jetified-bcpkix-jdk15to18-1.72 (org.bouncycastle:bcpkix-jdk15to18:1.72)
     Duplicate class org.bouncycastle.eac.operator.jcajce.JcaEACSignatureVerifierBuilder found in modules bcpkix-jdk15on-1.69.jar -> jetified-bcpkix-jdk15on-1.69 (org.bouncycastle:bcpkix-jdk15on:1.69) and bcpkix-jdk15to18-1.72.jar -> jetified-bcpkix-jdk15to18-1.72 (org.bouncycastle:bcpkix-jdk15to18:1.72)
     Duplicate class org.bouncycastle.eac.operator.jcajce.JcaEACSignatureVerifierBuilder$1 found in modules bcpkix-jdk15on-1.69.jar -> jetified-bcpkix-jdk15on-1.69 (org.bouncycastle:bcpkix-jdk15on:1.69) and bcpkix-jdk15to18-1.72.jar -> jetified-bcpkix-jdk15to18-1.72 (org.bouncycastle:bcpkix-jdk15to18:1.72)
     Duplicate class org.bouncycastle.eac.operator.jcajce.JcaEACSignatureVerifierBuilder$SignatureOutputStream found in modules bcpkix-jdk15on-1.69.jar -> jetified-bcpkix-jdk15on-1.69 (org.bouncycastle:bcpkix-jdk15on:1.69) and bcpkix-jdk15to18-1.72.jar -> jetified-bcpkix-jdk15to18-1.72 (org.bouncycastle:bcpkix-jdk15to18:1.72)
     Duplicate class org.bouncycastle.eac.operator.jcajce.JcaEACSignerBuilder found in modules bcpkix-jdk15on-1.69.jar -> jetified-bcpkix-jdk15on-1.69 (org.bouncycastle:bcpkix-jdk15on:1.69) and bcpkix-jdk15to18-1.72.jar -> jetified-bcpkix-jdk15to18-1.72 (org.bouncycastle:bcpkix-jdk15to18:1.72)
     Duplicate class org.bouncycastle.eac.operator.jcajce.JcaEACSignerBuilder$1 found in modules bcpkix-jdk15on-1.69.jar -> jetified-bcpkix-jdk15on-1.69 (org.bouncycastle:bcpkix-jdk15on:1.69) and bcpkix-jdk15to18-1.72.jar -> jetified-bcpkix-jdk15to18-1.72 (org.bouncycastle:bcpkix-jdk15to18:1.72)
     Duplicate class org.bouncycastle.eac.operator.jcajce.JcaEACSignerBuilder$SignatureOutputStream found in modules bcpkix-jdk15on-1.69.jar -> jetified-bcpkix-jdk15on-1.69 (org.bouncycastle:bcpkix-jdk15on:1.69) and bcpkix-jdk15to18-1.72.jar -> jetified-bcpkix-jdk15to18-1.72 (org.bouncycastle:bcpkix-jdk15to18:1.72)
     Duplicate class org.bouncycastle.eac.operator.jcajce.NamedEACHelper found in modules bcpkix-jdk15on-1.69.jar -> jetified-bcpkix-jdk15on-1.69 (org.bouncycastle:bcpkix-jdk15on:1.69) and bcpkix-jdk15to18-1.72.jar -> jetified-bcpkix-jdk15to18-1.72 (org.bouncycastle:bcpkix-jdk15to18:1.72)
     Duplicate class org.bouncycastle.eac.operator.jcajce.ProviderEACHelper found in modules bcpkix-jdk15on-1.69.jar -> jetified-bcpkix-jdk15on-1.69 (org.bouncycastle:bcpkix-jdk15on:1.69) and bcpkix-jdk15to18-1.72.jar -> jetified-bcpkix-jdk15to18-1.72 (org.bouncycastle:bcpkix-jdk15to18:1.72)
     Duplicate class org.bouncycastle.est.CACertsResponse found in modules bcpkix-jdk15on-1.69.jar -> jetified-bcpkix-jdk15on-1.69 (org.bouncycastle:bcpkix-jdk15on:1.69) and bcpkix-jdk15to18-1.72.jar -> jetified-bcpkix-jdk15to18-1.72 (org.bouncycastle:bcpkix-jdk15to18:1.72)
     Duplicate class org.bouncycastle.est.CSRAttributesResponse found in modules bcpkix-jdk15on-1.69.jar -> jetified-bcpkix-jdk15on-1.69 (org.bouncycastle:bcpkix-jdk15on:1.69) and bcpkix-jdk15to18-1.72.jar -> jetified-bcpkix-jdk15to18-1.72 (org.bouncycastle:bcpkix-jdk15to18:1.72)
     Duplicate class org.bouncycastle.est.CSRRequestResponse found in modules bcpkix-jdk15on-1.69.jar -> jetified-bcpkix-jdk15on-1.69 (org.bouncycastle:bcpkix-jdk15on:1.69) and bcpkix-jdk15to18-1.72.jar -> jetified-bcpkix-jdk15to18-1.72 (org.bouncycastle:bcpkix-jdk15to18:1.72)
     Duplicate class org.bouncycastle.est.CTEBase64InputStream found in modules bcpkix-jdk15on-1.69.jar -> jetified-bcpkix-jdk15on-1.69 (org.bouncycastle:bcpkix-jdk15on:1.69) and bcpkix-jdk15to18-1.72.jar -> jetified-bcpkix-jdk15to18-1.72 (org.bouncycastle:bcpkix-jdk15to18:1.72)
     Duplicate class org.bouncycastle.est.CTEBase64InputStream$1 found in modules bcpkix-jdk15on-1.69.jar -> jetified-bcpkix-jdk15on-1.69 (org.bouncycastle:bcpkix-jdk15on:1.69) and bcpkix-jdk15to18-1.72.jar -> jetified-bcpkix-jdk15to18-1.72 (org.bouncycastle:bcpkix-jdk15to18:1.72)
     Duplicate class org.bouncycastle.est.ESTAuth found in modules bcpkix-jdk15on-1.69.jar -> jetified-bcpkix-jdk15on-1.69 (org.bouncycastle:bcpkix-jdk15on:1.69) and bcpkix-jdk15to18-1.72.jar -> jetified-bcpkix-jdk15to18-1.72 (org.bouncycastle:bcpkix-jdk15to18:1.72)
     Duplicate class org.bouncycastle.est.ESTClient found in modules bcpkix-jdk15on-1.69.jar -> jetified-bcpkix-jdk15on-1.69 (org.bouncycastle:bcpkix-jdk15on:1.69) and bcpkix-jdk15to18-1.72.jar -> jetified-bcpkix-jdk15to18-1.72 (org.bouncycastle:bcpkix-jdk15to18:1.72)
     Duplicate class org.bouncycastle.est.ESTClientProvider found in modules bcpkix-jdk15on-1.69.jar -> jetified-bcpkix-jdk15on-1.69 (org.bouncycastle:bcpkix-jdk15on:1.69) and bcpkix-jdk15to18-1.72.jar -> jetified-bcpkix-jdk15to18-1.72 (org.bouncycastle:bcpkix-jdk15to18:1.72)
     Duplicate class org.bouncycastle.est.ESTClientSourceProvider found in modules bcpkix-jdk15on-1.69.jar -> jetified-bcpkix-jdk15on-1.69 (org.bouncycastle:bcpkix-jdk15on:1.69) and bcpkix-jdk15to18-1.72.jar -> jetified-bcpkix-jdk15to18-1.72 (org.bouncycastle:bcpkix-jdk15to18:1.72)
     Duplicate class org.bouncycastle.est.ESTException found in modules bcpkix-jdk15on-1.69.jar -> jetified-bcpkix-jdk15on-1.69 (org.bouncycastle:bcpkix-jdk15on:1.69) and bcpkix-jdk15to18-1.72.jar -> jetified-bcpkix-jdk15to18-1.72 (org.bouncycastle:bcpkix-jdk15to18:1.72)
     Duplicate class org.bouncycastle.est.ESTHijacker found in modules bcpkix-jdk15on-1.69.jar -> jetified-bcpkix-jdk15on-1.69 (org.bouncycastle:bcpkix-jdk15on:1.69) and bcpkix-jdk15to18-1.72.jar -> jetified-bcpkix-jdk15to18-1.72 (org.bouncycastle:bcpkix-jdk15to18:1.72)
     Duplicate class org.bouncycastle.est.ESTRequest found in modules bcpkix-jdk15on-1.69.jar -> jetified-bcpkix-jdk15on-1.69 (org.bouncycastle:bcpkix-jdk15on:1.69) and bcpkix-jdk15to18-1.72.jar -> jetified-bcpkix-jdk15to18-1.72 (org.bouncycastle:bcpkix-jdk15to18:1.72)
     Duplicate class org.bouncycastle.est.ESTRequestBuilder found in modules bcpkix-jdk15on-1.69.jar -> jetified-bcpkix-jdk15on-1.69 (org.bouncycastle:bcpkix-jdk15on:1.69) and bcpkix-jdk15to18-1.72.jar -> jetified-bcpkix-jdk15to18-1.72 (org.bouncycastle:bcpkix-jdk15to18:1.72)
     Duplicate class org.bouncycastle.est.ESTResponse found in modules bcpkix-jdk15on-1.69.jar -> jetified-bcpkix-jdk15on-1.69 (org.bouncycastle:bcpkix-jdk15on:1.69) and bcpkix-jdk15to18-1.72.jar -> jetified-bcpkix-jdk15to18-1.72 (org.bouncycastle:bcpkix-jdk15to18:1.72)
     Duplicate class org.bouncycastle.est.ESTResponse$1 found in modules bcpkix-jdk15on-1.69.jar -> jetified-bcpkix-jdk15on-1.69 (org.bouncycastle:bcpkix-jdk15on:1.69) and bcpkix-jdk15to18-1.72.jar -> jetified-bcpkix-jdk15to18-1.72 (org.bouncycastle:bcpkix-jdk15to18:1.72)
     Duplicate class org.bouncycastle.est.ESTResponse$2 found in modules bcpkix-jdk15on-1.69.jar -> jetified-bcpkix-jdk15on-1.69 (org.bouncycastle:bcpkix-jdk15on:1.69) and bcpkix-jdk15to18-1.72.jar -> jetified-bcpkix-jdk15to18-1.72 (org.bouncycastle:bcpkix-jdk15to18:1.72)
     Duplicate class org.bouncycastle.est.ESTResponse$PrintingInputStream found in modules bcpkix-jdk15on-1.69.jar -> jetified-bcpkix-jdk15on-1.69 (org.bouncycastle:bcpkix-jdk15on:1.69) and bcpkix-jdk15to18-1.72.jar -> jetified-bcpkix-jdk15to18-1.72 (org.bouncycastle:bcpkix-jdk15to18:1.72)
     Duplicate class org.bouncycastle.est.ESTService found in modules bcpkix-jdk15on-1.69.jar -> jetified-bcpkix-jdk15on-1.69 (org.bouncycastle:bcpkix-jdk15on:1.69) and bcpkix-jdk15to18-1.72.jar -> jetified-bcpkix-jdk15to18-1.72 (org.bouncycastle:bcpkix-jdk15to18:1.72)
     Duplicate class org.bouncycastle.est.ESTService$1 found in modules bcpkix-jdk15on-1.69.jar -> jetified-bcpkix-jdk15on-1.69 (org.bouncycastle:bcpkix-jdk15on:1.69) and bcpkix-jdk15to18-1.72.jar -> jetified-bcpkix-jdk15to18-1.72 (org.bouncycastle:bcpkix-jdk15to18:1.72)
     Duplicate class org.bouncycastle.est.ESTServiceBuilder found in modules bcpkix-jdk15on-1.69.jar -> jetified-bcpkix-jdk15on-1.69 (org.bouncycastle:bcpkix-jdk15on:1.69) and bcpkix-jdk15to18-1.72.jar -> jetified-bcpkix-jdk15to18-1.72 (org.bouncycastle:bcpkix-jdk15to18:1.72)
     Duplicate class org.bouncycastle.est.ESTSourceConnectionListener found in modules bcpkix-jdk15on-1.69.jar -> jetified-bcpkix-jdk15on-1.69 (org.bouncycastle:bcpkix-jdk15on:1.69) and bcpkix-jdk15to18-1.72.jar -> jetified-bcpkix-jdk15to18-1.72 (org.bouncycastle:bcpkix-jdk15to18:1.72)
     Duplicate class org.bouncycastle.est.EnrollmentResponse found in modules bcpkix-jdk15on-1.69.jar -> jetified-bcpkix-jdk15on-1.69 (org.bouncycastle:bcpkix-jdk15on:1.69) and bcpkix-jdk15to18-1.72.jar -> jetified-bcpkix-jdk15to18-1.72 (org.bouncycastle:bcpkix-jdk15to18:1.72)
     Duplicate class org.bouncycastle.est.HttpAuth found in modules bcpkix-jdk15on-1.69.jar -> jetified-bcpkix-jdk15on-1.69 (org.bouncycastle:bcpkix-jdk15on:1.69) and bcpkix-jdk15to18-1.72.jar -> jetified-bcpkix-jdk15to18-1.72 (org.bouncycastle:bcpkix-jdk15to18:1.72)
     Duplicate class org.bouncycastle.est.HttpAuth$1 found in modules bcpkix-jdk15on-1.69.jar -> jetified-bcpkix-jdk15on-1.69 (org.bouncycastle:bcpkix-jdk15on:1.69) and bcpkix-jdk15to18-1.72.jar -> jetified-bcpkix-jdk15to18-1.72 (org.bouncycastle:bcpkix-jdk15to18:1.72)
     Duplicate class org.bouncycastle.est.HttpUtil found in modules bcpkix-jdk15on-1.69.jar -> jetified-bcpkix-jdk15on-1.69 (org.bouncycastle:bcpkix-jdk15on:1.69) and bcpkix-jdk15to18-1.72.jar -> jetified-bcpkix-jdk15to18-1.72 (org.bouncycastle:bcpkix-jdk15to18:1.72)
     Duplicate class org.bouncycastle.est.HttpUtil$Headers found in modules bcpkix-jdk15on-1.69.jar -> jetified-bcpkix-jdk15on-1.69 (org.bouncycastle:bcpkix-jdk15on:1.69) and bcpkix-jdk15to18-1.72.jar -> jetified-bcpkix-jdk15to18-1.72 (org.bouncycastle:bcpkix-jdk15to18:1.72)
     Duplicate class org.bouncycastle.est.HttpUtil$PartLexer found in modules bcpkix-jdk15on-1.69.jar -> jetified-bcpkix-jdk15on-1.69 (org.bouncycastle:bcpkix-jdk15on:1.69) and bcpkix-jdk15to18-1.72.jar -> jetified-bcpkix-jdk15to18-1.72 (org.bouncycastle:bcpkix-jdk15to18:1.72)
     Duplicate class org.bouncycastle.est.LimitedSource found in modules bcpkix-jdk15on-1.69.jar -> jetified-bcpkix-jdk15on-1.69 (org.bouncycastle:bcpkix-jdk15on:1.69) and bcpkix-jdk15to18-1.72.jar -> jetified-bcpkix-jdk15to18-1.72 (org.bouncycastle:bcpkix-jdk15to18:1.72)
     Duplicate class org.bouncycastle.est.Source found in modules bcpkix-jdk15on-1.69.jar -> jetified-bcpkix-jdk15on-1.69 (org.bouncycastle:bcpkix-jdk15on:1.69) and bcpkix-jdk15to18-1.72.jar -> jetified-bcpkix-jdk15to18-1.72 (org.bouncycastle:bcpkix-jdk15to18:1.72)
     Duplicate class org.bouncycastle.est.TLSUniqueProvider found in modules bcpkix-jdk15on-1.69.jar -> jetified-bcpkix-jdk15on-1.69 (org.bouncycastle:bcpkix-jdk15on:1.69) and bcpkix-jdk15to18-1.72.jar -> jetified-bcpkix-jdk15to18-1.72 (org.bouncycastle:bcpkix-jdk15to18:1.72)
     Duplicate class org.bouncycastle.est.jcajce.ChannelBindingProvider found in modules bcpkix-jdk15on-1.69.jar -> jetified-bcpkix-jdk15on-1.69 (org.bouncycastle:bcpkix-jdk15on:1.69) and bcpkix-jdk15to18-1.72.jar -> jetified-bcpkix-jdk15to18-1.72 (org.bouncycastle:bcpkix-jdk15to18:1.72)
     Duplicate class org.bouncycastle.est.jcajce.DefaultESTClient found in modules bcpkix-jdk15on-1.69.jar -> jetified-bcpkix-jdk15on-1.69 (org.bouncycastle:bcpkix-jdk15on:1.69) and bcpkix-jdk15to18-1.72.jar -> jetified-bcpkix-jdk15to18-1.72 (org.bouncycastle:bcpkix-jdk15to18:1.72)
     Duplicate class org.bouncycastle.est.jcajce.DefaultESTClient$PrintingOutputStream found in modules bcpkix-jdk15on-1.69.jar -> jetified-bcpkix-jdk15on-1.69 (org.bouncycastle:bcpkix-jdk15on:1.69) and bcpkix-jdk15to18-1.72.jar -> jetified-bcpkix-jdk15to18-1.72 (org.bouncycastle:bcpkix-jdk15to18:1.72)
     Duplicate class org.bouncycastle.est.jcajce.DefaultESTClientSourceProvider found in modules bcpkix-jdk15on-1.69.jar -> jetified-bcpkix-jdk15on-1.69 (org.bouncycastle:bcpkix-jdk15on:1.69) and bcpkix-jdk15to18-1.72.jar -> jetified-bcpkix-jdk15to18-1.72 (org.bouncycastle:bcpkix-jdk15to18:1.72)
     Duplicate class org.bouncycastle.est.jcajce.DefaultESTHttpClientProvider found in modules bcpkix-jdk15on-1.69.jar -> jetified-bcpkix-jdk15on-1.69 (org.bouncycastle:bcpkix-jdk15on:1.69) and bcpkix-jdk15to18-1.72.jar -> jetified-bcpkix-jdk15to18-1.72 (org.bouncycastle:bcpkix-jdk15to18:1.72)
     Duplicate class org.bouncycastle.est.jcajce.JcaHttpAuthBuilder found in modules bcpkix-jdk15on-1.69.jar -> jetified-bcpkix-jdk15on-1.69 (org.bouncycastle:bcpkix-jdk15on:1.69) and bcpkix-jdk15to18-1.72.jar -> jetified-bcpkix-jdk15to18-1.72 (org.bouncycastle:bcpkix-jdk15to18:1.72)
     Duplicate class org.bouncycastle.est.jcajce.JcaJceUtils found in modules bcpkix-jdk15on-1.69.jar -> jetified-bcpkix-jdk15on-1.69 (org.bouncycastle:bcpkix-jdk15on:1.69) and bcpkix-jdk15to18-1.72.jar -> jetified-bcpkix-jdk15to18-1.72 (org.bouncycastle:bcpkix-jdk15to18:1.72)
     Duplicate class org.bouncycastle.est.jcajce.JcaJceUtils$1 found in modules bcpkix-jdk15on-1.69.jar -> jetified-bcpkix-jdk15on-1.69 (org.bouncycastle:bcpkix-jdk15on:1.69) and bcpkix-jdk15to18-1.72.jar -> jetified-bcpkix-jdk15to18-1.72 (org.bouncycastle:bcpkix-jdk15to18:1.72)
     Duplicate class org.bouncycastle.est.jcajce.JcaJceUtils$2 found in modules bcpkix-jdk15on-1.69.jar -> jetified-bcpkix-jdk15on-1.69 (org.bouncycastle:bcpkix-jdk15on:1.69) and bcpkix-jdk15to18-1.72.jar -> jetified-bcpkix-jdk15to18-1.72 (org.bouncycastle:bcpkix-jdk15to18:1.72)
     Duplicate class org.bouncycastle.est.jcajce.JsseDefaultHostnameAuthorizer found in modules bcpkix-jdk15on-1.69.jar -> jetified-bcpkix-jdk15on-1.69 (org.bouncycastle:bcpkix-jdk15on:1.69) and bcpkix-jdk15to18-1.72.jar -> jetified-bcpkix-jdk15to18-1.72 (org.bouncycastle:bcpkix-jdk15to18:1.72)
     Duplicate class org.bouncycastle.est.jcajce.JsseESTServiceBuilder found in modules bcpkix-jdk15on-1.69.jar -> jetified-bcpkix-jdk15on-1.69 (org.bouncycastle:bcpkix-jdk15on:1.69) and bcpkix-jdk15to18-1.72.jar -> jetified-bcpkix-jdk15to18-1.72 (org.bouncycastle:bcpkix-jdk15to18:1.72)
     Duplicate class org.bouncycastle.est.jcajce.JsseESTServiceBuilder$1 found in modules bcpkix-jdk15on-1.69.jar -> jetified-bcpkix-jdk15on-1.69 (org.bouncycastle:bcpkix-jdk15on:1.69) and bcpkix-jdk15to18-1.72.jar -> jetified-bcpkix-jdk15to18-1.72 (org.bouncycastle:bcpkix-jdk15to18:1.72)
     Duplicate class org.bouncycastle.est.jcajce.JsseHostnameAuthorizer found in modules bcpkix-jdk15on-1.69.jar -> jetified-bcpkix-jdk15on-1.69 (org.bouncycastle:bcpkix-jdk15on:1.69) and bcpkix-jdk15to18-1.72.jar -> jetified-bcpkix-jdk15to18-1.72 (org.bouncycastle:bcpkix-jdk15to18:1.72)
     Duplicate class org.bouncycastle.est.jcajce.LimitedSSLSocketSource found in modules bcpkix-jdk15on-1.69.jar -> jetified-bcpkix-jdk15on-1.69 (org.bouncycastle:bcpkix-jdk15on:1.69) and bcpkix-jdk15to18-1.72.jar -> jetified-bcpkix-jdk15to18-1.72 (org.bouncycastle:bcpkix-jdk15to18:1.72)
     Duplicate class org.bouncycastle.est.jcajce.SSLSocketFactoryCreator found in modules bcpkix-jdk15on-1.69.jar -> jetified-bcpkix-jdk15on-1.69 (org.bouncycastle:bcpkix-jdk15on:1.69) and bcpkix-jdk15to18-1.72.jar -> jetified-bcpkix-jdk15to18-1.72 (org.bouncycastle:bcpkix-jdk15to18:1.72)
     Duplicate class org.bouncycastle.est.jcajce.SSLSocketFactoryCreatorBuilder found in modules bcpkix-jdk15on-1.69.jar -> jetified-bcpkix-jdk15on-1.69 (org.bouncycastle:bcpkix-jdk15on:1.69) and bcpkix-jdk15to18-1.72.jar -> jetified-bcpkix-jdk15to18-1.72 (org.bouncycastle:bcpkix-jdk15to18:1.72)
     Duplicate class org.bouncycastle.est.jcajce.SSLSocketFactoryCreatorBuilder$1 found in modules bcpkix-jdk15on-1.69.jar -> jetified-bcpkix-jdk15on-1.69 (org.bouncycastle:bcpkix-jdk15on:1.69) and bcpkix-jdk15to18-1.72.jar -> jetified-bcpkix-jdk15to18-1.72 (org.bouncycastle:bcpkix-jdk15to18:1.72)
     Duplicate class org.bouncycastle.mime.BasicMimeParser found in modules bcpkix-jdk15on-1.69.jar -> jetified-bcpkix-jdk15on-1.69 (org.bouncycastle:bcpkix-jdk15on:1.69) and bcpkix-jdk15to18-1.72.jar -> jetified-bcpkix-jdk15to18-1.72 (org.bouncycastle:bcpkix-jdk15to18:1.72)
     Duplicate class org.bouncycastle.mime.BoundaryLimitedInputStream found in modules bcpkix-jdk15on-1.69.jar -> jetified-bcpkix-jdk15on-1.69 (org.bouncycastle:bcpkix-jdk15on:1.69) and bcpkix-jdk15to18-1.72.jar -> jetified-bcpkix-jdk15to18-1.72 (org.bouncycastle:bcpkix-jdk15to18:1.72)
     Duplicate class org.bouncycastle.mime.CanonicalOutputStream found in modules bcpkix-jdk15on-1.69.jar -> jetified-bcpkix-jdk15on-1.69 (org.bouncycastle:bcpkix-jdk15on:1.69) and bcpkix-jdk15to18-1.72.jar -> jetified-bcpkix-jdk15to18-1.72 (org.bouncycastle:bcpkix-jdk15to18:1.72)
     Duplicate class org.bouncycastle.mime.ConstantMimeContext found in modules bcpkix-jdk15on-1.69.jar -> jetified-bcpkix-jdk15on-1.69 (org.bouncycastle:bcpkix-jdk15on:1.69) and bcpkix-jdk15to18-1.72.jar -> jetified-bcpkix-jdk15to18-1.72 (org.bouncycastle:bcpkix-jdk15to18:1.72)
     Duplicate class org.bouncycastle.mime.Headers found in modules bcpkix-jdk15on-1.69.jar -> jetified-bcpkix-jdk15on-1.69 (org.bouncycastle:bcpkix-jdk15on:1.69) and bcpkix-jdk15to18-1.72.jar -> jetified-bcpkix-jdk15to18-1.72 (org.bouncycastle:bcpkix-jdk15to18:1.72)
     Duplicate class org.bouncycastle.mime.Headers$KV found in modules bcpkix-jdk15on-1.69.jar -> jetified-bcpkix-jdk15on-1.69 (org.bouncycastle:bcpkix-jdk15on:1.69) and bcpkix-jdk15to18-1.72.jar -> jetified-bcpkix-jdk15to18-1.72 (org.bouncycastle:bcpkix-jdk15to18:1.72)
     Duplicate class org.bouncycastle.mime.LineReader found in modules bcpkix-jdk15on-1.69.jar -> jetified-bcpkix-jdk15on-1.69 (org.bouncycastle:bcpkix-jdk15on:1.69) and bcpkix-jdk15to18-1.72.jar -> jetified-bcpkix-jdk15to18-1.72 (org.bouncycastle:bcpkix-jdk15to18:1.72)
     Duplicate class org.bouncycastle.mime.MimeContext found in modules bcpkix-jdk15on-1.69.jar -> jetified-bcpkix-jdk15on-1.69 (org.bouncycastle:bcpkix-jdk15on:1.69) and bcpkix-jdk15to18-1.72.jar -> jetified-bcpkix-jdk15to18-1.72 (org.bouncycastle:bcpkix-jdk15to18:1.72)
     Duplicate class org.bouncycastle.mime.MimeIOException found in modules bcpkix-jdk15on-1.69.jar -> jetified-bcpkix-jdk15on-1.69 (org.bouncycastle:bcpkix-jdk15on:1.69) and bcpkix-jdk15to18-1.72.jar -> jetified-bcpkix-jdk15to18-1.72 (org.bouncycastle:bcpkix-jdk15to18:1.72)
     Duplicate class org.bouncycastle.mime.MimeMultipartContext found in modules bcpkix-jdk15on-1.69.jar -> jetified-bcpkix-jdk15on-1.69 (org.bouncycastle:bcpkix-jdk15on:1.69) and bcpkix-jdk15to18-1.72.jar -> jetified-bcpkix-jdk15to18-1.72 (org.bouncycastle:bcpkix-jdk15to18:1.72)
     Duplicate class org.bouncycastle.mime.MimeParser found in modules bcpkix-jdk15on-1.69.jar -> jetified-bcpkix-jdk15on-1.69 (org.bouncycastle:bcpkix-jdk15on:1.69) and bcpkix-jdk15to18-1.72.jar -> jetified-bcpkix-jdk15to18-1.72 (org.bouncycastle:bcpkix-jdk15to18:1.72)
     Duplicate class org.bouncycastle.mime.MimeParserContext found in modules bcpkix-jdk15on-1.69.jar -> jetified-bcpkix-jdk15on-1.69 (org.bouncycastle:bcpkix-jdk15on:1.69) and bcpkix-jdk15to18-1.72.jar -> jetified-bcpkix-jdk15to18-1.72 (org.bouncycastle:bcpkix-jdk15to18:1.72)
     Duplicate class org.bouncycastle.mime.MimeParserListener found in modules bcpkix-jdk15on-1.69.jar -> jetified-bcpkix-jdk15on-1.69 (org.bouncycastle:bcpkix-jdk15on:1.69) and bcpkix-jdk15to18-1.72.jar -> jetified-bcpkix-jdk15to18-1.72 (org.bouncycastle:bcpkix-jdk15to18:1.72)
     Duplicate class org.bouncycastle.mime.MimeParserProvider found in modules bcpkix-jdk15on-1.69.jar -> jetified-bcpkix-jdk15on-1.69 (org.bouncycastle:bcpkix-jdk15on:1.69) and bcpkix-jdk15to18-1.72.jar -> jetified-bcpkix-jdk15to18-1.72 (org.bouncycastle:bcpkix-jdk15to18:1.72)
     Duplicate class org.bouncycastle.mime.MimeWriter found in modules bcpkix-jdk15on-1.69.jar -> jetified-bcpkix-jdk15on-1.69 (org.bouncycastle:bcpkix-jdk15on:1.69) and bcpkix-jdk15to18-1.72.jar -> jetified-bcpkix-jdk15to18-1.72 (org.bouncycastle:bcpkix-jdk15to18:1.72)
     Duplicate class org.bouncycastle.mime.encoding.Base64InputStream found in modules bcpkix-jdk15on-1.69.jar -> jetified-bcpkix-jdk15on-1.69 (org.bouncycastle:bcpkix-jdk15on:1.69) and bcpkix-jdk15to18-1.72.jar -> jetified-bcpkix-jdk15to18-1.72 (org.bouncycastle:bcpkix-jdk15to18:1.72)
     Duplicate class org.bouncycastle.mime.encoding.Base64OutputStream found in modules bcpkix-jdk15on-1.69.jar -> jetified-bcpkix-jdk15on-1.69 (org.bouncycastle:bcpkix-jdk15on:1.69) and bcpkix-jdk15to18-1.72.jar -> jetified-bcpkix-jdk15to18-1.72 (org.bouncycastle:bcpkix-jdk15to18:1.72)
     Duplicate class org.bouncycastle.mime.encoding.QuotedPrintableInputStream found in modules bcpkix-jdk15on-1.69.jar -> jetified-bcpkix-jdk15on-1.69 (org.bouncycastle:bcpkix-jdk15on:1.69) and bcpkix-jdk15to18-1.72.jar -> jetified-bcpkix-jdk15to18-1.72 (org.bouncycastle:bcpkix-jdk15to18:1.72)
     Duplicate class org.bouncycastle.mime.smime.SMIMEEnvelopedWriter found in modules bcpkix-jdk15on-1.69.jar -> jetified-bcpkix-jdk15on-1.69 (org.bouncycastle:bcpkix-jdk15on:1.69) and bcpkix-jdk15to18-1.72.jar -> jetified-bcpkix-jdk15to18-1.72 (org.bouncycastle:bcpkix-jdk15to18:1.72)
     Duplicate class org.bouncycastle.mime.smime.SMIMEEnvelopedWriter$1 found in modules bcpkix-jdk15on-1.69.jar -> jetified-bcpkix-jdk15on-1.69 (org.bouncycastle:bcpkix-jdk15on:1.69) and bcpkix-jdk15to18-1.72.jar -> jetified-bcpkix-jdk15to18-1.72 (org.bouncycastle:bcpkix-jdk15to18:1.72)
     Duplicate class org.bouncycastle.mime.smime.SMIMEEnvelopedWriter$Builder found in modules bcpkix-jdk15on-1.69.jar -> jetified-bcpkix-jdk15on-1.69 (org.bouncycastle:bcpkix-jdk15on:1.69) and bcpkix-jdk15to18-1.72.jar -> jetified-bcpkix-jdk15to18-1.72 (org.bouncycastle:bcpkix-jdk15to18:1.72)
     Duplicate class org.bouncycastle.mime.smime.SMIMEEnvelopedWriter$ContentOutputStream found in modules bcpkix-jdk15on-1.69.jar -> jetified-bcpkix-jdk15on-1.69 (org.bouncycastle:bcpkix-jdk15on:1.69) and bcpkix-jdk15to18-1.72.jar -> jetified-bcpkix-jdk15to18-1.72 (org.bouncycastle:bcpkix-jdk15to18:1.72)
     Duplicate class org.bouncycastle.mime.smime.SMIMESignedWriter found in modules bcpkix-jdk15on-1.69.jar -> jetified-bcpkix-jdk15on-1.69 (org.bouncycastle:bcpkix-jdk15on:1.69) and bcpkix-jdk15to18-1.72.jar -> jetified-bcpkix-jdk15to18-1.72 (org.bouncycastle:bcpkix-jdk15to18:1.72)
     Duplicate class org.bouncycastle.mime.smime.SMIMESignedWriter$1 found in modules bcpkix-jdk15on-1.69.jar -> jetified-bcpkix-jdk15on-1.69 (org.bouncycastle:bcpkix-jdk15on:1.69) and bcpkix-jdk15to18-1.72.jar -> jetified-bcpkix-jdk15to18-1.72 (org.bouncycastle:bcpkix-jdk15to18:1.72)
     Duplicate class org.bouncycastle.mime.smime.SMIMESignedWriter$Builder found in modules bcpkix-jdk15on-1.69.jar -> jetified-bcpkix-jdk15on-1.69 (org.bouncycastle:bcpkix-jdk15on:1.69) and bcpkix-jdk15to18-1.72.jar -> jetified-bcpkix-jdk15to18-1.72 (org.bouncycastle:bcpkix-jdk15to18:1.72)
     Duplicate class org.bouncycastle.mime.smime.SMIMESignedWriter$ContentOutputStream found in modules bcpkix-jdk15on-1.69.jar -> jetified-bcpkix-jdk15on-1.69 (org.bouncycastle:bcpkix-jdk15on:1.69) and bcpkix-jdk15to18-1.72.jar -> jetified-bcpkix-jdk15to18-1.72 (org.bouncycastle:bcpkix-jdk15to18:1.72)
     Duplicate class org.bouncycastle.mime.smime.SMimeMultipartContext found in modules bcpkix-jdk15on-1.69.jar -> jetified-bcpkix-jdk15on-1.69 (org.bouncycastle:bcpkix-jdk15on:1.69) and bcpkix-jdk15to18-1.72.jar -> jetified-bcpkix-jdk15to18-1.72 (org.bouncycastle:bcpkix-jdk15to18:1.72)
     Duplicate class org.bouncycastle.mime.smime.SMimeMultipartContext$1 found in modules bcpkix-jdk15on-1.69.jar -> jetified-bcpkix-jdk15on-1.69 (org.bouncycastle:bcpkix-jdk15on:1.69) and bcpkix-jdk15to18-1.72.jar -> jetified-bcpkix-jdk15to18-1.72 (org.bouncycastle:bcpkix-jdk15to18:1.72)
     Duplicate class org.bouncycastle.mime.smime.SMimeParserContext found in modules bcpkix-jdk15on-1.69.jar -> jetified-bcpkix-jdk15on-1.69 (org.bouncycastle:bcpkix-jdk15on:1.69) and bcpkix-jdk15to18-1.72.jar -> jetified-bcpkix-jdk15to18-1.72 (org.bouncycastle:bcpkix-jdk15to18:1.72)
     Duplicate class org.bouncycastle.mime.smime.SMimeParserListener found in modules bcpkix-jdk15on-1.69.jar -> jetified-bcpkix-jdk15on-1.69 (org.bouncycastle:bcpkix-jdk15on:1.69) and bcpkix-jdk15to18-1.72.jar -> jetified-bcpkix-jdk15to18-1.72 (org.bouncycastle:bcpkix-jdk15to18:1.72)
     Duplicate class org.bouncycastle.mime.smime.SMimeParserProvider found in modules bcpkix-jdk15on-1.69.jar -> jetified-bcpkix-jdk15on-1.69 (org.bouncycastle:bcpkix-jdk15on:1.69) and bcpkix-jdk15to18-1.72.jar -> jetified-bcpkix-jdk15to18-1.72 (org.bouncycastle:bcpkix-jdk15to18:1.72)
     Duplicate class org.bouncycastle.mime.smime.SMimeUtils found in modules bcpkix-jdk15on-1.69.jar -> jetified-bcpkix-jdk15on-1.69 (org.bouncycastle:bcpkix-jdk15on:1.69) and bcpkix-jdk15to18-1.72.jar -> jetified-bcpkix-jdk15to18-1.72 (org.bouncycastle:bcpkix-jdk15to18:1.72)
     Duplicate class org.bouncycastle.mime.smime.SMimeUtils$1 found in modules bcpkix-jdk15on-1.69.jar -> jetified-bcpkix-jdk15on-1.69 (org.bouncycastle:bcpkix-jdk15on:1.69) and bcpkix-jdk15to18-1.72.jar -> jetified-bcpkix-jdk15to18-1.72 (org.bouncycastle:bcpkix-jdk15to18:1.72)
     Duplicate class org.bouncycastle.mozilla.SignedPublicKeyAndChallenge found in modules bcpkix-jdk15on-1.69.jar -> jetified-bcpkix-jdk15on-1.69 (org.bouncycastle:bcpkix-jdk15on:1.69) and bcpkix-jdk15to18-1.72.jar -> jetified-bcpkix-jdk15to18-1.72 (org.bouncycastle:bcpkix-jdk15to18:1.72)
     Duplicate class org.bouncycastle.mozilla.jcajce.JcaSignedPublicKeyAndChallenge found in modules bcpkix-jdk15on-1.69.jar -> jetified-bcpkix-jdk15on-1.69 (org.bouncycastle:bcpkix-jdk15on:1.69) and bcpkix-jdk15to18-1.72.jar -> jetified-bcpkix-jdk15to18-1.72 (org.bouncycastle:bcpkix-jdk15to18:1.72)
     Duplicate class org.bouncycastle.openssl.CertificateTrustBlock found in modules bcpkix-jdk15on-1.69.jar -> jetified-bcpkix-jdk15on-1.69 (org.bouncycastle:bcpkix-jdk15on:1.69) and bcpkix-jdk15to18-1.72.jar -> jetified-bcpkix-jdk15to18-1.72 (org.bouncycastle:bcpkix-jdk15to18:1.72)
     Duplicate class org.bouncycastle.openssl.EncryptionException found in modules bcpkix-jdk15on-1.69.jar -> jetified-bcpkix-jdk15on-1.69 (org.bouncycastle:bcpkix-jdk15on:1.69) and bcpkix-jdk15to18-1.72.jar -> jetified-bcpkix-jdk15to18-1.72 (org.bouncycastle:bcpkix-jdk15to18:1.72)
     Duplicate class org.bouncycastle.openssl.MiscPEMGenerator found in modules bcpkix-jdk15on-1.69.jar -> jetified-bcpkix-jdk15on-1.69 (org.bouncycastle:bcpkix-jdk15on:1.69) and bcpkix-jdk15to18-1.72.jar -> jetified-bcpkix-jdk15to18-1.72 (org.bouncycastle:bcpkix-jdk15to18:1.72)
     Duplicate class org.bouncycastle.openssl.PEMDecryptor found in modules bcpkix-jdk15on-1.69.jar -> jetified-bcpkix-jdk15on-1.69 (org.bouncycastle:bcpkix-jdk15on:1.69) and bcpkix-jdk15to18-1.72.jar -> jetified-bcpkix-jdk15to18-1.72 (org.bouncycastle:bcpkix-jdk15to18:1.72)
     Duplicate class org.bouncycastle.openssl.PEMDecryptorProvider found in modules bcpkix-jdk15on-1.69.jar -> jetified-bcpkix-jdk15on-1.69 (org.bouncycastle:bcpkix-jdk15on:1.69) and bcpkix-jdk15to18-1.72.jar -> jetified-bcpkix-jdk15to18-1.72 (org.bouncycastle:bcpkix-jdk15to18:1.72)
     Duplicate class org.bouncycastle.openssl.PEMEncryptedKeyPair found in modules bcpkix-jdk15on-1.69.jar -> jetified-bcpkix-jdk15on-1.69 (org.bouncycastle:bcpkix-jdk15on:1.69) and bcpkix-jdk15to18-1.72.jar -> jetified-bcpkix-jdk15to18-1.72 (org.bouncycastle:bcpkix-jdk15to18:1.72)
     Duplicate class org.bouncycastle.openssl.PEMEncryptor found in modules bcpkix-jdk15on-1.69.jar -> jetified-bcpkix-jdk15on-1.69 (org.bouncycastle:bcpkix-jdk15on:1.69) and bcpkix-jdk15to18-1.72.jar -> jetified-bcpkix-jdk15to18-1.72 (org.bouncycastle:bcpkix-jdk15to18:1.72)
     Duplicate class org.bouncycastle.openssl.PEMException found in modules bcpkix-jdk15on-1.69.jar -> jetified-bcpkix-jdk15on-1.69 (org.bouncycastle:bcpkix-jdk15on:1.69) and bcpkix-jdk15to18-1.72.jar -> jetified-bcpkix-jdk15to18-1.72 (org.bouncycastle:bcpkix-jdk15to18:1.72)
     Duplicate class org.bouncycastle.openssl.PEMKeyPair found in modules bcpkix-jdk15on-1.69.jar -> jetified-bcpkix-jdk15on-1.69 (org.bouncycastle:bcpkix-jdk15on:1.69) and bcpkix-jdk15to18-1.72.jar -> jetified-bcpkix-jdk15to18-1.72 (org.bouncycastle:bcpkix-jdk15to18:1.72)
     Duplicate class org.bouncycastle.openssl.PEMKeyPairParser found in modules bcpkix-jdk15on-1.69.jar -> jetified-bcpkix-jdk15on-1.69 (org.bouncycastle:bcpkix-jdk15on:1.69) and bcpkix-jdk15to18-1.72.jar -> jetified-bcpkix-jdk15to18-1.72 (org.bouncycastle:bcpkix-jdk15to18:1.72)
     Duplicate class org.bouncycastle.openssl.PEMParser found in modules bcpkix-jdk15on-1.69.jar -> jetified-bcpkix-jdk15on-1.69 (org.bouncycastle:bcpkix-jdk15on:1.69) and bcpkix-jdk15to18-1.72.jar -> jetified-bcpkix-jdk15to18-1.72 (org.bouncycastle:bcpkix-jdk15to18:1.72)
     Duplicate class org.bouncycastle.openssl.PEMParser$1 found in modules bcpkix-jdk15on-1.69.jar -> jetified-bcpkix-jdk15on-1.69 (org.bouncycastle:bcpkix-jdk15on:1.69) and bcpkix-jdk15to18-1.72.jar -> jetified-bcpkix-jdk15to18-1.72 (org.bouncycastle:bcpkix-jdk15to18:1.72)
     Duplicate class org.bouncycastle.openssl.PEMParser$DSAKeyPairParser found in modules bcpkix-jdk15on-1.69.jar -> jetified-bcpkix-jdk15on-1.69 (org.bouncycastle:bcpkix-jdk15on:1.69) and bcpkix-jdk15to18-1.72.jar -> jetified-bcpkix-jdk15to18-1.72 (org.bouncycastle:bcpkix-jdk15to18:1.72)
     Duplicate class org.bouncycastle.openssl.PEMParser$ECCurveParamsParser found in modules bcpkix-jdk15on-1.69.jar -> jetified-bcpkix-jdk15on-1.69 (org.bouncycastle:bcpkix-jdk15on:1.69) and bcpkix-jdk15to18-1.72.jar -> jetified-bcpkix-jdk15to18-1.72 (org.bouncycastle:bcpkix-jdk15to18:1.72)
     Duplicate class org.bouncycastle.openssl.PEMParser$ECDSAKeyPairParser found in modules bcpkix-jdk15on-1.69.jar -> jetified-bcpkix-jdk15on-1.69 (org.bouncycastle:bcpkix-jdk15on:1.69) and bcpkix-jdk15to18-1.72.jar -> jetified-bcpkix-jdk15to18-1.72 (org.bouncycastle:bcpkix-jdk15to18:1.72)
     Duplicate class org.bouncycastle.openssl.PEMParser$EncryptedPrivateKeyParser found in modules bcpkix-jdk15on-1.69.jar -> jetified-bcpkix-jdk15on-1.69 (org.bouncycastle:bcpkix-jdk15on:1.69) and bcpkix-jdk15to18-1.72.jar -> jetified-bcpkix-jdk15to18-1.72 (org.bouncycastle:bcpkix-jdk15to18:1.72)
     Duplicate class org.bouncycastle.openssl.PEMParser$KeyPairParser found in modules bcpkix-jdk15on-1.69.jar -> jetified-bcpkix-jdk15on-1.69 (org.bouncycastle:bcpkix-jdk15on:1.69) and bcpkix-jdk15to18-1.72.jar -> jetified-bcpkix-jdk15to18-1.72 (org.bouncycastle:bcpkix-jdk15to18:1.72)
     Duplicate class org.bouncycastle.openssl.PEMParser$PKCS10CertificationRequestParser found in modules bcpkix-jdk15on-1.69.jar -> jetified-bcpkix-jdk15on-1.69 (org.bouncycastle:bcpkix-jdk15on:1.69) and bcpkix-jdk15to18-1.72.jar -> jetified-bcpkix-jdk15to18-1.72 (org.bouncycastle:bcpkix-jdk15to18:1.72)
     Duplicate class org.bouncycastle.openssl.PEMParser$PKCS7Parser found in modules bcpkix-jdk15on-1.69.jar -> jetified-bcpkix-jdk15on-1.69 (org.bouncycastle:bcpkix-jdk15on:1.69) and bcpkix-jdk15to18-1.72.jar -> jetified-bcpkix-jdk15to18-1.72 (org.bouncycastle:bcpkix-jdk15to18:1.72)
     Duplicate class org.bouncycastle.openssl.PEMParser$PrivateKeyParser found in modules bcpkix-jdk15on-1.69.jar -> jetified-bcpkix-jdk15on-1.69 (org.bouncycastle:bcpkix-jdk15on:1.69) and bcpkix-jdk15to18-1.72.jar -> jetified-bcpkix-jdk15to18-1.72 (org.bouncycastle:bcpkix-jdk15to18:1.72)
     Duplicate class org.bouncycastle.openssl.PEMParser$PublicKeyParser found in modules bcpkix-jdk15on-1.69.jar -> jetified-bcpkix-jdk15on-1.69 (org.bouncycastle:bcpkix-jdk15on:1.69) and bcpkix-jdk15to18-1.72.jar -> jetified-bcpkix-jdk15to18-1.72 (org.bouncycastle:bcpkix-jdk15to18:1.72)
     Duplicate class org.bouncycastle.openssl.PEMParser$RSAKeyPairParser found in modules bcpkix-jdk15on-1.69.jar -> jetified-bcpkix-jdk15on-1.69 (org.bouncycastle:bcpkix-jdk15on:1.69) and bcpkix-jdk15to18-1.72.jar -> jetified-bcpkix-jdk15to18-1.72 (org.bouncycastle:bcpkix-jdk15to18:1.72)
     Duplicate class org.bouncycastle.openssl.PEMParser$RSAPublicKeyParser found in modules bcpkix-jdk15on-1.69.jar -> jetified-bcpkix-jdk15on-1.69 (org.bouncycastle:bcpkix-jdk15on:1.69) and bcpkix-jdk15to18-1.72.jar -> jetified-bcpkix-jdk15to18-1.72 (org.bouncycastle:bcpkix-jdk15to18:1.72)
     Duplicate class org.bouncycastle.openssl.PEMParser$X509AttributeCertificateParser found in modules bcpkix-jdk15on-1.69.jar -> jetified-bcpkix-jdk15on-1.69 (org.bouncycastle:bcpkix-jdk15on:1.69) and bcpkix-jdk15to18-1.72.jar -> jetified-bcpkix-jdk15to18-1.72 (org.bouncycastle:bcpkix-jdk15to18:1.72)
     Duplicate class org.bouncycastle.openssl.PEMParser$X509CRLParser found in modules bcpkix-jdk15on-1.69.jar -> jetified-bcpkix-jdk15on-1.69 (org.bouncycastle:bcpkix-jdk15on:1.69) and bcpkix-jdk15to18-1.72.jar -> jetified-bcpkix-jdk15to18-1.72 (org.bouncycastle:bcpkix-jdk15to18:1.72)
     Duplicate class org.bouncycastle.openssl.PEMParser$X509CertificateParser found in modules bcpkix-jdk15on-1.69.jar -> jetified-bcpkix-jdk15on-1.69 (org.bouncycastle:bcpkix-jdk15on:1.69) and bcpkix-jdk15to18-1.72.jar -> jetified-bcpkix-jdk15to18-1.72 (org.bouncycastle:bcpkix-jdk15to18:1.72)
     Duplicate class org.bouncycastle.openssl.PEMParser$X509TrustedCertificateParser found in modules bcpkix-jdk15on-1.69.jar -> jetified-bcpkix-jdk15on-1.69 (org.bouncycastle:bcpkix-jdk15on:1.69) and bcpkix-jdk15to18-1.72.jar -> jetified-bcpkix-jdk15to18-1.72 (org.bouncycastle:bcpkix-jdk15to18:1.72)
     Duplicate class org.bouncycastle.openssl.PEMWriter found in modules bcpkix-jdk15on-1.69.jar -> jetified-bcpkix-jdk15on-1.69 (org.bouncycastle:bcpkix-jdk15on:1.69) and bcpkix-jdk15to18-1.72.jar -> jetified-bcpkix-jdk15to18-1.72 (org.bouncycastle:bcpkix-jdk15to18:1.72)
     Duplicate class org.bouncycastle.openssl.PKCS8Generator found in modules bcpkix-jdk15on-1.69.jar -> jetified-bcpkix-jdk15on-1.69 (org.bouncycastle:bcpkix-jdk15on:1.69) and bcpkix-jdk15to18-1.72.jar -> jetified-bcpkix-jdk15to18-1.72 (org.bouncycastle:bcpkix-jdk15to18:1.72)
     Duplicate class org.bouncycastle.openssl.PasswordException found in modules bcpkix-jdk15on-1.69.jar -> jetified-bcpkix-jdk15on-1.69 (org.bouncycastle:bcpkix-jdk15on:1.69) and bcpkix-jdk15to18-1.72.jar -> jetified-bcpkix-jdk15to18-1.72 (org.bouncycastle:bcpkix-jdk15to18:1.72)
     Duplicate class org.bouncycastle.openssl.PasswordFinder found in modules bcpkix-jdk15on-1.69.jar -> jetified-bcpkix-jdk15on-1.69 (org.bouncycastle:bcpkix-jdk15on:1.69) and bcpkix-jdk15to18-1.72.jar -> jetified-bcpkix-jdk15to18-1.72 (org.bouncycastle:bcpkix-jdk15to18:1.72)
     Duplicate class org.bouncycastle.openssl.X509TrustedCertificateBlock found in modules bcpkix-jdk15on-1.69.jar -> jetified-bcpkix-jdk15on-1.69 (org.bouncycastle:bcpkix-jdk15on:1.69) and bcpkix-jdk15to18-1.72.jar -> jetified-bcpkix-jdk15to18-1.72 (org.bouncycastle:bcpkix-jdk15to18:1.72)
     Duplicate class org.bouncycastle.openssl.bc.BcPEMDecryptorProvider found in modules bcpkix-jdk15on-1.69.jar -> jetified-bcpkix-jdk15on-1.69 (org.bouncycastle:bcpkix-jdk15on:1.69) and bcpkix-jdk15to18-1.72.jar -> jetified-bcpkix-jdk15to18-1.72 (org.bouncycastle:bcpkix-jdk15to18:1.72)
     Duplicate class org.bouncycastle.openssl.bc.BcPEMDecryptorProvider$1 found in modules bcpkix-jdk15on-1.69.jar -> jetified-bcpkix-jdk15on-1.69 (org.bouncycastle:bcpkix-jdk15on:1.69) and bcpkix-jdk15to18-1.72.jar -> jetified-bcpkix-jdk15to18-1.72 (org.bouncycastle:bcpkix-jdk15to18:1.72)
     Duplicate class org.bouncycastle.openssl.bc.PEMUtilities found in modules bcpkix-jdk15on-1.69.jar -> jetified-bcpkix-jdk15on-1.69 (org.bouncycastle:bcpkix-jdk15on:1.69) and bcpkix-jdk15to18-1.72.jar -> jetified-bcpkix-jdk15to18-1.72 (org.bouncycastle:bcpkix-jdk15to18:1.72)
     Duplicate class org.bouncycastle.openssl.jcajce.JcaMiscPEMGenerator found in modules bcpkix-jdk15on-1.69.jar -> jetified-bcpkix-jdk15on-1.69 (org.bouncycastle:bcpkix-jdk15on:1.69) and bcpkix-jdk15to18-1.72.jar -> jetified-bcpkix-jdk15to18-1.72 (org.bouncycastle:bcpkix-jdk15to18:1.72)
     Duplicate class org.bouncycastle.openssl.jcajce.JcaPEMKeyConverter found in modules bcpkix-jdk15on-1.69.jar -> jetified-bcpkix-jdk15on-1.69 (org.bouncycastle:bcpkix-jdk15on:1.69) and bcpkix-jdk15to18-1.72.jar -> jetified-bcpkix-jdk15to18-1.72 (org.bouncycastle:bcpkix-jdk15to18:1.72)
     Duplicate class org.bouncycastle.openssl.jcajce.JcaPEMWriter found in modules bcpkix-jdk15on-1.69.jar -> jetified-bcpkix-jdk15on-1.69 (org.bouncycastle:bcpkix-jdk15on:1.69) and bcpkix-jdk15to18-1.72.jar -> jetified-bcpkix-jdk15to18-1.72 (org.bouncycastle:bcpkix-jdk15to18:1.72)
     Duplicate class org.bouncycastle.openssl.jcajce.JcaPKCS8Generator found in modules bcpkix-jdk15on-1.69.jar -> jetified-bcpkix-jdk15on-1.69 (org.bouncycastle:bcpkix-jdk15on:1.69) and bcpkix-jdk15to18-1.72.jar -> jetified-bcpkix-jdk15to18-1.72 (org.bouncycastle:bcpkix-jdk15to18:1.72)
     Duplicate class org.bouncycastle.openssl.jcajce.JcaPKIXIdentityBuilder found in modules bcpkix-jdk15on-1.69.jar -> jetified-bcpkix-jdk15on-1.69 (org.bouncycastle:bcpkix-jdk15on:1.69) and bcpkix-jdk15to18-1.72.jar -> jetified-bcpkix-jdk15to18-1.72 (org.bouncycastle:bcpkix-jdk15to18:1.72)
     Duplicate class org.bouncycastle.openssl.jcajce.JceOpenSSLPKCS8DecryptorProviderBuilder found in modules bcpkix-jdk15on-1.69.jar -> jetified-bcpkix-jdk15on-1.69 (org.bouncycastle:bcpkix-jdk15on:1.69) and bcpkix-jdk15to18-1.72.jar -> jetified-bcpkix-jdk15to18-1.72 (org.bouncycastle:bcpkix-jdk15to18:1.72)
     Duplicate class org.bouncycastle.openssl.jcajce.JceOpenSSLPKCS8DecryptorProviderBuilder$1 found in modules bcpkix-jdk15on-1.69.jar -> jetified-bcpkix-jdk15on-1.69 (org.bouncycastle:bcpkix-jdk15on:1.69) and bcpkix-jdk15to18-1.72.jar -> jetified-bcpkix-jdk15to18-1.72 (org.bouncycastle:bcpkix-jdk15to18:1.72)
     Duplicate class org.bouncycastle.openssl.jcajce.JceOpenSSLPKCS8DecryptorProviderBuilder$1$1 found in modules bcpkix-jdk15on-1.69.jar -> jetified-bcpkix-jdk15on-1.69 (org.bouncycastle:bcpkix-jdk15on:1.69) and bcpkix-jdk15to18-1.72.jar -> jetified-bcpkix-jdk15to18-1.72 (org.bouncycastle:bcpkix-jdk15to18:1.72)
     Duplicate class org.bouncycastle.openssl.jcajce.JceOpenSSLPKCS8DecryptorProviderBuilder$1$2 found in modules bcpkix-jdk15on-1.69.jar -> jetified-bcpkix-jdk15on-1.69 (org.bouncycastle:bcpkix-jdk15on:1.69) and bcpkix-jdk15to18-1.72.jar -> jetified-bcpkix-jdk15to18-1.72 (org.bouncycastle:bcpkix-jdk15to18:1.72)
     Duplicate class org.bouncycastle.openssl.jcajce.JceOpenSSLPKCS8EncryptorBuilder found in modules bcpkix-jdk15on-1.69.jar -> jetified-bcpkix-jdk15on-1.69 (org.bouncycastle:bcpkix-jdk15on:1.69) and bcpkix-jdk15to18-1.72.jar -> jetified-bcpkix-jdk15to18-1.72 (org.bouncycastle:bcpkix-jdk15to18:1.72)
     Duplicate class org.bouncycastle.openssl.jcajce.JceOpenSSLPKCS8EncryptorBuilder$1 found in modules bcpkix-jdk15on-1.69.jar -> jetified-bcpkix-jdk15on-1.69 (org.bouncycastle:bcpkix-jdk15on:1.69) and bcpkix-jdk15to18-1.72.jar -> jetified-bcpkix-jdk15to18-1.72 (org.bouncycastle:bcpkix-jdk15to18:1.72)
     Duplicate class org.bouncycastle.openssl.jcajce.JcePEMDecryptorProviderBuilder found in modules bcpkix-jdk15on-1.69.jar -> jetified-bcpkix-jdk15on-1.69 (org.bouncycastle:bcpkix-jdk15on:1.69) and bcpkix-jdk15to18-1.72.jar -> jetified-bcpkix-jdk15to18-1.72 (org.bouncycastle:bcpkix-jdk15to18:1.72)
     Duplicate class org.bouncycastle.openssl.jcajce.JcePEMDecryptorProviderBuilder$1 found in modules bcpkix-jdk15on-1.69.jar -> jetified-bcpkix-jdk15on-1.69 (org.bouncycastle:bcpkix-jdk15on:1.69) and bcpkix-jdk15to18-1.72.jar -> jetified-bcpkix-jdk15to18-1.72 (org.bouncycastle:bcpkix-jdk15to18:1.72)
     Duplicate class org.bouncycastle.openssl.jcajce.JcePEMDecryptorProviderBuilder$1$1 found in modules bcpkix-jdk15on-1.69.jar -> jetified-bcpkix-jdk15on-1.69 (org.bouncycastle:bcpkix-jdk15on:1.69) and bcpkix-jdk15to18-1.72.jar -> jetified-bcpkix-jdk15to18-1.72 (org.bouncycastle:bcpkix-jdk15to18:1.72)
     Duplicate class org.bouncycastle.openssl.jcajce.JcePEMEncryptorBuilder found in modules bcpkix-jdk15on-1.69.jar -> jetified-bcpkix-jdk15on-1.69 (org.bouncycastle:bcpkix-jdk15on:1.69) and bcpkix-jdk15to18-1.72.jar -> jetified-bcpkix-jdk15to18-1.72 (org.bouncycastle:bcpkix-jdk15to18:1.72)
     Duplicate class org.bouncycastle.openssl.jcajce.JcePEMEncryptorBuilder$1 found in modules bcpkix-jdk15on-1.69.jar -> jetified-bcpkix-jdk15on-1.69 (org.bouncycastle:bcpkix-jdk15on:1.69) and bcpkix-jdk15to18-1.72.jar -> jetified-bcpkix-jdk15to18-1.72 (org.bouncycastle:bcpkix-jdk15to18:1.72)
     Duplicate class org.bouncycastle.openssl.jcajce.PEMUtilities found in modules bcpkix-jdk15on-1.69.jar -> jetified-bcpkix-jdk15on-1.69 (org.bouncycastle:bcpkix-jdk15on:1.69) and bcpkix-jdk15to18-1.72.jar -> jetified-bcpkix-jdk15to18-1.72 (org.bouncycastle:bcpkix-jdk15to18:1.72)
     Duplicate class org.bouncycastle.operator.AADProcessor found in modules bcpkix-jdk15on-1.69.jar -> jetified-bcpkix-jdk15on-1.69 (org.bouncycastle:bcpkix-jdk15on:1.69) and bcpkix-jdk15to18-1.72.jar -> jetified-bcpkix-jdk15to18-1.72 (org.bouncycastle:bcpkix-jdk15to18:1.72)
     Duplicate class org.bouncycastle.operator.AlgorithmNameFinder found in modules bcpkix-jdk15on-1.69.jar -> jetified-bcpkix-jdk15on-1.69 (org.bouncycastle:bcpkix-jdk15on:1.69) and bcpkix-jdk15to18-1.72.jar -> jetified-bcpkix-jdk15to18-1.72 (org.bouncycastle:bcpkix-jdk15to18:1.72)
     Duplicate class org.bouncycastle.operator.AsymmetricKeyUnwrapper found in modules bcpkix-jdk15on-1.69.jar -> jetified-bcpkix-jdk15on-1.69 (org.bouncycastle:bcpkix-jdk15on:1.69) and bcpkix-jdk15to18-1.72.jar -> jetified-bcpkix-jdk15to18-1.72 (org.bouncycastle:bcpkix-jdk15to18:1.72)
     Duplicate class org.bouncycastle.operator.AsymmetricKeyWrapper found in modules bcpkix-jdk15on-1.69.jar -> jetified-bcpkix-jdk15on-1.69 (org.bouncycastle:bcpkix-jdk15on:1.69) and bcpkix-jdk15to18-1.72.jar -> jetified-bcpkix-jdk15to18-1.72 (org.bouncycastle:bcpkix-jdk15to18:1.72)
     Duplicate class org.bouncycastle.operator.BufferingContentSigner found in modules bcpkix-jdk15on-1.69.jar -> jetified-bcpkix-jdk15on-1.69 (org.bouncycastle:bcpkix-jdk15on:1.69) and bcpkix-jdk15to18-1.72.jar -> jetified-bcpkix-jdk15to18-1.72 (org.bouncycastle:bcpkix-jdk15to18:1.72)
     Duplicate class org.bouncycastle.operator.ContentSigner found in modules bcpkix-jdk15on-1.69.jar -> jetified-bcpkix-jdk15on-1.69 (org.bouncycastle:bcpkix-jdk15on:1.69) and bcpkix-jdk15to18-1.72.jar -> jetified-bcpkix-jdk15to18-1.72 (org.bouncycastle:bcpkix-jdk15to18:1.72)
     Duplicate class org.bouncycastle.operator.ContentVerifier found in modules bcpkix-jdk15on-1.69.jar -> jetified-bcpkix-jdk15on-1.69 (org.bouncycastle:bcpkix-jdk15on:1.69) and bcpkix-jdk15to18-1.72.jar -> jetified-bcpkix-jdk15to18-1.72 (org.bouncycastle:bcpkix-jdk15to18:1.72)
     Duplicate class org.bouncycastle.operator.ContentVerifierProvider found in modules bcpkix-jdk15on-1.69.jar -> jetified-bcpkix-jdk15on-1.69 (org.bouncycastle:bcpkix-jdk15on:1.69) and bcpkix-jdk15to18-1.72.jar -> jetified-bcpkix-jdk15to18-1.72 (org.bouncycastle:bcpkix-jdk15to18:1.72)
     Duplicate class org.bouncycastle.operator.DefaultAlgorithmNameFinder found in modules bcpkix-jdk15on-1.69.jar -> jetified-bcpkix-jdk15on-1.69 (org.bouncycastle:bcpkix-jdk15on:1.69) and bcpkix-jdk15to18-1.72.jar -> jetified-bcpkix-jdk15to18-1.72 (org.bouncycastle:bcpkix-jdk15to18:1.72)
     Duplicate class org.bouncycastle.operator.DefaultDigestAlgorithmIdentifierFinder found in modules bcpkix-jdk15on-1.69.jar -> jetified-bcpkix-jdk15on-1.69 (org.bouncycastle:bcpkix-jdk15on:1.69) and bcpkix-jdk15to18-1.72.jar -> jetified-bcpkix-jdk15to18-1.72 (org.bouncycastle:bcpkix-jdk15to18:1.72)
     Duplicate class org.bouncycastle.operator.DefaultSecretKeySizeProvider found in modules bcpkix-jdk15on-1.69.jar -> jetified-bcpkix-jdk15on-1.69 (org.bouncycastle:bcpkix-jdk15on:1.69) and bcpkix-jdk15to18-1.72.jar -> jetified-bcpkix-jdk15to18-1.72 (org.bouncycastle:bcpkix-jdk15to18:1.72)
     Duplicate class org.bouncycastle.operator.DefaultSignatureAlgorithmIdentifierFinder found in modules bcpkix-jdk15on-1.69.jar -> jetified-bcpkix-jdk15on-1.69 (org.bouncycastle:bcpkix-jdk15on:1.69) and bcpkix-jdk15to18-1.72.jar -> jetified-bcpkix-jdk15to18-1.72 (org.bouncycastle:bcpkix-jdk15to18:1.72)
     Duplicate class org.bouncycastle.operator.DigestAlgorithmIdentifierFinder found in modules bcpkix-jdk15on-1.69.jar -> jetified-bcpkix-jdk15on-1.69 (org.bouncycastle:bcpkix-jdk15on:1.69) and bcpkix-jdk15to18-1.72.jar -> jetified-bcpkix-jdk15to18-1.72 (org.bouncycastle:bcpkix-jdk15to18:1.72)
     Duplicate class org.bouncycastle.operator.DigestCalculator found in modules bcpkix-jdk15on-1.69.jar -> jetified-bcpkix-jdk15on-1.69 (org.bouncycastle:bcpkix-jdk15on:1.69) and bcpkix-jdk15to18-1.72.jar -> jetified-bcpkix-jdk15to18-1.72 (org.bouncycastle:bcpkix-jdk15to18:1.72)
     Duplicate class org.bouncycastle.operator.DigestCalculatorProvider found in modules bcpkix-jdk15on-1.69.jar -> jetified-bcpkix-jdk15on-1.69 (org.bouncycastle:bcpkix-jdk15on:1.69) and bcpkix-jdk15to18-1.72.jar -> jetified-bcpkix-jdk15to18-1.72 (org.bouncycastle:bcpkix-jdk15to18:1.72)
     Duplicate class org.bouncycastle.operator.GenericKey found in modules bcpkix-jdk15on-1.69.jar -> jetified-bcpkix-jdk15on-1.69 (org.bouncycastle:bcpkix-jdk15on:1.69) and bcpkix-jdk15to18-1.72.jar -> jetified-bcpkix-jdk15to18-1.72 (org.bouncycastle:bcpkix-jdk15to18:1.72)
     Duplicate class org.bouncycastle.operator.InputAEADDecryptor found in modules bcpkix-jdk15on-1.69.jar -> jetified-bcpkix-jdk15on-1.69 (org.bouncycastle:bcpkix-jdk15on:1.69) and bcpkix-jdk15to18-1.72.jar -> jetified-bcpkix-jdk15to18-1.72 (org.bouncycastle:bcpkix-jdk15to18:1.72)
     Duplicate class org.bouncycastle.operator.InputDecryptor found in modules bcpkix-jdk15on-1.69.jar -> jetified-bcpkix-jdk15on-1.69 (org.bouncycastle:bcpkix-jdk15on:1.69) and bcpkix-jdk15to18-1.72.jar -> jetified-bcpkix-jdk15to18-1.72 (org.bouncycastle:bcpkix-jdk15to18:1.72)
     Duplicate class org.bouncycastle.operator.InputDecryptorProvider found in modules bcpkix-jdk15on-1.69.jar -> jetified-bcpkix-jdk15on-1.69 (org.bouncycastle:bcpkix-jdk15on:1.69) and bcpkix-jdk15to18-1.72.jar -> jetified-bcpkix-jdk15to18-1.72 (org.bouncycastle:bcpkix-jdk15to18:1.72)
     Duplicate class org.bouncycastle.operator.InputExpander found in modules bcpkix-jdk15on-1.69.jar -> jetified-bcpkix-jdk15on-1.69 (org.bouncycastle:bcpkix-jdk15on:1.69) and bcpkix-jdk15to18-1.72.jar -> jetified-bcpkix-jdk15to18-1.72 (org.bouncycastle:bcpkix-jdk15to18:1.72)
     Duplicate class org.bouncycastle.operator.InputExpanderProvider found in modules bcpkix-jdk15on-1.69.jar -> jetified-bcpkix-jdk15on-1.69 (org.bouncycastle:bcpkix-jdk15on:1.69) and bcpkix-jdk15to18-1.72.jar -> jetified-bcpkix-jdk15to18-1.72 (org.bouncycastle:bcpkix-jdk15to18:1.72)
     Duplicate class org.bouncycastle.operator.KeyUnwrapper found in modules bcpkix-jdk15on-1.69.jar -> jetified-bcpkix-jdk15on-1.69 (org.bouncycastle:bcpkix-jdk15on:1.69) and bcpkix-jdk15to18-1.72.jar -> jetified-bcpkix-jdk15to18-1.72 (org.bouncycastle:bcpkix-jdk15to18:1.72)
     Duplicate class org.bouncycastle.operator.KeyWrapper found in modules bcpkix-jdk15on-1.69.jar -> jetified-bcpkix-jdk15on-1.69 (org.bouncycastle:bcpkix-jdk15on:1.69) and bcpkix-jdk15to18-1.72.jar -> jetified-bcpkix-jdk15to18-1.72 (org.bouncycastle:bcpkix-jdk15to18:1.72)
     Duplicate class org.bouncycastle.operator.MacCalculator found in modules bcpkix-jdk15on-1.69.jar -> jetified-bcpkix-jdk15on-1.69 (org.bouncycastle:bcpkix-jdk15on:1.69) and bcpkix-jdk15to18-1.72.jar -> jetified-bcpkix-jdk15to18-1.72 (org.bouncycastle:bcpkix-jdk15to18:1.72)
     Duplicate class org.bouncycastle.operator.MacCalculatorProvider found in modules bcpkix-jdk15on-1.69.jar -> jetified-bcpkix-jdk15on-1.69 (org.bouncycastle:bcpkix-jdk15on:1.69) and bcpkix-jdk15to18-1.72.jar -> jetified-bcpkix-jdk15to18-1.72 (org.bouncycastle:bcpkix-jdk15to18:1.72)
     Duplicate class org.bouncycastle.operator.MacCaptureStream found in modules bcpkix-jdk15on-1.69.jar -> jetified-bcpkix-jdk15on-1.69 (org.bouncycastle:bcpkix-jdk15on:1.69) and bcpkix-jdk15to18-1.72.jar -> jetified-bcpkix-jdk15to18-1.72 (org.bouncycastle:bcpkix-jdk15to18:1.72)
     Duplicate class org.bouncycastle.operator.OperatorCreationException found in modules bcpkix-jdk15on-1.69.jar -> jetified-bcpkix-jdk15on-1.69 (org.bouncycastle:bcpkix-jdk15on:1.69) and bcpkix-jdk15to18-1.72.jar -> jetified-bcpkix-jdk15to18-1.72 (org.bouncycastle:bcpkix-jdk15to18:1.72)
     Duplicate class org.bouncycastle.operator.OperatorException found in modules bcpkix-jdk15on-1.69.jar -> jetified-bcpkix-jdk15on-1.69 (org.bouncycastle:bcpkix-jdk15on:1.69) and bcpkix-jdk15to18-1.72.jar -> jetified-bcpkix-jdk15to18-1.72 (org.bouncycastle:bcpkix-jdk15to18:1.72)
     Duplicate class org.bouncycastle.operator.OperatorStreamException found in modules bcpkix-jdk15on-1.69.jar -> jetified-bcpkix-jdk15on-1.69 (org.bouncycastle:bcpkix-jdk15on:1.69) and bcpkix-jdk15to18-1.72.jar -> jetified-bcpkix-jdk15to18-1.72 (org.bouncycastle:bcpkix-jdk15to18:1.72)
     Duplicate class org.bouncycastle.operator.OutputAEADEncryptor found in modules bcpkix-jdk15on-1.69.jar -> jetified-bcpkix-jdk15on-1.69 (org.bouncycastle:bcpkix-jdk15on:1.69) and bcpkix-jdk15to18-1.72.jar -> jetified-bcpkix-jdk15to18-1.72 (org.bouncycastle:bcpkix-jdk15to18:1.72)
     Duplicate class org.bouncycastle.operator.OutputCompressor found in modules bcpkix-jdk15on-1.69.jar -> jetified-bcpkix-jdk15on-1.69 (org.bouncycastle:bcpkix-jdk15on:1.69) and bcpkix-jdk15to18-1.72.jar -> jetified-bcpkix-jdk15to18-1.72 (org.bouncycastle:bcpkix-jdk15to18:1.72)
     Duplicate class org.bouncycastle.operator.OutputEncryptor found in modules bcpkix-jdk15on-1.69.jar -> jetified-bcpkix-jdk15on-1.69 (org.bouncycastle:bcpkix-jdk15on:1.69) and bcpkix-jdk15to18-1.72.jar -> jetified-bcpkix-jdk15to18-1.72 (org.bouncycastle:bcpkix-jdk15to18:1.72)
     Duplicate class org.bouncycastle.operator.RawContentVerifier found in modules bcpkix-jdk15on-1.69.jar -> jetified-bcpkix-jdk15on-1.69 (org.bouncycastle:bcpkix-jdk15on:1.69) and bcpkix-jdk15to18-1.72.jar -> jetified-bcpkix-jdk15to18-1.72 (org.bouncycastle:bcpkix-jdk15to18:1.72)
     Duplicate class org.bouncycastle.operator.RuntimeOperatorException found in modules bcpkix-jdk15on-1.69.jar -> jetified-bcpkix-jdk15on-1.69 (org.bouncycastle:bcpkix-jdk15on:1.69) and bcpkix-jdk15to18-1.72.jar -> jetified-bcpkix-jdk15to18-1.72 (org.bouncycastle:bcpkix-jdk15to18:1.72)
     Duplicate class org.bouncycastle.operator.SecretKeySizeProvider found in modules bcpkix-jdk15on-1.69.jar -> jetified-bcpkix-jdk15on-1.69 (org.bouncycastle:bcpkix-jdk15on:1.69) and bcpkix-jdk15to18-1.72.jar -> jetified-bcpkix-jdk15to18-1.72 (org.bouncycastle:bcpkix-jdk15to18:1.72)
     Duplicate class org.bouncycastle.operator.SignatureAlgorithmIdentifierFinder found in modules bcpkix-jdk15on-1.69.jar -> jetified-bcpkix-jdk15on-1.69 (org.bouncycastle:bcpkix-jdk15on:1.69) and bcpkix-jdk15to18-1.72.jar -> jetified-bcpkix-jdk15to18-1.72 (org.bouncycastle:bcpkix-jdk15to18:1.72)
     Duplicate class org.bouncycastle.operator.SymmetricKeyUnwrapper found in modules bcpkix-jdk15on-1.69.jar -> jetified-bcpkix-jdk15on-1.69 (org.bouncycastle:bcpkix-jdk15on:1.69) and bcpkix-jdk15to18-1.72.jar -> jetified-bcpkix-jdk15to18-1.72 (org.bouncycastle:bcpkix-jdk15to18:1.72)
     Duplicate class org.bouncycastle.operator.SymmetricKeyWrapper found in modules bcpkix-jdk15on-1.69.jar -> jetified-bcpkix-jdk15on-1.69 (org.bouncycastle:bcpkix-jdk15on:1.69) and bcpkix-jdk15to18-1.72.jar -> jetified-bcpkix-jdk15to18-1.72 (org.bouncycastle:bcpkix-jdk15to18:1.72)
     Duplicate class org.bouncycastle.operator.bc.AESUtil found in modules bcpkix-jdk15on-1.69.jar -> jetified-bcpkix-jdk15on-1.69 (org.bouncycastle:bcpkix-jdk15on:1.69) and bcpkix-jdk15to18-1.72.jar -> jetified-bcpkix-jdk15to18-1.72 (org.bouncycastle:bcpkix-jdk15to18:1.72)
     Duplicate class org.bouncycastle.operator.bc.BcAESSymmetricKeyUnwrapper found in modules bcpkix-jdk15on-1.69.jar -> jetified-bcpkix-jdk15on-1.69 (org.bouncycastle:bcpkix-jdk15on:1.69) and bcpkix-jdk15to18-1.72.jar -> jetified-bcpkix-jdk15to18-1.72 (org.bouncycastle:bcpkix-jdk15to18:1.72)
     Duplicate class org.bouncycastle.operator.bc.BcAESSymmetricKeyWrapper found in modules bcpkix-jdk15on-1.69.jar -> jetified-bcpkix-jdk15on-1.69 (org.bouncycastle:bcpkix-jdk15on:1.69) and bcpkix-jdk15to18-1.72.jar -> jetified-bcpkix-jdk15to18-1.72 (org.bouncycastle:bcpkix-jdk15to18:1.72)
     Duplicate class org.bouncycastle.operator.bc.BcAsymmetricKeyUnwrapper found in modules bcpkix-jdk15on-1.69.jar -> jetified-bcpkix-jdk15on-1.69 (org.bouncycastle:bcpkix-jdk15on:1.69) and bcpkix-jdk15to18-1.72.jar -> jetified-bcpkix-jdk15to18-1.72 (org.bouncycastle:bcpkix-jdk15to18:1.72)
     Duplicate class org.bouncycastle.operator.bc.BcAsymmetricKeyWrapper found in modules bcpkix-jdk15on-1.69.jar -> jetified-bcpkix-jdk15on-1.69 (org.bouncycastle:bcpkix-jdk15on:1.69) and bcpkix-jdk15to18-1.72.jar -> jetified-bcpkix-jdk15to18-1.72 (org.bouncycastle:bcpkix-jdk15to18:1.72)
     Duplicate class org.bouncycastle.operator.bc.BcContentSignerBuilder found in modules bcpkix-jdk15on-1.69.jar -> jetified-bcpkix-jdk15on-1.69 (org.bouncycastle:bcpkix-jdk15on:1.69) and bcpkix-jdk15to18-1.72.jar -> jetified-bcpkix-jdk15to18-1.72 (org.bouncycastle:bcpkix-jdk15to18:1.72)
     Duplicate class org.bouncycastle.operator.bc.BcContentSignerBuilder$1 found in modules bcpkix-jdk15on-1.69.jar -> jetified-bcpkix-jdk15on-1.69 (org.bouncycastle:bcpkix-jdk15on:1.69) and bcpkix-jdk15to18-1.72.jar -> jetified-bcpkix-jdk15to18-1.72 (org.bouncycastle:bcpkix-jdk15to18:1.72)
     Duplicate class org.bouncycastle.operator.bc.BcContentVerifierProviderBuilder found in modules bcpkix-jdk15on-1.69.jar -> jetified-bcpkix-jdk15on-1.69 (org.bouncycastle:bcpkix-jdk15on:1.69) and bcpkix-jdk15to18-1.72.jar -> jetified-bcpkix-jdk15to18-1.72 (org.bouncycastle:bcpkix-jdk15to18:1.72)
     Duplicate class org.bouncycastle.operator.bc.BcContentVerifierProviderBuilder$1 found in modules bcpkix-jdk15on-1.69.jar -> jetified-bcpkix-jdk15on-1.69 (org.bouncycastle:bcpkix-jdk15on:1.69) and bcpkix-jdk15to18-1.72.jar -> jetified-bcpkix-jdk15to18-1.72 (org.bouncycastle:bcpkix-jdk15to18:1.72)
     Duplicate class org.bouncycastle.operator.bc.BcContentVerifierProviderBuilder$2 found in modules bcpkix-jdk15on-1.69.jar -> jetified-bcpkix-jdk15on-1.69 (org.bouncycastle:bcpkix-jdk15on:1.69) and bcpkix-jdk15to18-1.72.jar -> jetified-bcpkix-jdk15to18-1.72 (org.bouncycastle:bcpkix-jdk15to18:1.72)
     Duplicate class org.bouncycastle.operator.bc.BcContentVerifierProviderBuilder$SigVerifier found in modules bcpkix-jdk15on-1.69.jar -> jetified-bcpkix-jdk15on-1.69 (org.bouncycastle:bcpkix-jdk15on:1.69) and bcpkix-jdk15to18-1.72.jar -> jetified-bcpkix-jdk15to18-1.72 (org.bouncycastle:bcpkix-jdk15to18:1.72)
     Duplicate class org.bouncycastle.operator.bc.BcDSAContentSignerBuilder found in modules bcpkix-jdk15on-1.69.jar -> jetified-bcpkix-jdk15on-1.69 (org.bouncycastle:bcpkix-jdk15on:1.69) and bcpkix-jdk15to18-1.72.jar -> jetified-bcpkix-jdk15to18-1.72 (org.bouncycastle:bcpkix-jdk15to18:1.72)
     Duplicate class org.bouncycastle.operator.bc.BcDSAContentVerifierProviderBuilder found in modules bcpkix-jdk15on-1.69.jar -> jetified-bcpkix-jdk15on-1.69 (org.bouncycastle:bcpkix-jdk15on:1.69) and bcpkix-jdk15to18-1.72.jar -> jetified-bcpkix-jdk15to18-1.72 (org.bouncycastle:bcpkix-jdk15to18:1.72)
     Duplicate class org.bouncycastle.operator.bc.BcDefaultDigestProvider found in modules bcpkix-jdk15on-1.69.jar -> jetified-bcpkix-jdk15on-1.69 (org.bouncycastle:bcpkix-jdk15on:1.69) and bcpkix-jdk15to18-1.72.jar -> jetified-bcpkix-jdk15to18-1.72 (org.bouncycastle:bcpkix-jdk15to18:1.72)
     Duplicate class org.bouncycastle.operator.bc.BcDefaultDigestProvider$1 found in modules bcpkix-jdk15on-1.69.jar -> jetified-bcpkix-jdk15on-1.69 (org.bouncycastle:bcpkix-jdk15on:1.69) and bcpkix-jdk15to18-1.72.jar -> jetified-bcpkix-jdk15to18-1.72 (org.bouncycastle:bcpkix-jdk15to18:1.72)
     Duplicate class org.bouncycastle.operator.bc.BcDefaultDigestProvider$10 found in modules bcpkix-jdk15on-1.69.jar -> jetified-bcpkix-jdk15on-1.69 (org.bouncycastle:bcpkix-jdk15on:1.69) and bcpkix-jdk15to18-1.72.jar -> jetified-bcpkix-jdk15to18-1.72 (org.bouncycastle:bcpkix-jdk15to18:1.72)
     Duplicate class org.bouncycastle.operator.bc.BcDefaultDigestProvider$11 found in modules bcpkix-jdk15on-1.69.jar -> jetified-bcpkix-jdk15on-1.69 (org.bouncycastle:bcpkix-jdk15on:1.69) and bcpkix-jdk15to18-1.72.jar -> jetified-bcpkix-jdk15to18-1.72 (org.bouncycastle:bcpkix-jdk15to18:1.72)
     Duplicate class org.bouncycastle.operator.bc.BcDefaultDigestProvider$12 found in modules bcpkix-jdk15on-1.69.jar -> jetified-bcpkix-jdk15on-1.69 (org.bouncycastle:bcpkix-jdk15on:1.69) and bcpkix-jdk15to18-1.72.jar -> jetified-bcpkix-jdk15to18-1.72 (org.bouncycastle:bcpkix-jdk15to18:1.72)
     Duplicate class org.bouncycastle.operator.bc.BcDefaultDigestProvider$13 found in modules bcpkix-jdk15on-1.69.jar -> jetified-bcpkix-jdk15on-1.69 (org.bouncycastle:bcpkix-jdk15on:1.69) and bcpkix-jdk15to18-1.72.jar -> jetified-bcpkix-jdk15to18-1.72 (org.bouncycastle:bcpkix-jdk15to18:1.72)
     Duplicate class org.bouncycastle.operator.bc.BcDefaultDigestProvider$14 found in modules bcpkix-jdk15on-1.69.jar -> jetified-bcpkix-jdk15on-1.69 (org.bouncycastle:bcpkix-jdk15on:1.69) and bcpkix-jdk15to18-1.72.jar -> jetified-bcpkix-jdk15to18-1.72 (org.bouncycastle:bcpkix-jdk15to18:1.72)
     Duplicate class org.bouncycastle.operator.bc.BcDefaultDigestProvider$15 found in modules bcpkix-jdk15on-1.69.jar -> jetified-bcpkix-jdk15on-1.69 (org.bouncycastle:bcpkix-jdk15on:1.69) and bcpkix-jdk15to18-1.72.jar -> jetified-bcpkix-jdk15to18-1.72 (org.bouncycastle:bcpkix-jdk15to18:1.72)
     Duplicate class org.bouncycastle.operator.bc.BcDefaultDigestProvider$16 found in modules bcpkix-jdk15on-1.69.jar -> jetified-bcpkix-jdk15on-1.69 (org.bouncycastle:bcpkix-jdk15on:1.69) and bcpkix-jdk15to18-1.72.jar -> jetified-bcpkix-jdk15to18-1.72 (org.bouncycastle:bcpkix-jdk15to18:1.72)
     Duplicate class org.bouncycastle.operator.bc.BcDefaultDigestProvider$17 found in modules bcpkix-jdk15on-1.69.jar -> jetified-bcpkix-jdk15on-1.69 (org.bouncycastle:bcpkix-jdk15on:1.69) and bcpkix-jdk15to18-1.72.jar -> jetified-bcpkix-jdk15to18-1.72 (org.bouncycastle:bcpkix-jdk15to18:1.72)
     Duplicate class org.bouncycastle.operator.bc.BcDefaultDigestProvider$18 found in modules bcpkix-jdk15on-1.69.jar -> jetified-bcpkix-jdk15on-1.69 (org.bouncycastle:bcpkix-jdk15on:1.69) and bcpkix-jdk15to18-1.72.jar -> jetified-bcpkix-jdk15to18-1.72 (org.bouncycastle:bcpkix-jdk15to18:1.72)
     Duplicate class org.bouncycastle.operator.bc.BcDefaultDigestProvider$2 found in modules bcpkix-jdk15on-1.69.jar -> jetified-bcpkix-jdk15on-1.69 (org.bouncycastle:bcpkix-jdk15on:1.69) and bcpkix-jdk15to18-1.72.jar -> jetified-bcpkix-jdk15to18-1.72 (org.bouncycastle:bcpkix-jdk15to18:1.72)
     Duplicate class org.bouncycastle.operator.bc.BcDefaultDigestProvider$3 found in modules bcpkix-jdk15on-1.69.jar -> jetified-bcpkix-jdk15on-1.69 (org.bouncycastle:bcpkix-jdk15on:1.69) and bcpkix-jdk15to18-1.72.jar -> jetified-bcpkix-jdk15to18-1.72 (org.bouncycastle:bcpkix-jdk15to18:1.72)
     Duplicate class org.bouncycastle.operator.bc.BcDefaultDigestProvider$4 found in modules bcpkix-jdk15on-1.69.jar -> jetified-bcpkix-jdk15on-1.69 (org.bouncycastle:bcpkix-jdk15on:1.69) and bcpkix-jdk15to18-1.72.jar -> jetified-bcpkix-jdk15to18-1.72 (org.bouncycastle:bcpkix-jdk15to18:1.72)
     Duplicate class org.bouncycastle.operator.bc.BcDefaultDigestProvider$5 found in modules bcpkix-jdk15on-1.69.jar -> jetified-bcpkix-jdk15on-1.69 (org.bouncycastle:bcpkix-jdk15on:1.69) and bcpkix-jdk15to18-1.72.jar -> jetified-bcpkix-jdk15to18-1.72 (org.bouncycastle:bcpkix-jdk15to18:1.72)
     Duplicate class org.bouncycastle.operator.bc.BcDefaultDigestProvider$6 found in modules bcpkix-jdk15on-1.69.jar -> jetified-bcpkix-jdk15on-1.69 (org.bouncycastle:bcpkix-jdk15on:1.69) and bcpkix-jdk15to18-1.72.jar -> jetified-bcpkix-jdk15to18-1.72 (org.bouncycastle:bcpkix-jdk15to18:1.72)
     Duplicate class org.bouncycastle.operator.bc.BcDefaultDigestProvider$7 found in modules bcpkix-jdk15on-1.69.jar -> jetified-bcpkix-jdk15on-1.69 (org.bouncycastle:bcpkix-jdk15on:1.69) and bcpkix-jdk15to18-1.72.jar -> jetified-bcpkix-jdk15to18-1.72 (org.bouncycastle:bcpkix-jdk15to18:1.72)
     Duplicate class org.bouncycastle.operator.bc.BcDefaultDigestProvider$8 found in modules bcpkix-jdk15on-1.69.jar -> jetified-bcpkix-jdk15on-1.69 (org.bouncycastle:bcpkix-jdk15on:1.69) and bcpkix-jdk15to18-1.72.jar -> jetified-bcpkix-jdk15to18-1.72 (org.bouncycastle:bcpkix-jdk15to18:1.72)
     Duplicate class org.bouncycastle.operator.bc.BcDefaultDigestProvider$9 found in modules bcpkix-jdk15on-1.69.jar -> jetified-bcpkix-jdk15on-1.69 (org.bouncycastle:bcpkix-jdk15on:1.69) and bcpkix-jdk15to18-1.72.jar -> jetified-bcpkix-jdk15to18-1.72 (org.bouncycastle:bcpkix-jdk15to18:1.72)
     Duplicate class org.bouncycastle.operator.bc.BcDigestCalculatorProvider found in modules bcpkix-jdk15on-1.69.jar -> jetified-bcpkix-jdk15on-1.69 (org.bouncycastle:bcpkix-jdk15on:1.69) and bcpkix-jdk15to18-1.72.jar -> jetified-bcpkix-jdk15to18-1.72 (org.bouncycastle:bcpkix-jdk15to18:1.72)
     Duplicate class org.bouncycastle.operator.bc.BcDigestCalculatorProvider$1 found in modules bcpkix-jdk15on-1.69.jar -> jetified-bcpkix-jdk15on-1.69 (org.bouncycastle:bcpkix-jdk15on:1.69) and bcpkix-jdk15to18-1.72.jar -> jetified-bcpkix-jdk15to18-1.72 (org.bouncycastle:bcpkix-jdk15to18:1.72)
     Duplicate class org.bouncycastle.operator.bc.BcDigestCalculatorProvider$DigestOutputStream found in modules bcpkix-jdk15on-1.69.jar -> jetified-bcpkix-jdk15on-1.69 (org.bouncycastle:bcpkix-jdk15on:1.69) and bcpkix-jdk15to18-1.72.jar -> jetified-bcpkix-jdk15to18-1.72 (org.bouncycastle:bcpkix-jdk15to18:1.72)
     Duplicate class org.bouncycastle.operator.bc.BcDigestProvider found in modules bcpkix-jdk15on-1.69.jar -> jetified-bcpkix-jdk15on-1.69 (org.bouncycastle:bcpkix-jdk15on:1.69) and bcpkix-jdk15to18-1.72.jar -> jetified-bcpkix-jdk15to18-1.72 (org.bouncycastle:bcpkix-jdk15to18:1.72)
     Duplicate class org.bouncycastle.operator.bc.BcECContentSignerBuilder found in modules bcpkix-jdk15on-1.69.jar -> jetified-bcpkix-jdk15on-1.69 (org.bouncycastle:bcpkix-jdk15on:1.69) and bcpkix-jdk15to18-1.72.jar -> jetified-bcpkix-jdk15to18-1.72 (org.bouncycastle:bcpkix-jdk15to18:1.72)
     Duplicate class org.bouncycastle.operator.bc.BcECContentVerifierProviderBuilder found in modules bcpkix-jdk15on-1.69.jar -> jetified-bcpkix-jdk15on-1.69 (org.bouncycastle:bcpkix-jdk15on:1.69) and bcpkix-jdk15to18-1.72.jar -> jetified-bcpkix-jdk15to18-1.72 (org.bouncycastle:bcpkix-jdk15to18:1.72)
     Duplicate class org.bouncycastle.operator.bc.BcRSAAsymmetricKeyUnwrapper found in modules bcpkix-jdk15on-1.69.jar -> jetified-bcpkix-jdk15on-1.69 (org.bouncycastle:bcpkix-jdk15on:1.69) and bcpkix-jdk15to18-1.72.jar -> jetified-bcpkix-jdk15to18-1.72 (org.bouncycastle:bcpkix-jdk15to18:1.72)
     Duplicate class org.bouncycastle.operator.bc.BcRSAAsymmetricKeyWrapper found in modules bcpkix-jdk15on-1.69.jar -> jetified-bcpkix-jdk15on-1.69 (org.bouncycastle:bcpkix-jdk15on:1.69) and bcpkix-jdk15to18-1.72.jar -> jetified-bcpkix-jdk15to18-1.72 (org.bouncycastle:bcpkix-jdk15to18:1.72)
     Duplicate class org.bouncycastle.operator.bc.BcRSAContentSignerBuilder found in modules bcpkix-jdk15on-1.69.jar -> jetified-bcpkix-jdk15on-1.69 (org.bouncycastle:bcpkix-jdk15on:1.69) and bcpkix-jdk15to18-1.72.jar -> jetified-bcpkix-jdk15to18-1.72 (org.bouncycastle:bcpkix-jdk15to18:1.72)
     Duplicate class org.bouncycastle.operator.bc.BcRSAContentVerifierProviderBuilder found in modules bcpkix-jdk15on-1.69.jar -> jetified-bcpkix-jdk15on-1.69 (org.bouncycastle:bcpkix-jdk15on:1.69) and bcpkix-jdk15to18-1.72.jar -> jetified-bcpkix-jdk15to18-1.72 (org.bouncycastle:bcpkix-jdk15to18:1.72)
     Duplicate class org.bouncycastle.operator.bc.BcSignerOutputStream found in modules bcpkix-jdk15on-1.69.jar -> jetified-bcpkix-jdk15on-1.69 (org.bouncycastle:bcpkix-jdk15on:1.69) and bcpkix-jdk15to18-1.72.jar -> jetified-bcpkix-jdk15to18-1.72 (org.bouncycastle:bcpkix-jdk15to18:1.72)
     Duplicate class org.bouncycastle.operator.bc.BcSymmetricKeyUnwrapper found in modules bcpkix-jdk15on-1.69.jar -> jetified-bcpkix-jdk15on-1.69 (org.bouncycastle:bcpkix-jdk15on:1.69) and bcpkix-jdk15to18-1.72.jar -> jetified-bcpkix-jdk15to18-1.72 (org.bouncycastle:bcpkix-jdk15to18:1.72)
     Duplicate class org.bouncycastle.operator.bc.BcSymmetricKeyWrapper found in modules bcpkix-jdk15on-1.69.jar -> jetified-bcpkix-jdk15on-1.69 (org.bouncycastle:bcpkix-jdk15on:1.69) and bcpkix-jdk15to18-1.72.jar -> jetified-bcpkix-jdk15to18-1.72 (org.bouncycastle:bcpkix-jdk15to18:1.72)
     Duplicate class org.bouncycastle.operator.bc.CamelliaUtil found in modules bcpkix-jdk15on-1.69.jar -> jetified-bcpkix-jdk15on-1.69 (org.bouncycastle:bcpkix-jdk15on:1.69) and bcpkix-jdk15to18-1.72.jar -> jetified-bcpkix-jdk15to18-1.72 (org.bouncycastle:bcpkix-jdk15to18:1.72)
     Duplicate class org.bouncycastle.operator.bc.OperatorUtils found in modules bcpkix-jdk15on-1.69.jar -> jetified-bcpkix-jdk15on-1.69 (org.bouncycastle:bcpkix-jdk15on:1.69) and bcpkix-jdk15to18-1.72.jar -> jetified-bcpkix-jdk15to18-1.72 (org.bouncycastle:bcpkix-jdk15to18:1.72)
     Duplicate class org.bouncycastle.operator.bc.SEEDUtil found in modules bcpkix-jdk15on-1.69.jar -> jetified-bcpkix-jdk15on-1.69 (org.bouncycastle:bcpkix-jdk15on:1.69) and bcpkix-jdk15to18-1.72.jar -> jetified-bcpkix-jdk15to18-1.72 (org.bouncycastle:bcpkix-jdk15to18:1.72)
     Duplicate class org.bouncycastle.operator.jcajce.JcaAlgorithmParametersConverter found in modules bcpkix-jdk15on-1.69.jar -> jetified-bcpkix-jdk15on-1.69 (org.bouncycastle:bcpkix-jdk15on:1.69) and bcpkix-jdk15to18-1.72.jar -> jetified-bcpkix-jdk15to18-1.72 (org.bouncycastle:bcpkix-jdk15to18:1.72)
     Duplicate class org.bouncycastle.operator.jcajce.JcaContentSignerBuilder found in modules bcpkix-jdk15on-1.69.jar -> jetified-bcpkix-jdk15on-1.69 (org.bouncycastle:bcpkix-jdk15on:1.69) and bcpkix-jdk15to18-1.72.jar -> jetified-bcpkix-jdk15to18-1.72 (org.bouncycastle:bcpkix-jdk15to18:1.72)
     Duplicate class org.bouncycastle.operator.jcajce.JcaContentSignerBuilder$1 found in modules bcpkix-jdk15on-1.69.jar -> jetified-bcpkix-jdk15on-1.69 (org.bouncycastle:bcpkix-jdk15on:1.69) and bcpkix-jdk15to18-1.72.jar -> jetified-bcpkix-jdk15to18-1.72 (org.bouncycastle:bcpkix-jdk15to18:1.72)
     Duplicate class org.bouncycastle.operator.jcajce.JcaContentSignerBuilder$2 found in modules bcpkix-jdk15on-1.69.jar -> jetified-bcpkix-jdk15on-1.69 (org.bouncycastle:bcpkix-jdk15on:1.69) and bcpkix-jdk15to18-1.72.jar -> jetified-bcpkix-jdk15to18-1.72 (org.bouncycastle:bcpkix-jdk15to18:1.72)
     Duplicate class org.bouncycastle.operator.jcajce.JcaContentVerifierProviderBuilder found in modules bcpkix-jdk15on-1.69.jar -> jetified-bcpkix-jdk15on-1.69 (org.bouncycastle:bcpkix-jdk15on:1.69) and bcpkix-jdk15to18-1.72.jar -> jetified-bcpkix-jdk15to18-1.72 (org.bouncycastle:bcpkix-jdk15to18:1.72)
     Duplicate class org.bouncycastle.operator.jcajce.JcaContentVerifierProviderBuilder$1 found in modules bcpkix-jdk15on-1.69.jar -> jetified-bcpkix-jdk15on-1.69 (org.bouncycastle:bcpkix-jdk15on:1.69) and bcpkix-jdk15to18-1.72.jar -> jetified-bcpkix-jdk15to18-1.72 (org.bouncycastle:bcpkix-jdk15to18:1.72)
     Duplicate class org.bouncycastle.operator.jcajce.JcaContentVerifierProviderBuilder$2 found in modules bcpkix-jdk15on-1.69.jar -> jetified-bcpkix-jdk15on-1.69 (org.bouncycastle:bcpkix-jdk15on:1.69) and bcpkix-jdk15to18-1.72.jar -> jetified-bcpkix-jdk15to18-1.72 (org.bouncycastle:bcpkix-jdk15to18:1.72)
     Duplicate class org.bouncycastle.operator.jcajce.JcaContentVerifierProviderBuilder$CompositeVerifier found in modules bcpkix-jdk15on-1.69.jar -> jetified-bcpkix-jdk15on-1.69 (org.bouncycastle:bcpkix-jdk15on:1.69) and bcpkix-jdk15to18-1.72.jar -> jetified-bcpkix-jdk15to18-1.72 (org.bouncycastle:bcpkix-jdk15to18:1.72)
     Duplicate class org.bouncycastle.operator.jcajce.JcaContentVerifierProviderBuilder$RawSigVerifier found in modules bcpkix-jdk15on-1.69.jar -> jetified-bcpkix-jdk15on-1.69 (org.bouncycastle:bcpkix-jdk15on:1.69) and bcpkix-jdk15to18-1.72.jar -> jetified-bcpkix-jdk15to18-1.72 (org.bouncycastle:bcpkix-jdk15to18:1.72)
     Duplicate class org.bouncycastle.operator.jcajce.JcaContentVerifierProviderBuilder$SigVerifier found in modules bcpkix-jdk15on-1.69.jar -> jetified-bcpkix-jdk15on-1.69 (org.bouncycastle:bcpkix-jdk15on:1.69) and bcpkix-jdk15to18-1.72.jar -> jetified-bcpkix-jdk15to18-1.72 (org.bouncycastle:bcpkix-jdk15to18:1.72)
     Duplicate class org.bouncycastle.operator.jcajce.JcaDigestCalculatorProviderBuilder found in modules bcpkix-jdk15on-1.69.jar -> jetified-bcpkix-jdk15on-1.69 (org.bouncycastle:bcpkix-jdk15on:1.69) and bcpkix-jdk15to18-1.72.jar -> jetified-bcpkix-jdk15to18-1.72 (org.bouncycastle:bcpkix-jdk15to18:1.72)
     Duplicate class org.bouncycastle.operator.jcajce.JcaDigestCalculatorProviderBuilder$1 found in modules bcpkix-jdk15on-1.69.jar -> jetified-bcpkix-jdk15on-1.69 (org.bouncycastle:bcpkix-jdk15on:1.69) and bcpkix-jdk15to18-1.72.jar -> jetified-bcpkix-jdk15to18-1.72 (org.bouncycastle:bcpkix-jdk15to18:1.72)
     Duplicate class org.bouncycastle.operator.jcajce.JcaDigestCalculatorProviderBuilder$1$1 found in modules bcpkix-jdk15on-1.69.jar -> jetified-bcpkix-jdk15on-1.69 (org.bouncycastle:bcpkix-jdk15on:1.69) and bcpkix-jdk15to18-1.72.jar -> jetified-bcpkix-jdk15to18-1.72 (org.bouncycastle:bcpkix-jdk15to18:1.72)
     Duplicate class org.bouncycastle.operator.jcajce.JcaDigestCalculatorProviderBuilder$DigestOutputStream found in modules bcpkix-jdk15on-1.69.jar -> jetified-bcpkix-jdk15on-1.69 (org.bouncycastle:bcpkix-jdk15on:1.69) and bcpkix-jdk15to18-1.72.jar -> jetified-bcpkix-jdk15to18-1.72 (org.bouncycastle:bcpkix-jdk15to18:1.72)
     Duplicate class org.bouncycastle.operator.jcajce.JceAsymmetricKeyUnwrapper found in modules bcpkix-jdk15on-1.69.jar -> jetified-bcpkix-jdk15on-1.69 (org.bouncycastle:bcpkix-jdk15on:1.69) and bcpkix-jdk15to18-1.72.jar -> jetified-bcpkix-jdk15to18-1.72 (org.bouncycastle:bcpkix-jdk15to18:1.72)
     Duplicate class org.bouncycastle.operator.jcajce.JceAsymmetricKeyWrapper found in modules bcpkix-jdk15on-1.69.jar -> jetified-bcpkix-jdk15on-1.69 (org.bouncycastle:bcpkix-jdk15on:1.69) and bcpkix-jdk15to18-1.72.jar -> jetified-bcpkix-jdk15to18-1.72 (org.bouncycastle:bcpkix-jdk15to18:1.72)
     Duplicate class org.bouncycastle.operator.jcajce.JceGenericKey found in modules bcpkix-jdk15on-1.69.jar -> jetified-bcpkix-jdk15on-1.69 (org.bouncycastle:bcpkix-jdk15on:1.69) and bcpkix-jdk15to18-1.72.jar -> jetified-bcpkix-jdk15to18-1.72 (org.bouncycastle:bcpkix-jdk15to18:1.72)
     Duplicate class org.bouncycastle.operator.jcajce.JceInputDecryptorProviderBuilder found in modules bcpkix-jdk15on-1.69.jar -> jetified-bcpkix-jdk15on-1.69 (org.bouncycastle:bcpkix-jdk15on:1.69) and bcpkix-jdk15to18-1.72.jar -> jetified-bcpkix-jdk15to18-1.72 (org.bouncycastle:bcpkix-jdk15to18:1.72)
     Duplicate class org.bouncycastle.operator.jcajce.JceInputDecryptorProviderBuilder$1 found in modules bcpkix-jdk15on-1.69.jar -> jetified-bcpkix-jdk15on-1.69 (org.bouncycastle:bcpkix-jdk15on:1.69) and bcpkix-jdk15to18-1.72.jar -> jetified-bcpkix-jdk15to18-1.72 (org.bouncycastle:bcpkix-jdk15to18:1.72)
     Duplicate class org.bouncycastle.operator.jcajce.JceInputDecryptorProviderBuilder$1$1 found in modules bcpkix-jdk15on-1.69.jar -> jetified-bcpkix-jdk15on-1.69 (org.bouncycastle:bcpkix-jdk15on:1.69) and bcpkix-jdk15to18-1.72.jar -> jetified-bcpkix-jdk15to18-1.72 (org.bouncycastle:bcpkix-jdk15to18:1.72)
     Duplicate class org.bouncycastle.operator.jcajce.JceKTSKeyUnwrapper found in modules bcpkix-jdk15on-1.69.jar -> jetified-bcpkix-jdk15on-1.69 (org.bouncycastle:bcpkix-jdk15on:1.69) and bcpkix-jdk15to18-1.72.jar -> jetified-bcpkix-jdk15to18-1.72 (org.bouncycastle:bcpkix-jdk15to18:1.72)
     Duplicate class org.bouncycastle.operator.jcajce.JceKTSKeyWrapper found in modules bcpkix-jdk15on-1.69.jar -> jetified-bcpkix-jdk15on-1.69 (org.bouncycastle:bcpkix-jdk15on:1.69) and bcpkix-jdk15to18-1.72.jar -> jetified-bcpkix-jdk15to18-1.72 (org.bouncycastle:bcpkix-jdk15to18:1.72)
     Duplicate class org.bouncycastle.operator.jcajce.JceSymmetricKeyUnwrapper found in modules bcpkix-jdk15on-1.69.jar -> jetified-bcpkix-jdk15on-1.69 (org.bouncycastle:bcpkix-jdk15on:1.69) and bcpkix-jdk15to18-1.72.jar -> jetified-bcpkix-jdk15to18-1.72 (org.bouncycastle:bcpkix-jdk15to18:1.72)
     Duplicate class org.bouncycastle.operator.jcajce.JceSymmetricKeyWrapper found in modules bcpkix-jdk15on-1.69.jar -> jetified-bcpkix-jdk15on-1.69 (org.bouncycastle:bcpkix-jdk15on:1.69) and bcpkix-jdk15to18-1.72.jar -> jetified-bcpkix-jdk15to18-1.72 (org.bouncycastle:bcpkix-jdk15to18:1.72)
     Duplicate class org.bouncycastle.operator.jcajce.OperatorHelper found in modules bcpkix-jdk15on-1.69.jar -> jetified-bcpkix-jdk15on-1.69 (org.bouncycastle:bcpkix-jdk15on:1.69) and bcpkix-jdk15to18-1.72.jar -> jetified-bcpkix-jdk15to18-1.72 (org.bouncycastle:bcpkix-jdk15to18:1.72)
     Duplicate class org.bouncycastle.operator.jcajce.OperatorHelper$OpCertificateException found in modules bcpkix-jdk15on-1.69.jar -> jetified-bcpkix-jdk15on-1.69 (org.bouncycastle:bcpkix-jdk15on:1.69) and bcpkix-jdk15to18-1.72.jar -> jetified-bcpkix-jdk15to18-1.72 (org.bouncycastle:bcpkix-jdk15to18:1.72)
     Duplicate class org.bouncycastle.operator.jcajce.OperatorUtils found in modules bcpkix-jdk15on-1.69.jar -> jetified-bcpkix-jdk15on-1.69 (org.bouncycastle:bcpkix-jdk15on:1.69) and bcpkix-jdk15to18-1.72.jar -> jetified-bcpkix-jdk15to18-1.72 (org.bouncycastle:bcpkix-jdk15to18:1.72)
     Duplicate class org.bouncycastle.pkcs.MacDataGenerator found in modules bcpkix-jdk15on-1.69.jar -> jetified-bcpkix-jdk15on-1.69 (org.bouncycastle:bcpkix-jdk15on:1.69) and bcpkix-jdk15to18-1.72.jar -> jetified-bcpkix-jdk15to18-1.72 (org.bouncycastle:bcpkix-jdk15to18:1.72)
     Duplicate class org.bouncycastle.pkcs.PKCS10CertificationRequest found in modules bcpkix-jdk15on-1.69.jar -> jetified-bcpkix-jdk15on-1.69 (org.bouncycastle:bcpkix-jdk15on:1.69) and bcpkix-jdk15to18-1.72.jar -> jetified-bcpkix-jdk15to18-1.72 (org.bouncycastle:bcpkix-jdk15to18:1.72)
     Duplicate class org.bouncycastle.pkcs.PKCS10CertificationRequestBuilder found in modules bcpkix-jdk15on-1.69.jar -> jetified-bcpkix-jdk15on-1.69 (org.bouncycastle:bcpkix-jdk15on:1.69) and bcpkix-jdk15to18-1.72.jar -> jetified-bcpkix-jdk15to18-1.72 (org.bouncycastle:bcpkix-jdk15to18:1.72)
     Duplicate class org.bouncycastle.pkcs.PKCS12MacCalculatorBuilder found in modules bcpkix-jdk15on-1.69.jar -> jetified-bcpkix-jdk15on-1.69 (org.bouncycastle:bcpkix-jdk15on:1.69) and bcpkix-jdk15to18-1.72.jar -> jetified-bcpkix-jdk15to18-1.72 (org.bouncycastle:bcpkix-jdk15to18:1.72)
     Duplicate class org.bouncycastle.pkcs.PKCS12MacCalculatorBuilderProvider found in modules bcpkix-jdk15on-1.69.jar -> jetified-bcpkix-jdk15on-1.69 (org.bouncycastle:bcpkix-jdk15on:1.69) and bcpkix-jdk15to18-1.72.jar -> jetified-bcpkix-jdk15to18-1.72 (org.bouncycastle:bcpkix-jdk15to18:1.72)
     Duplicate class org.bouncycastle.pkcs.PKCS12PfxPdu found in modules bcpkix-jdk15on-1.69.jar -> jetified-bcpkix-jdk15on-1.69 (org.bouncycastle:bcpkix-jdk15on:1.69) and bcpkix-jdk15to18-1.72.jar -> jetified-bcpkix-jdk15to18-1.72 (org.bouncycastle:bcpkix-jdk15to18:1.72)
     Duplicate class org.bouncycastle.pkcs.PKCS12PfxPduBuilder found in modules bcpkix-jdk15on-1.69.jar -> jetified-bcpkix-jdk15on-1.69 (org.bouncycastle:bcpkix-jdk15on:1.69) and bcpkix-jdk15to18-1.72.jar -> jetified-bcpkix-jdk15to18-1.72 (org.bouncycastle:bcpkix-jdk15to18:1.72)
     Duplicate class org.bouncycastle.pkcs.PKCS12SafeBag found in modules bcpkix-jdk15on-1.69.jar -> jetified-bcpkix-jdk15on-1.69 (org.bouncycastle:bcpkix-jdk15on:1.69) and bcpkix-jdk15to18-1.72.jar -> jetified-bcpkix-jdk15to18-1.72 (org.bouncycastle:bcpkix-jdk15to18:1.72)
     Duplicate class org.bouncycastle.pkcs.PKCS12SafeBagBuilder found in modules bcpkix-jdk15on-1.69.jar -> jetified-bcpkix-jdk15on-1.69 (org.bouncycastle:bcpkix-jdk15on:1.69) and bcpkix-jdk15to18-1.72.jar -> jetified-bcpkix-jdk15to18-1.72 (org.bouncycastle:bcpkix-jdk15to18:1.72)
     Duplicate class org.bouncycastle.pkcs.PKCS12SafeBagFactory found in modules bcpkix-jdk15on-1.69.jar -> jetified-bcpkix-jdk15on-1.69 (org.bouncycastle:bcpkix-jdk15on:1.69) and bcpkix-jdk15to18-1.72.jar -> jetified-bcpkix-jdk15to18-1.72 (org.bouncycastle:bcpkix-jdk15to18:1.72)
     Duplicate class org.bouncycastle.pkcs.PKCS8EncryptedPrivateKeyInfo found in modules bcpkix-jdk15on-1.69.jar -> jetified-bcpkix-jdk15on-1.69 (org.bouncycastle:bcpkix-jdk15on:1.69) and bcpkix-jdk15to18-1.72.jar -> jetified-bcpkix-jdk15to18-1.72 (org.bouncycastle:bcpkix-jdk15to18:1.72)
     Duplicate class org.bouncycastle.pkcs.PKCS8EncryptedPrivateKeyInfoBuilder found in modules bcpkix-jdk15on-1.69.jar -> jetified-bcpkix-jdk15on-1.69 (org.bouncycastle:bcpkix-jdk15on:1.69) and bcpkix-jdk15to18-1.72.jar -> jetified-bcpkix-jdk15to18-1.72 (org.bouncycastle:bcpkix-jdk15to18:1.72)
     Duplicate class org.bouncycastle.pkcs.PKCSException found in modules bcpkix-jdk15on-1.69.jar -> jetified-bcpkix-jdk15on-1.69 (org.bouncycastle:bcpkix-jdk15on:1.69) and bcpkix-jdk15to18-1.72.jar -> jetified-bcpkix-jdk15to18-1.72 (org.bouncycastle:bcpkix-jdk15to18:1.72)
     Duplicate class org.bouncycastle.pkcs.PKCSIOException found in modules bcpkix-jdk15on-1.69.jar -> jetified-bcpkix-jdk15on-1.69 (org.bouncycastle:bcpkix-jdk15on:1.69) and bcpkix-jdk15to18-1.72.jar -> jetified-bcpkix-jdk15to18-1.72 (org.bouncycastle:bcpkix-jdk15to18:1.72)
     Duplicate class org.bouncycastle.pkcs.PKCSUtils found in modules bcpkix-jdk15on-1.69.jar -> jetified-bcpkix-jdk15on-1.69 (org.bouncycastle:bcpkix-jdk15on:1.69) and bcpkix-jdk15to18-1.72.jar -> jetified-bcpkix-jdk15to18-1.72 (org.bouncycastle:bcpkix-jdk15to18:1.72)
     Duplicate class org.bouncycastle.pkcs.bc.BcPKCS10CertificationRequest found in modules bcpkix-jdk15on-1.69.jar -> jetified-bcpkix-jdk15on-1.69 (org.bouncycastle:bcpkix-jdk15on:1.69) and bcpkix-jdk15to18-1.72.jar -> jetified-bcpkix-jdk15to18-1.72 (org.bouncycastle:bcpkix-jdk15to18:1.72)
     Duplicate class org.bouncycastle.pkcs.bc.BcPKCS10CertificationRequestBuilder found in modules bcpkix-jdk15on-1.69.jar -> jetified-bcpkix-jdk15on-1.69 (org.bouncycastle:bcpkix-jdk15on:1.69) and bcpkix-jdk15to18-1.72.jar -> jetified-bcpkix-jdk15to18-1.72 (org.bouncycastle:bcpkix-jdk15to18:1.72)
     Duplicate class org.bouncycastle.pkcs.bc.BcPKCS12MacCalculatorBuilder found in modules bcpkix-jdk15on-1.69.jar -> jetified-bcpkix-jdk15on-1.69 (org.bouncycastle:bcpkix-jdk15on:1.69) and bcpkix-jdk15to18-1.72.jar -> jetified-bcpkix-jdk15to18-1.72 (org.bouncycastle:bcpkix-jdk15to18:1.72)
     Duplicate class org.bouncycastle.pkcs.bc.BcPKCS12MacCalculatorBuilderProvider found in modules bcpkix-jdk15on-1.69.jar -> jetified-bcpkix-jdk15on-1.69 (org.bouncycastle:bcpkix-jdk15on:1.69) and bcpkix-jdk15to18-1.72.jar -> jetified-bcpkix-jdk15to18-1.72 (org.bouncycastle:bcpkix-jdk15to18:1.72)
     Duplicate class org.bouncycastle.pkcs.bc.BcPKCS12MacCalculatorBuilderProvider$1 found in modules bcpkix-jdk15on-1.69.jar -> jetified-bcpkix-jdk15on-1.69 (org.bouncycastle:bcpkix-jdk15on:1.69) and bcpkix-jdk15to18-1.72.jar -> jetified-bcpkix-jdk15to18-1.72 (org.bouncycastle:bcpkix-jdk15to18:1.72)
     Duplicate class org.bouncycastle.pkcs.bc.BcPKCS12PBEInputDecryptorProviderBuilder found in modules bcpkix-jdk15on-1.69.jar -> jetified-bcpkix-jdk15on-1.69 (org.bouncycastle:bcpkix-jdk15on:1.69) and bcpkix-jdk15to18-1.72.jar -> jetified-bcpkix-jdk15to18-1.72 (org.bouncycastle:bcpkix-jdk15to18:1.72)
     Duplicate class org.bouncycastle.pkcs.bc.BcPKCS12PBEInputDecryptorProviderBuilder$1 found in modules bcpkix-jdk15on-1.69.jar -> jetified-bcpkix-jdk15on-1.69 (org.bouncycastle:bcpkix-jdk15on:1.69) and bcpkix-jdk15to18-1.72.jar -> jetified-bcpkix-jdk15to18-1.72 (org.bouncycastle:bcpkix-jdk15to18:1.72)
     Duplicate class org.bouncycastle.pkcs.bc.BcPKCS12PBEInputDecryptorProviderBuilder$1$1 found in modules bcpkix-jdk15on-1.69.jar -> jetified-bcpkix-jdk15on-1.69 (org.bouncycastle:bcpkix-jdk15on:1.69) and bcpkix-jdk15to18-1.72.jar -> jetified-bcpkix-jdk15to18-1.72 (org.bouncycastle:bcpkix-jdk15to18:1.72)
     Duplicate class org.bouncycastle.pkcs.bc.BcPKCS12PBEOutputEncryptorBuilder found in modules bcpkix-jdk15on-1.69.jar -> jetified-bcpkix-jdk15on-1.69 (org.bouncycastle:bcpkix-jdk15on:1.69) and bcpkix-jdk15to18-1.72.jar -> jetified-bcpkix-jdk15to18-1.72 (org.bouncycastle:bcpkix-jdk15to18:1.72)
     Duplicate class org.bouncycastle.pkcs.bc.BcPKCS12PBEOutputEncryptorBuilder$1 found in modules bcpkix-jdk15on-1.69.jar -> jetified-bcpkix-jdk15on-1.69 (org.bouncycastle:bcpkix-jdk15on:1.69) and bcpkix-jdk15to18-1.72.jar -> jetified-bcpkix-jdk15to18-1.72 (org.bouncycastle:bcpkix-jdk15to18:1.72)
     Duplicate class org.bouncycastle.pkcs.bc.PKCS12PBEUtils found in modules bcpkix-jdk15on-1.69.jar -> jetified-bcpkix-jdk15on-1.69 (org.bouncycastle:bcpkix-jdk15on:1.69) and bcpkix-jdk15to18-1.72.jar -> jetified-bcpkix-jdk15to18-1.72 (org.bouncycastle:bcpkix-jdk15to18:1.72)
     Duplicate class org.bouncycastle.pkcs.bc.PKCS12PBEUtils$1 found in modules bcpkix-jdk15on-1.69.jar -> jetified-bcpkix-jdk15on-1.69 (org.bouncycastle:bcpkix-jdk15on:1.69) and bcpkix-jdk15to18-1.72.jar -> jetified-bcpkix-jdk15to18-1.72 (org.bouncycastle:bcpkix-jdk15to18:1.72)
     Duplicate class org.bouncycastle.pkcs.jcajce.JcaPKCS10CertificationRequest found in modules bcpkix-jdk15on-1.69.jar -> jetified-bcpkix-jdk15on-1.69 (org.bouncycastle:bcpkix-jdk15on:1.69) and bcpkix-jdk15to18-1.72.jar -> jetified-bcpkix-jdk15to18-1.72 (org.bouncycastle:bcpkix-jdk15to18:1.72)
     Duplicate class org.bouncycastle.pkcs.jcajce.JcaPKCS10CertificationRequestBuilder found in modules bcpkix-jdk15on-1.69.jar -> jetified-bcpkix-jdk15on-1.69 (org.bouncycastle:bcpkix-jdk15on:1.69) and bcpkix-jdk15to18-1.72.jar -> jetified-bcpkix-jdk15to18-1.72 (org.bouncycastle:bcpkix-jdk15to18:1.72)
     Duplicate class org.bouncycastle.pkcs.jcajce.JcaPKCS12SafeBagBuilder found in modules bcpkix-jdk15on-1.69.jar -> jetified-bcpkix-jdk15on-1.69 (org.bouncycastle:bcpkix-jdk15on:1.69) and bcpkix-jdk15to18-1.72.jar -> jetified-bcpkix-jdk15to18-1.72 (org.bouncycastle:bcpkix-jdk15to18:1.72)
     Duplicate class org.bouncycastle.pkcs.jcajce.JcaPKCS8EncryptedPrivateKeyInfoBuilder found in modules bcpkix-jdk15on-1.69.jar -> jetified-bcpkix-jdk15on-1.69 (org.bouncycastle:bcpkix-jdk15on:1.69) and bcpkix-jdk15to18-1.72.jar -> jetified-bcpkix-jdk15to18-1.72 (org.bouncycastle:bcpkix-jdk15to18:1.72)
     Duplicate class org.bouncycastle.pkcs.jcajce.JcePKCS12MacCalculatorBuilder found in modules bcpkix-jdk15on-1.69.jar -> jetified-bcpkix-jdk15on-1.69 (org.bouncycastle:bcpkix-jdk15on:1.69) and bcpkix-jdk15to18-1.72.jar -> jetified-bcpkix-jdk15to18-1.72 (org.bouncycastle:bcpkix-jdk15to18:1.72)
     Duplicate class org.bouncycastle.pkcs.jcajce.JcePKCS12MacCalculatorBuilder$1 found in modules bcpkix-jdk15on-1.69.jar -> jetified-bcpkix-jdk15on-1.69 (org.bouncycastle:bcpkix-jdk15on:1.69) and bcpkix-jdk15to18-1.72.jar -> jetified-bcpkix-jdk15to18-1.72 (org.bouncycastle:bcpkix-jdk15to18:1.72)
     Duplicate class org.bouncycastle.pkcs.jcajce.JcePKCS12MacCalculatorBuilderProvider found in modules bcpkix-jdk15on-1.69.jar -> jetified-bcpkix-jdk15on-1.69 (org.bouncycastle:bcpkix-jdk15on:1.69) and bcpkix-jdk15to18-1.72.jar -> jetified-bcpkix-jdk15to18-1.72 (org.bouncycastle:bcpkix-jdk15to18:1.72)
     Duplicate class org.bouncycastle.pkcs.jcajce.JcePKCS12MacCalculatorBuilderProvider$1 found in modules bcpkix-jdk15on-1.69.jar -> jetified-bcpkix-jdk15on-1.69 (org.bouncycastle:bcpkix-jdk15on:1.69) and bcpkix-jdk15to18-1.72.jar -> jetified-bcpkix-jdk15to18-1.72 (org.bouncycastle:bcpkix-jdk15to18:1.72)
     Duplicate class org.bouncycastle.pkcs.jcajce.JcePKCS12MacCalculatorBuilderProvider$1$1 found in modules bcpkix-jdk15on-1.69.jar -> jetified-bcpkix-jdk15on-1.69 (org.bouncycastle:bcpkix-jdk15on:1.69) and bcpkix-jdk15to18-1.72.jar -> jetified-bcpkix-jdk15to18-1.72 (org.bouncycastle:bcpkix-jdk15to18:1.72)
     Duplicate class org.bouncycastle.pkcs.jcajce.JcePKCSPBEInputDecryptorProviderBuilder found in modules bcpkix-jdk15on-1.69.jar -> jetified-bcpkix-jdk15on-1.69 (org.bouncycastle:bcpkix-jdk15on:1.69) and bcpkix-jdk15to18-1.72.jar -> jetified-bcpkix-jdk15to18-1.72 (org.bouncycastle:bcpkix-jdk15to18:1.72)
     Duplicate class org.bouncycastle.pkcs.jcajce.JcePKCSPBEInputDecryptorProviderBuilder$1 found in modules bcpkix-jdk15on-1.69.jar -> jetified-bcpkix-jdk15on-1.69 (org.bouncycastle:bcpkix-jdk15on:1.69) and bcpkix-jdk15to18-1.72.jar -> jetified-bcpkix-jdk15to18-1.72 (org.bouncycastle:bcpkix-jdk15to18:1.72)
     Duplicate class org.bouncycastle.pkcs.jcajce.JcePKCSPBEInputDecryptorProviderBuilder$1$1 found in modules bcpkix-jdk15on-1.69.jar -> jetified-bcpkix-jdk15on-1.69 (org.bouncycastle:bcpkix-jdk15on:1.69) and bcpkix-jdk15to18-1.72.jar -> jetified-bcpkix-jdk15to18-1.72 (org.bouncycastle:bcpkix-jdk15to18:1.72)
     Duplicate class org.bouncycastle.pkcs.jcajce.JcePKCSPBEOutputEncryptorBuilder found in modules bcpkix-jdk15on-1.69.jar -> jetified-bcpkix-jdk15on-1.69 (org.bouncycastle:bcpkix-jdk15on:1.69) and bcpkix-jdk15to18-1.72.jar -> jetified-bcpkix-jdk15to18-1.72 (org.bouncycastle:bcpkix-jdk15to18:1.72)
     Duplicate class org.bouncycastle.pkcs.jcajce.JcePKCSPBEOutputEncryptorBuilder$1 found in modules bcpkix-jdk15on-1.69.jar -> jetified-bcpkix-jdk15on-1.69 (org.bouncycastle:bcpkix-jdk15on:1.69) and bcpkix-jdk15to18-1.72.jar -> jetified-bcpkix-jdk15to18-1.72 (org.bouncycastle:bcpkix-jdk15to18:1.72)
     Duplicate class org.bouncycastle.pkcs.jcajce.JceUtils found in modules bcpkix-jdk15on-1.69.jar -> jetified-bcpkix-jdk15on-1.69 (org.bouncycastle:bcpkix-jdk15on:1.69) and bcpkix-jdk15to18-1.72.jar -> jetified-bcpkix-jdk15to18-1.72 (org.bouncycastle:bcpkix-jdk15to18:1.72)
     Duplicate class org.bouncycastle.pkix.PKIXIdentity found in modules bcpkix-jdk15on-1.69.jar -> jetified-bcpkix-jdk15on-1.69 (org.bouncycastle:bcpkix-jdk15on:1.69) and bcpkix-jdk15to18-1.72.jar -> jetified-bcpkix-jdk15to18-1.72 (org.bouncycastle:bcpkix-jdk15to18:1.72)
     Duplicate class org.bouncycastle.pkix.jcajce.AnnotatedException found in modules bcpkix-jdk15on-1.69.jar -> jetified-bcpkix-jdk15on-1.69 (org.bouncycastle:bcpkix-jdk15on:1.69) and bcpkix-jdk15to18-1.72.jar -> jetified-bcpkix-jdk15to18-1.72 (org.bouncycastle:bcpkix-jdk15to18:1.72)
     Duplicate class org.bouncycastle.pkix.jcajce.CRLNotFoundException found in modules bcpkix-jdk15on-1.69.jar -> jetified-bcpkix-jdk15on-1.69 (org.bouncycastle:bcpkix-jdk15on:1.69) and bcpkix-jdk15to18-1.72.jar -> jetified-bcpkix-jdk15to18-1.72 (org.bouncycastle:bcpkix-jdk15to18:1.72)
     Duplicate class org.bouncycastle.pkix.jcajce.CertStatus found in modules bcpkix-jdk15on-1.69.jar -> jetified-bcpkix-jdk15on-1.69 (org.bouncycastle:bcpkix-jdk15on:1.69) and bcpkix-jdk15to18-1.72.jar -> jetified-bcpkix-jdk15to18-1.72 (org.bouncycastle:bcpkix-jdk15to18:1.72)
     Duplicate class org.bouncycastle.pkix.jcajce.JcaPKIXIdentity found in modules bcpkix-jdk15on-1.69.jar -> jetified-bcpkix-jdk15on-1.69 (org.bouncycastle:bcpkix-jdk15on:1.69) and bcpkix-jdk15to18-1.72.jar -> jetified-bcpkix-jdk15to18-1.72 (org.bouncycastle:bcpkix-jdk15to18:1.72)
     Duplicate class org.bouncycastle.pkix.jcajce.PKIXCRLUtil found in modules bcpkix-jdk15on-1.69.jar -> jetified-bcpkix-jdk15on-1.69 (org.bouncycastle:bcpkix-jdk15on:1.69) and bcpkix-jdk15to18-1.72.jar -> jetified-bcpkix-jdk15to18-1.72 (org.bouncycastle:bcpkix-jdk15to18:1.72)
     Duplicate class org.bouncycastle.pkix.jcajce.RFC3280CertPathUtilities found in modules bcpkix-jdk15on-1.69.jar -> jetified-bcpkix-jdk15on-1.69 (org.bouncycastle:bcpkix-jdk15on:1.69) and bcpkix-jdk15to18-1.72.jar -> jetified-bcpkix-jdk15to18-1.72 (org.bouncycastle:bcpkix-jdk15to18:1.72)
     Duplicate class org.bouncycastle.pkix.jcajce.ReasonsMask found in modules bcpkix-jdk15on-1.69.jar -> jetified-bcpkix-jdk15on-1.69 (org.bouncycastle:bcpkix-jdk15on:1.69) and bcpkix-jdk15to18-1.72.jar -> jetified-bcpkix-jdk15to18-1.72 (org.bouncycastle:bcpkix-jdk15to18:1.72)
     Duplicate class org.bouncycastle.pkix.jcajce.RevocationUtilities found in modules bcpkix-jdk15on-1.69.jar -> jetified-bcpkix-jdk15on-1.69 (org.bouncycastle:bcpkix-jdk15on:1.69) and bcpkix-jdk15to18-1.72.jar -> jetified-bcpkix-jdk15to18-1.72 (org.bouncycastle:bcpkix-jdk15to18:1.72)
     Duplicate class org.bouncycastle.pkix.jcajce.X509RevocationChecker found in modules bcpkix-jdk15on-1.69.jar -> jetified-bcpkix-jdk15on-1.69 (org.bouncycastle:bcpkix-jdk15on:1.69) and bcpkix-jdk15to18-1.72.jar -> jetified-bcpkix-jdk15to18-1.72 (org.bouncycastle:bcpkix-jdk15to18:1.72)
     Duplicate class org.bouncycastle.pkix.jcajce.X509RevocationChecker$1 found in modules bcpkix-jdk15on-1.69.jar -> jetified-bcpkix-jdk15on-1.69 (org.bouncycastle:bcpkix-jdk15on:1.69) and bcpkix-jdk15to18-1.72.jar -> jetified-bcpkix-jdk15to18-1.72 (org.bouncycastle:bcpkix-jdk15to18:1.72)
     Duplicate class org.bouncycastle.pkix.jcajce.X509RevocationChecker$2 found in modules bcpkix-jdk15on-1.69.jar -> jetified-bcpkix-jdk15on-1.69 (org.bouncycastle:bcpkix-jdk15on:1.69) and bcpkix-jdk15to18-1.72.jar -> jetified-bcpkix-jdk15to18-1.72 (org.bouncycastle:bcpkix-jdk15to18:1.72)
     Duplicate class org.bouncycastle.pkix.jcajce.X509RevocationChecker$Builder found in modules bcpkix-jdk15on-1.69.jar -> jetified-bcpkix-jdk15on-1.69 (org.bouncycastle:bcpkix-jdk15on:1.69) and bcpkix-jdk15to18-1.72.jar -> jetified-bcpkix-jdk15to18-1.72 (org.bouncycastle:bcpkix-jdk15to18:1.72)
     Duplicate class org.bouncycastle.pkix.jcajce.X509RevocationChecker$LocalCRLStore found in modules bcpkix-jdk15on-1.69.jar -> jetified-bcpkix-jdk15on-1.69 (org.bouncycastle:bcpkix-jdk15on:1.69) and bcpkix-jdk15to18-1.72.jar -> jetified-bcpkix-jdk15to18-1.72 (org.bouncycastle:bcpkix-jdk15to18:1.72)
     Duplicate class org.bouncycastle.tsp.GenTimeAccuracy found in modules bcpkix-jdk15on-1.69.jar -> jetified-bcpkix-jdk15on-1.69 (org.bouncycastle:bcpkix-jdk15on:1.69) and bcpkix-jdk15to18-1.72.jar -> jetified-bcpkix-jdk15to18-1.72 (org.bouncycastle:bcpkix-jdk15to18:1.72)
     Duplicate class org.bouncycastle.tsp.TSPAlgorithms found in modules bcpkix-jdk15on-1.69.jar -> jetified-bcpkix-jdk15on-1.69 (org.bouncycastle:bcpkix-jdk15on:1.69) and bcpkix-jdk15to18-1.72.jar -> jetified-bcpkix-jdk15to18-1.72 (org.bouncycastle:bcpkix-jdk15to18:1.72)
     Duplicate class org.bouncycastle.tsp.TSPException found in modules bcpkix-jdk15on-1.69.jar -> jetified-bcpkix-jdk15on-1.69 (org.bouncycastle:bcpkix-jdk15on:1.69) and bcpkix-jdk15to18-1.72.jar -> jetified-bcpkix-jdk15to18-1.72 (org.bouncycastle:bcpkix-jdk15to18:1.72)
     Duplicate class org.bouncycastle.tsp.TSPIOException found in modules bcpkix-jdk15on-1.69.jar -> jetified-bcpkix-jdk15on-1.69 (org.bouncycastle:bcpkix-jdk15on:1.69) and bcpkix-jdk15to18-1.72.jar -> jetified-bcpkix-jdk15to18-1.72 (org.bouncycastle:bcpkix-jdk15to18:1.72)
     Duplicate class org.bouncycastle.tsp.TSPUtil found in modules bcpkix-jdk15on-1.69.jar -> jetified-bcpkix-jdk15on-1.69 (org.bouncycastle:bcpkix-jdk15on:1.69) and bcpkix-jdk15to18-1.72.jar -> jetified-bcpkix-jdk15to18-1.72 (org.bouncycastle:bcpkix-jdk15to18:1.72)
     Duplicate class org.bouncycastle.tsp.TSPValidationException found in modules bcpkix-jdk15on-1.69.jar -> jetified-bcpkix-jdk15on-1.69 (org.bouncycastle:bcpkix-jdk15on:1.69) and bcpkix-jdk15to18-1.72.jar -> jetified-bcpkix-jdk15to18-1.72 (org.bouncycastle:bcpkix-jdk15to18:1.72)
     Duplicate class org.bouncycastle.tsp.TimeStampRequest found in modules bcpkix-jdk15on-1.69.jar -> jetified-bcpkix-jdk15on-1.69 (org.bouncycastle:bcpkix-jdk15on:1.69) and bcpkix-jdk15to18-1.72.jar -> jetified-bcpkix-jdk15to18-1.72 (org.bouncycastle:bcpkix-jdk15to18:1.72)
     Duplicate class org.bouncycastle.tsp.TimeStampRequestGenerator found in modules bcpkix-jdk15on-1.69.jar -> jetified-bcpkix-jdk15on-1.69 (org.bouncycastle:bcpkix-jdk15on:1.69) and bcpkix-jdk15to18-1.72.jar -> jetified-bcpkix-jdk15to18-1.72 (org.bouncycastle:bcpkix-jdk15to18:1.72)
     Duplicate class org.bouncycastle.tsp.TimeStampResponse found in modules bcpkix-jdk15on-1.69.jar -> jetified-bcpkix-jdk15on-1.69 (org.bouncycastle:bcpkix-jdk15on:1.69) and bcpkix-jdk15to18-1.72.jar -> jetified-bcpkix-jdk15to18-1.72 (org.bouncycastle:bcpkix-jdk15to18:1.72)
     Duplicate class org.bouncycastle.tsp.TimeStampResponseGenerator found in modules bcpkix-jdk15on-1.69.jar -> jetified-bcpkix-jdk15on-1.69 (org.bouncycastle:bcpkix-jdk15on:1.69) and bcpkix-jdk15to18-1.72.jar -> jetified-bcpkix-jdk15to18-1.72 (org.bouncycastle:bcpkix-jdk15to18:1.72)
     Duplicate class org.bouncycastle.tsp.TimeStampResponseGenerator$FailInfo found in modules bcpkix-jdk15on-1.69.jar -> jetified-bcpkix-jdk15on-1.69 (org.bouncycastle:bcpkix-jdk15on:1.69) and bcpkix-jdk15to18-1.72.jar -> jetified-bcpkix-jdk15to18-1.72 (org.bouncycastle:bcpkix-jdk15to18:1.72)
     Duplicate class org.bouncycastle.tsp.TimeStampToken found in modules bcpkix-jdk15on-1.69.jar -> jetified-bcpkix-jdk15on-1.69 (org.bouncycastle:bcpkix-jdk15on:1.69) and bcpkix-jdk15to18-1.72.jar -> jetified-bcpkix-jdk15to18-1.72 (org.bouncycastle:bcpkix-jdk15to18:1.72)
     Duplicate class org.bouncycastle.tsp.TimeStampToken$CertID found in modules bcpkix-jdk15on-1.69.jar -> jetified-bcpkix-jdk15on-1.69 (org.bouncycastle:bcpkix-jdk15on:1.69) and bcpkix-jdk15to18-1.72.jar -> jetified-bcpkix-jdk15to18-1.72 (org.bouncycastle:bcpkix-jdk15to18:1.72)
     Duplicate class org.bouncycastle.tsp.TimeStampTokenGenerator found in modules bcpkix-jdk15on-1.69.jar -> jetified-bcpkix-jdk15on-1.69 (org.bouncycastle:bcpkix-jdk15on:1.69) and bcpkix-jdk15to18-1.72.jar -> jetified-bcpkix-jdk15to18-1.72 (org.bouncycastle:bcpkix-jdk15to18:1.72)
     Duplicate class org.bouncycastle.tsp.TimeStampTokenGenerator$1 found in modules bcpkix-jdk15on-1.69.jar -> jetified-bcpkix-jdk15on-1.69 (org.bouncycastle:bcpkix-jdk15on:1.69) and bcpkix-jdk15to18-1.72.jar -> jetified-bcpkix-jdk15to18-1.72 (org.bouncycastle:bcpkix-jdk15to18:1.72)
     Duplicate class org.bouncycastle.tsp.TimeStampTokenGenerator$2 found in modules bcpkix-jdk15on-1.69.jar -> jetified-bcpkix-jdk15on-1.69 (org.bouncycastle:bcpkix-jdk15on:1.69) and bcpkix-jdk15to18-1.72.jar -> jetified-bcpkix-jdk15to18-1.72 (org.bouncycastle:bcpkix-jdk15to18:1.72)
     Duplicate class org.bouncycastle.tsp.TimeStampTokenInfo found in modules bcpkix-jdk15on-1.69.jar -> jetified-bcpkix-jdk15on-1.69 (org.bouncycastle:bcpkix-jdk15on:1.69) and bcpkix-jdk15to18-1.72.jar -> jetified-bcpkix-jdk15to18-1.72 (org.bouncycastle:bcpkix-jdk15to18:1.72)
     Duplicate class org.bouncycastle.tsp.cms.CMSTimeStampedData found in modules bcpkix-jdk15on-1.69.jar -> jetified-bcpkix-jdk15on-1.69 (org.bouncycastle:bcpkix-jdk15on:1.69) and bcpkix-jdk15to18-1.72.jar -> jetified-bcpkix-jdk15to18-1.72 (org.bouncycastle:bcpkix-jdk15to18:1.72)
     Duplicate class org.bouncycastle.tsp.cms.CMSTimeStampedDataGenerator found in modules bcpkix-jdk15on-1.69.jar -> jetified-bcpkix-jdk15on-1.69 (org.bouncycastle:bcpkix-jdk15on:1.69) and bcpkix-jdk15to18-1.72.jar -> jetified-bcpkix-jdk15to18-1.72 (org.bouncycastle:bcpkix-jdk15to18:1.72)
     Duplicate class org.bouncycastle.tsp.cms.CMSTimeStampedDataParser found in modules bcpkix-jdk15on-1.69.jar -> jetified-bcpkix-jdk15on-1.69 (org.bouncycastle:bcpkix-jdk15on:1.69) and bcpkix-jdk15to18-1.72.jar -> jetified-bcpkix-jdk15to18-1.72 (org.bouncycastle:bcpkix-jdk15to18:1.72)
     Duplicate class org.bouncycastle.tsp.cms.CMSTimeStampedGenerator found in modules bcpkix-jdk15on-1.69.jar -> jetified-bcpkix-jdk15on-1.69 (org.bouncycastle:bcpkix-jdk15on:1.69) and bcpkix-jdk15to18-1.72.jar -> jetified-bcpkix-jdk15to18-1.72 (org.bouncycastle:bcpkix-jdk15to18:1.72)
     Duplicate class org.bouncycastle.tsp.cms.ImprintDigestInvalidException found in modules bcpkix-jdk15on-1.69.jar -> jetified-bcpkix-jdk15on-1.69 (org.bouncycastle:bcpkix-jdk15on:1.69) and bcpkix-jdk15to18-1.72.jar -> jetified-bcpkix-jdk15to18-1.72 (org.bouncycastle:bcpkix-jdk15to18:1.72)
     Duplicate class org.bouncycastle.tsp.cms.MetaDataUtil found in modules bcpkix-jdk15on-1.69.jar -> jetified-bcpkix-jdk15on-1.69 (org.bouncycastle:bcpkix-jdk15on:1.69) and bcpkix-jdk15to18-1.72.jar -> jetified-bcpkix-jdk15to18-1.72 (org.bouncycastle:bcpkix-jdk15to18:1.72)
     Duplicate class org.bouncycastle.tsp.cms.TimeStampDataUtil found in modules bcpkix-jdk15on-1.69.jar -> jetified-bcpkix-jdk15on-1.69 (org.bouncycastle:bcpkix-jdk15on:1.69) and bcpkix-jdk15to18-1.72.jar -> jetified-bcpkix-jdk15to18-1.72 (org.bouncycastle:bcpkix-jdk15to18:1.72)
     Duplicate class org.bouncycastle.tsp.ers.ArchiveTimeStampValidationException found in modules bcpkix-jdk15on-1.69.jar -> jetified-bcpkix-jdk15on-1.69 (org.bouncycastle:bcpkix-jdk15on:1.69) and bcpkix-jdk15to18-1.72.jar -> jetified-bcpkix-jdk15to18-1.72 (org.bouncycastle:bcpkix-jdk15to18:1.72)
     Duplicate class org.bouncycastle.tsp.ers.BinaryTreeRootCalculator found in modules bcpkix-jdk15on-1.69.jar -> jetified-bcpkix-jdk15on-1.69 (org.bouncycastle:bcpkix-jdk15on:1.69) and bcpkix-jdk15to18-1.72.jar -> jetified-bcpkix-jdk15to18-1.72 (org.bouncycastle:bcpkix-jdk15to18:1.72)
     Duplicate class org.bouncycastle.tsp.ers.ByteArrayComparator found in modules bcpkix-jdk15on-1.69.jar -> jetified-bcpkix-jdk15on-1.69 (org.bouncycastle:bcpkix-jdk15on:1.69) and bcpkix-jdk15to18-1.72.jar -> jetified-bcpkix-jdk15to18-1.72 (org.bouncycastle:bcpkix-jdk15to18:1.72)
     Duplicate class org.bouncycastle.tsp.ers.ERSArchiveTimeStamp found in modules bcpkix-jdk15on-1.69.jar -> jetified-bcpkix-jdk15on-1.69 (org.bouncycastle:bcpkix-jdk15on:1.69) and bcpkix-jdk15to18-1.72.jar -> jetified-bcpkix-jdk15to18-1.72 (org.bouncycastle:bcpkix-jdk15to18:1.72)
     Duplicate class org.bouncycastle.tsp.ers.ERSArchiveTimeStampGenerator found in modules bcpkix-jdk15on-1.69.jar -> jetified-bcpkix-jdk15on-1.69 (org.bouncycastle:bcpkix-jdk15on:1.69) and bcpkix-jdk15to18-1.72.jar -> jetified-bcpkix-jdk15to18-1.72 (org.bouncycastle:bcpkix-jdk15to18:1.72)
     Duplicate class org.bouncycastle.tsp.ers.ERSByteData found in modules bcpkix-jdk15on-1.69.jar -> jetified-bcpkix-jdk15on-1.69 (org.bouncycastle:bcpkix-jdk15on:1.69) and bcpkix-jdk15to18-1.72.jar -> jetified-bcpkix-jdk15to18-1.72 (org.bouncycastle:bcpkix-jdk15to18:1.72)
     Duplicate class org.bouncycastle.tsp.ers.ERSCachingData found in modules bcpkix-jdk15on-1.69.jar -> jetified-bcpkix-jdk15on-1.69 (org.bouncycastle:bcpkix-jdk15on:1.69) and bcpkix-jdk15to18-1.72.jar -> jetified-bcpkix-jdk15to18-1.72 (org.bouncycastle:bcpkix-jdk15to18:1.72)
     Duplicate class org.bouncycastle.tsp.ers.ERSData found in modules bcpkix-jdk15on-1.69.jar -> jetified-bcpkix-jdk15on-1.69 (org.bouncycastle:bcpkix-jdk15on:1.69) and bcpkix-jdk15to18-1.72.jar -> jetified-bcpkix-jdk15to18-1.72 (org.bouncycastle:bcpkix-jdk15to18:1.72)
     Duplicate class org.bouncycastle.tsp.ers.ERSDataGroup found in modules bcpkix-jdk15on-1.69.jar -> jetified-bcpkix-jdk15on-1.69 (org.bouncycastle:bcpkix-jdk15on:1.69) and bcpkix-jdk15to18-1.72.jar -> jetified-bcpkix-jdk15to18-1.72 (org.bouncycastle:bcpkix-jdk15to18:1.72)
     Duplicate class org.bouncycastle.tsp.ers.ERSDirectoryDataGroup found in modules bcpkix-jdk15on-1.69.jar -> jetified-bcpkix-jdk15on-1.69 (org.bouncycastle:bcpkix-jdk15on:1.69) and bcpkix-jdk15to18-1.72.jar -> jetified-bcpkix-jdk15to18-1.72 (org.bouncycastle:bcpkix-jdk15to18:1.72)
     Duplicate class org.bouncycastle.tsp.ers.ERSEvidenceRecord found in modules bcpkix-jdk15on-1.69.jar -> jetified-bcpkix-jdk15on-1.69 (org.bouncycastle:bcpkix-jdk15on:1.69) and bcpkix-jdk15to18-1.72.jar -> jetified-bcpkix-jdk15to18-1.72 (org.bouncycastle:bcpkix-jdk15to18:1.72)
     Duplicate class org.bouncycastle.tsp.ers.ERSEvidenceRecordGenerator found in modules bcpkix-jdk15on-1.69.jar -> jetified-bcpkix-jdk15on-1.69 (org.bouncycastle:bcpkix-jdk15on:1.69) and bcpkix-jdk15to18-1.72.jar -> jetified-bcpkix-jdk15to18-1.72 (org.bouncycastle:bcpkix-jdk15to18:1.72)
     Duplicate class org.bouncycastle.tsp.ers.ERSException found in modules bcpkix-jdk15on-1.69.jar -> jetified-bcpkix-jdk15on-1.69 (org.bouncycastle:bcpkix-jdk15on:1.69) and bcpkix-jdk15to18-1.72.jar -> jetified-bcpkix-jdk15to18-1.72 (org.bouncycastle:bcpkix-jdk15to18:1.72)
     Duplicate class org.bouncycastle.tsp.ers.ERSFileData found in modules bcpkix-jdk15on-1.69.jar -> jetified-bcpkix-jdk15on-1.69 (org.bouncycastle:bcpkix-jdk15on:1.69) and bcpkix-jdk15to18-1.72.jar -> jetified-bcpkix-jdk15to18-1.72 (org.bouncycastle:bcpkix-jdk15to18:1.72)
     Duplicate class org.bouncycastle.tsp.ers.ERSInputStreamData found in modules bcpkix-jdk15on-1.69.jar -> jetified-bcpkix-jdk15on-1.69 (org.bouncycastle:bcpkix-jdk15on:1.69) and bcpkix-jdk15to18-1.72.jar -> jetified-bcpkix-jdk15to18-1.72 (org.bouncycastle:bcpkix-jdk15to18:1.72)
     Duplicate class org.bouncycastle.tsp.ers.ERSRootNodeCalculator found in modules bcpkix-jdk15on-1.69.jar -> jetified-bcpkix-jdk15on-1.69 (org.bouncycastle:bcpkix-jdk15on:1.69) and bcpkix-jdk15to18-1.72.jar -> jetified-bcpkix-jdk15to18-1.72 (org.bouncycastle:bcpkix-jdk15to18:1.72)
     Duplicate class org.bouncycastle.tsp.ers.ERSUtil found in modules bcpkix-jdk15on-1.69.jar -> jetified-bcpkix-jdk15on-1.69 (org.bouncycastle:bcpkix-jdk15on:1.69) and bcpkix-jdk15to18-1.72.jar -> jetified-bcpkix-jdk15to18-1.72 (org.bouncycastle:bcpkix-jdk15to18:1.72)
     Duplicate class org.bouncycastle.tsp.ers.ExpUtil found in modules bcpkix-jdk15on-1.69.jar -> jetified-bcpkix-jdk15on-1.69 (org.bouncycastle:bcpkix-jdk15on:1.69) and bcpkix-jdk15to18-1.72.jar -> jetified-bcpkix-jdk15to18-1.72 (org.bouncycastle:bcpkix-jdk15to18:1.72)
     Duplicate class org.bouncycastle.tsp.ers.PartialHashTreeVerificationException found in modules bcpkix-jdk15on-1.69.jar -> jetified-bcpkix-jdk15on-1.69 (org.bouncycastle:bcpkix-jdk15on:1.69) and bcpkix-jdk15to18-1.72.jar -> jetified-bcpkix-jdk15to18-1.72 (org.bouncycastle:bcpkix-jdk15to18:1.72)
     Duplicate class org.bouncycastle.tsp.ers.SortedHashList found in modules bcpkix-jdk15on-1.69.jar -> jetified-bcpkix-jdk15on-1.69 (org.bouncycastle:bcpkix-jdk15on:1.69) and bcpkix-jdk15to18-1.72.jar -> jetified-bcpkix-jdk15to18-1.72 (org.bouncycastle:bcpkix-jdk15to18:1.72)
     Duplicate class org.bouncycastle.voms.VOMSAttribute found in modules bcpkix-jdk15on-1.69.jar -> jetified-bcpkix-jdk15on-1.69 (org.bouncycastle:bcpkix-jdk15on:1.69) and bcpkix-jdk15to18-1.72.jar -> jetified-bcpkix-jdk15to18-1.72 (org.bouncycastle:bcpkix-jdk15to18:1.72)
     Duplicate class org.bouncycastle.voms.VOMSAttribute$FQAN found in modules bcpkix-jdk15on-1.69.jar -> jetified-bcpkix-jdk15on-1.69 (org.bouncycastle:bcpkix-jdk15on:1.69) and bcpkix-jdk15to18-1.72.jar -> jetified-bcpkix-jdk15to18-1.72 (org.bouncycastle:bcpkix-jdk15to18:1.72)
     
     Learn how to fix dependency resolution errors at https://d.android.com/r/tools/classpath-sync-errors

* Try:
> Run with --stacktrace option to get the stack trace.
> Run with --info or --debug option to get more log output.
> Run with --scan to get full insights.
> Get more help at https://help.gradle.org.

Deprecated Gradle features were used in this build, making it incompatible with Gradle 9.0.

You can use '--warning-mode all' to show the individual deprecation warnings and determine if they come from your own scripts or plugins.

For more on this, please refer to https://docs.gradle.org/8.14.1/userguide/command_line_interface.html#sec:command_line_warnings in the Gradle documentation.

BUILD FAILED in 17s
369 actionable tasks: 15 executed, 354 up-to-date
